first_seen_at,title,channel,url,published_at,first_seen_views,first_seen_velocity,peak_velocity,peak_views,last_seen_at,last_views
2026-07-01T04:17:10Z,Хватит ли 300 ремней? Poe2,ToxaPepel,https://www.youtube.com/watch?v=gZjtpUbDHac,2026-06-30T12:53:45Z,1551,100.78,161.95,4195,2026-07-01T14:47:57Z,4195
2026-07-01T04:17:10Z,Stop Dying in Path of Exile 2 (Works for EVERY Build),Jazzarus,https://www.youtube.com/watch?v=z86JJD6ih5w,2026-06-30T16:45:01Z,1312,113.73,114.83,2288,2026-07-01T14:47:57Z,2288
2026-07-01T04:17:10Z,Poe2 0.5 운수 좋은 날 #Shorts #poe2 #패스오브엑자일2,초인 TheGamer,https://www.youtube.com/watch?v=wrX91bn3VsI,2026-06-30T14:17:16Z,2037,145.51,192.64,3796,2026-07-01T09:59:35Z,3796
2026-07-01T04:17:10Z,Complete Frostbolt Cast on Crit Endgame Build | Path of Exile 2,Scorpius,https://www.youtube.com/watch?v=qC_UKD1Npsw,2026-06-30T10:54:21Z,3061,176.12,176.12,4165,2026-07-01T14:47:57Z,4165
2026-07-01T04:17:10Z,【PoE2 0.5】VOICES 欲しい DAY7 - Path of Exile 2 !build !moba !Discord,[CCG] Circus Circle Games,https://www.youtube.com/watch?v=kGW_OOpLsJQ,2026-06-30T18:25:39Z,1872,189.88,189.88,2052,2026-07-01T14:47:57Z,2052
2026-07-01T04:17:10Z,Path of Exile 2 - 300% Rarity Arbiter of Divinity and 200% Deli Breaches Today!,OnesInTheChat,https://www.youtube.com/watch?v=IJamd0G2YYM,2026-06-30T23:46:47Z,1237,206.17,209.5,1264,2026-07-01T09:37:17Z,1264
2026-07-01T04:17:10Z,30+ Divine z Jednej MAPY?! MOCNA Taktyka w Path of Exile 2!,DattlerTV,https://www.youtube.com/watch?v=b1t9FtSjdU4,2026-06-30T13:24:06Z,3477,233.6,233.6,4663,2026-07-01T14:47:57Z,4663
2026-07-01T04:17:10Z,Душим колбасную гидру! Бесплатные деньги с храма | Path of Exile 2 | madarapoe,madarapoe,https://www.youtube.com/watch?v=CRODoP9ABl0,2026-06-30T06:30:11Z,5291,242.89,242.89,5357,2026-07-01T06:24:20Z,5357
2026-07-01T04:17:10Z,【Path of Exile 2】アンアースとゾンビ蘇生でせん妄200%に勝ちたい【ジェムリングリージョネア】【PoE2】,ゲーミングナマケモノ,https://www.youtube.com/watch?v=sKyUgd2nyzw,2026-06-30T08:00:18Z,5108,251.86,251.86,5221,2026-07-01T06:34:43Z,5221
2026-07-01T04:17:10Z,"This BROKEN New Item Changes ""Crafting"" in Path of Exile 2 FOREVER ... | Orb of Sacrifice POE2",EODGamerz,https://www.youtube.com/watch?v=0SRKipVVimo,2026-06-30T12:00:08Z,4156,255.22,255.22,5432,2026-07-01T14:47:57Z,5432
2026-07-01T04:17:10Z,СОБИРАЕМ НОВЫЙ БИЛД ЗА 10 МИРРОРОВ | PATH OF EXILE 2:Return of the Ancients,AgroMorph Highlights,https://www.youtube.com/watch?v=h0LZJ6Yhcow,2026-06-30T15:34:27Z,3705,291.45,291.45,5668,2026-07-01T14:47:57Z,5668
2026-07-01T04:17:10Z,Sağlam sezona sağlam drama! - Return of the Ancients - Path of Exile 2,Caner Jhonnie Güngörür,https://www.youtube.com/watch?v=--7qTXtvr0M,2026-06-30T07:59:36Z,5971,294.24,294.24,6049,2026-07-01T06:34:43Z,6049
2026-07-01T04:17:10Z,Path of Exile 2 | Final Day Of Upgrades! Pushing 100M DPS Twister Spirit Walker (PoE 2 0.5 Huntress),SiahZ,https://www.youtube.com/watch?v=fTKJkc8uKy4,2026-06-30T22:49:54Z,2065,344.17,344.17,2418,2026-07-01T20:03:01Z,2418
2026-07-01T04:17:10Z,Path of Exile 2 - Grim Pillars Build Guide with 4 Divines,OnesInTheChat,https://www.youtube.com/watch?v=dCFMABlcG0E,2026-06-30T14:30:08Z,5176,375.5,375.5,6537,2026-07-01T14:47:57Z,6537
2026-07-01T04:17:10Z,How I Make Mirrors Crafting in PoE2 - Ultimate Crafting Guide,Perra Gaming,https://www.youtube.com/watch?v=BpGPbpZDY9U,2026-06-30T09:41:23Z,7258,390.29,390.29,8098,2026-07-01T09:59:35Z,8098
2026-07-01T04:17:10Z,🔥 5 Cool Path Of Exile 2 Community Builds To Check Out | Return of the Ancients 0.5 | S4 EP3,Jorgen,https://www.youtube.com/watch?v=qFguCfREZsU,2026-06-30T12:43:09Z,11985,769.89,769.89,16066,2026-07-01T14:47:57Z,16066
2026-07-01T04:17:10Z,I Played Path of Exile 2 for 200 Hours... I get it now,TheoryWise,https://www.youtube.com/watch?v=MOBckpBrf_E,2026-06-30T13:30:27Z,14481,979.84,1040.06,26305,2026-07-01T14:47:57Z,26305
2026-07-01T04:17:10Z,Хитрости и фишки при игре в Path of Exile 2,Qordes,https://www.youtube.com/watch?v=zeXdSjkQxN0,2026-06-30T09:16:43Z,23471,1234.81,1234.81,26268,2026-07-01T09:59:35Z,26268
2026-07-01T04:17:10Z,Path of Exile 2's Ascendancy Design Revisited 18 Months into Early Access,Dreamcore,https://www.youtube.com/watch?v=tSPY58BYRbU,2026-06-30T17:11:24Z,24999,2252.9,2252.9,35728,2026-07-01T14:47:57Z,35728
2026-07-01T04:17:10Z,How To Farm The 1500 Divine Jewel - Path of Exile 2,Fubgun,https://www.youtube.com/watch?v=WCL3WiCCv6Y,2026-06-30T16:26:51Z,46194,3901.89,3901.89,59283,2026-07-01T14:47:57Z,59283
2026-07-01T05:40:06Z,[PoE2] NUNCA Ignore Essas Otimizações no Path of Exile 2!,Dean Gaming TV,https://www.youtube.com/watch?v=TJe4xPiMifk,2026-06-30T23:59:25Z,682,113.67,144.07,2890,2026-07-01T20:03:01Z,2890
2026-07-01T05:40:06Z,Path of Exile 2 Arc Totem Time,Raxxanterax,https://www.youtube.com/watch?v=Ybexo17L6Do,2026-06-29T23:51:04Z,9632,323.03,323.03,9632,2026-07-01T05:40:06Z,9632
2026-07-01T06:24:20Z,"""Death Aura"" POE2 Buiild - Biegaj i NISZCZ! Ancestral Cry Oracle w Path of Exile 2",Prozu,https://www.youtube.com/watch?v=7YyJ84Wgkgk,2026-06-30T07:05:52Z,5951,255.32,255.32,5951,2026-07-01T06:24:20Z,5951
2026-07-01T09:27:14Z,【Path of Exile 2】今さら聞けないスキル品質の盛り方まとめ【ジェムリングリージョネア】【PoE2】,ゲーミングナマケモノ,https://www.youtube.com/watch?v=KPlKGFRhDU0,2026-07-01T08:00:13Z,754,125.67,423.06,5678,2026-07-02T09:22:28Z,5678
2026-07-01T09:27:14Z,х500 Божественный Арбитр (The Arbiter of Divinity) | Path of Exile 2,Uno_Momento11,https://www.youtube.com/watch?v=PatYpfxVhTo,2026-06-30T12:00:01Z,2728,127.16,130.19,3489,2026-07-01T14:47:57Z,3489
2026-07-01T09:27:14Z,🔥 I Used The Best Free Path Of Exile 2 Bot in 2026! And Its Insane! | Poe 2 AutoBot,Satyanarayan Silks,https://www.youtube.com/watch?v=SKg5a_9trtQ,2026-07-01T08:07:51Z,954,159.0,184.0,1227,2026-07-01T14:47:57Z,1227
2026-07-01T09:27:14Z,Unlock the MOST PROFITABLE Farming Strategy in Path of Exile 2 | How to Price & Farm Tablets!,MisoxShiru,https://www.youtube.com/watch?v=YTyr6zM2uAo,2026-07-01T06:30:20Z,2432,405.33,830.38,15255,2026-07-02T09:22:28Z,15255
2026-07-01T09:37:17Z,【path of exile2】検証＆紹介！2週目以降全クラス対応アクトランビルドを使ってみた。事前準備するだけで装備更新無しで走ることに集中できる解説【RETURN OF THE ANCIENTS】,myst,https://www.youtube.com/watch?v=8rKB6MTnJqY,2026-07-01T07:12:20Z,765,127.5,283.7,4649,2026-07-02T09:22:28Z,4649
2026-07-01T14:47:57Z,Reverse Chill Lightning Spear Infernalist Build Update | Path of Exile 2 0.5,Yangmal,https://www.youtube.com/watch?v=hRmGj1Sftls,2026-06-30T19:33:46Z,1797,93.42,93.42,1797,2026-07-01T14:47:57Z,1797
2026-07-01T14:47:57Z,How to Make quick 20 30 Divines with breach in Poe2-0 5 #gaming #pathofexile2 #poe2 #gamer,ASaVeQ,https://www.youtube.com/watch?v=563fzClsSTk,2026-07-01T10:18:00Z,992,165.33,214.56,3492,2026-07-02T09:22:28Z,3492
2026-07-01T20:03:01Z,[Path of Exile 2]100%カリングCoEAコメットインファーナリストガイド[0.5],やふやふ,https://www.youtube.com/watch?v=OzomHSgCwbI,2026-07-01T13:27:16Z,841,127.5,127.5,841,2026-07-01T20:03:01Z,841
2026-07-01T20:03:01Z,The Insane Rage Ice Shot Build | PoE 2,Barczi POE2,https://www.youtube.com/watch?v=dRWcaM0PE2Q,2026-07-01T14:18:02Z,768,128.0,199.36,2737,2026-07-02T04:01:46Z,2737
2026-07-01T20:03:01Z,The Strongest Martial Artist In Path Of Exile 2 ?? #poe2,Requip Gaming ,https://www.youtube.com/watch?v=IQzDSpBYcqI,2026-07-01T17:17:13Z,809,134.83,386.87,8930,2026-07-02T19:40:27Z,8930
2026-07-01T20:03:01Z,Twisted Empyrean Mana Stacking Slam Titan | PoE 2 0.5 Build Guide - Path of Exile 2,Peuget2,https://www.youtube.com/watch?v=Oj6-CwHZhjo,2026-07-01T14:00:01Z,850,140.49,140.49,2531,2026-07-02T14:14:05Z,2531
2026-07-01T20:03:01Z,New Monk Build Today - Path of Exile 2 0.5,Scorpius,https://www.youtube.com/watch?v=72WLD7A_lcQ,2026-07-01T19:05:17Z,1135,189.17,189.17,1577,2026-07-02T19:40:27Z,1577
2026-07-01T20:03:01Z,🔴Path of Exile 2  : ขอVoicesอึกเม็ด,Simuraz,https://www.youtube.com/watch?v=Iu8v4gAS2Aw,2026-07-01T05:17:08Z,3147,213.14,213.14,3147,2026-07-01T20:03:01Z,3147
2026-07-01T20:03:01Z,Path of Exile 2 | Updated BEST Twister Spirit Walker Build! (PoE 2 0.5 Huntress Guide),SiahZ,https://www.youtube.com/watch?v=z0xDZQ3GsvA,2026-07-01T18:03:30Z,1308,218.0,790.28,14529,2026-07-02T19:40:27Z,14529
2026-07-01T20:03:01Z,【PoE2 0.5】VOICES 欲しい DAY8... - Path of Exile 2 !build !moba !Discord,[CCG] Circus Circle Games,https://www.youtube.com/watch?v=MyWq-3ERLAQ,2026-07-01T17:38:46Z,1943,323.83,323.83,2233,2026-07-02T19:40:27Z,2233
2026-07-01T20:03:01Z,Path of Exile 2: САМЫЙ СИЛЬНЫЙ БИЛД ЛИГИ!,ThisIsMacho,https://www.youtube.com/watch?v=pVDbDA7AjgA,2026-07-01T13:42:50Z,2697,425.63,425.63,7045,2026-07-02T14:14:05Z,7045
2026-07-01T20:03:01Z,НОВЫЙ ДЕНЬ — НОВЫЙ АБУЗ | ДОБИВАЕМ 1000 СИМУЛЕЙ | PATH OF EXILE 2:Return of the Ancients,AgroMorph Highlights,https://www.youtube.com/watch?v=2MVTVaDz9gs,2026-07-01T13:27:06Z,2905,440.24,440.24,5325,2026-07-02T14:14:05Z,5325
2026-07-01T20:03:01Z,What is Happening in Path of Exile 2 After 1 MONTH? [PoE2 0.5],Talkative Tri,https://www.youtube.com/watch?v=URtFuxFgPio,2026-07-01T16:44:41Z,4205,700.83,1091.56,19336,2026-07-02T19:40:27Z,19336
2026-07-01T20:03:01Z,[0.5] PoE 2 - 6 OP BUILDS FOR PATH OF EXILE RETURN OF THE ANCIENTS - PoE 2 Builds,Path of Exile Builds,https://www.youtube.com/watch?v=W-N0_v0FS7s,2026-07-01T13:04:01Z,9128,1307.1,1307.1,28442,2026-07-02T14:14:05Z,28442
2026-07-01T20:03:01Z,Just How Good Is The 0.5 Update?? - Path of Exile 2,Kripparrian,https://www.youtube.com/watch?v=-LtEn88JLqs,2026-07-01T15:00:03Z,10237,1706.17,1938.5,39442,2026-07-02T19:40:27Z,39442
2026-07-01T20:03:01Z,This Weapon is F***ing INSANE in Path of Exile 2,DarthMicrotransaction TV,https://www.youtube.com/watch?v=vwo8CfPMf5M,2026-07-01T15:17:34Z,52272,8712.0,11805.72,252731,2026-07-02T19:40:27Z,252731
2026-07-02T04:01:46Z,Path of Exile 2 - 200% Deli Breaches and Spending Divines Today!,OnesInTheChat,https://www.youtube.com/watch?v=SJd7Lx8bvFs,2026-07-01T22:55:02Z,1047,174.5,174.5,1145,2026-07-02T19:40:27Z,1145
2026-07-02T04:01:46Z,Path of Exile 2 - Were Some of Your Remove-Only Tabs Deleted?,OnesInTheChat,https://www.youtube.com/watch?v=HkNJWcvl_JQ,2026-07-01T14:30:29Z,2465,182.3,182.3,3029,2026-07-02T14:14:05Z,3029
2026-07-02T04:01:46Z,The Best Crossbow Build I've EVER PLAYED!,MisoxShiru,https://www.youtube.com/watch?v=ZSWT6WfzZlU,2026-07-01T14:54:11Z,5553,423.04,423.04,6019,2026-07-02T14:14:05Z,6019
2026-07-02T04:01:46Z,Best Budget CoC Gemling Build - Infinite Comets | Path of Exile 2 Guide,NickTew,https://www.youtube.com/watch?v=nWFnYJYACUM,2026-07-02T00:39:37Z,2992,498.67,977.92,17581,2026-07-02T19:40:27Z,17581
2026-07-02T04:01:46Z,Эволюция Path of Exile 2 | От катастрофы до лучшей ARPG,Nextezy,https://www.youtube.com/watch?v=FcYg1iL-OG4,2026-07-01T12:04:15Z,8851,554.62,554.62,12200,2026-07-02T14:14:05Z,12200
2026-07-02T04:01:46Z,[PoE 2] How to BUILD Temple that PRINTS - Farm Guide + Best Farming Layouts - Path of Exile 2,ronarray,https://www.youtube.com/watch?v=6qjUI7pmWVI,2026-07-01T20:22:01Z,8228,1073.8,1122.07,20049,2026-07-02T14:14:05Z,20049
2026-07-02T04:01:46Z,Path of Exile 2 Build Showcase: Frogmancer by Yuzo TV,Path of Exile,https://www.youtube.com/watch?v=1Ms1GNzQfWo,2026-07-01T21:43:49Z,83533,13260.88,13260.88,192641,2026-07-02T19:40:27Z,192641
2026-07-02T09:22:28Z,【Path of Exile 2】ほぼワンボタンでコストフリーな無限ビターデッドビルド【ジェムリングリージョネア】【PoE2】,ゲーミングナマケモノ,https://www.youtube.com/watch?v=7s3JKXpbvXQ,2026-07-02T08:00:03Z,949,158.17,558.88,5509,2026-07-03T03:47:04Z,5509
2026-07-02T09:22:28Z,Месяц лиги! Переваливаемся в междулижье | Path of Exile 2 | madarapoe,madarapoe,https://www.youtube.com/watch?v=REU0h0DQMMU,2026-07-02T06:30:23Z,1726,287.67,287.67,4056,2026-07-03T03:47:04Z,4056
2026-07-02T09:22:28Z,⚡Endgame Monk Boss Farming  | PoE 2,Diztoh,https://www.youtube.com/watch?v=cgr7uwLYpyw,2026-07-02T07:04:13Z,4136,689.33,689.33,4542,2026-07-03T03:47:04Z,4542
2026-07-02T09:22:28Z,"Giga expensive jewels, MAGEBLOOD chancing, Sanctifying & more! - PoE2 #96",Empyriangaming,https://www.youtube.com/watch?v=aw-35TPvw6I,2026-07-01T11:44:54Z,78127,3612.59,3612.59,84504,2026-07-02T14:14:05Z,84504
2026-07-02T14:14:05Z,Who is The Arbiter Of Ash? | Path Of Exile 2 Lore,Lore Of Exile,https://www.youtube.com/watch?v=Mnbop-Qx2v8,2026-07-02T10:13:20Z,3291,548.5,789.76,11370,2026-07-03T03:47:04Z,11370
2026-07-02T19:40:27Z,ก้าวแรกสู่ริมตลิ่ง  | #pathofexile2 #เล่น50วัน #poe2 #game #pathofexile #2055capital #shorts,2055 Capital,https://www.youtube.com/watch?v=isQearMcbps,2026-07-02T10:45:04Z,605,67.8,67.8,605,2026-07-02T19:40:27Z,605
2026-07-02T19:40:27Z,Path Of Exile 2 UPDATED Decree Of Loyalty Lowlife Build | Path Of Exile 2 Build Guide,cArn_,https://www.youtube.com/watch?v=El-7vNOtQ0k,2026-07-01T19:49:02Z,1794,75.2,75.2,1794,2026-07-02T19:40:27Z,1794
2026-07-02T19:40:27Z,МЕГА ПРОФИТ ЭКСПЕДИЦИЯ PATH OF EXILE 2 РЕЗУЛЬТАТ 50 ЗАБЕГОВ ВСЕ ПОДРОБНОСТИ+БОНУСЫ [ГАЙДЫ \ СОВЕТЫ],POE - Изобретатель,https://www.youtube.com/watch?v=SVJgNrqP_Ak,2026-07-02T11:35:23Z,1284,158.82,158.82,2135,2026-07-03T09:27:25Z,2135
2026-07-02T19:40:27Z,✅ I Used The Best Free Path Of Exile 2 Bot in 2026! And Its Insane! | Poe 2 AutoBot,Nias Musik Indo,https://www.youtube.com/watch?v=FqlGPM3-AWA,2026-07-02T14:03:45Z,956,159.33,159.33,956,2026-07-02T19:40:27Z,956
2026-07-02T19:40:27Z,Path of Exile 2 Crafting Guide: So verschwendest du keine Orbs mehr!,Lowepe,https://www.youtube.com/watch?v=6EEIA3cx250,2026-07-02T15:02:31Z,969,161.5,167.86,3338,2026-07-03T14:20:59Z,3338
2026-07-02T19:40:27Z,Path of Exile 2 - Is Runeforging a Currency Maker?,OnesInTheChat,https://www.youtube.com/watch?v=kAWyMbCfwP4,2026-07-02T14:30:14Z,1864,310.67,310.67,4493,2026-07-03T14:20:59Z,4493
2026-07-02T19:40:27Z,Fubgun Finds PoE2's Deadliest Expedition Enemy,Exiled Again,https://www.youtube.com/watch?v=FR0fddxc1rE,2026-07-02T14:24:30Z,18376,3062.67,3062.67,35291,2026-07-03T03:47:04Z,35291
2026-07-03T03:47:04Z,Path Of Exile 2- ULTIMATE MARK TO WIN🎯Guide | Ice Shot DEADEYE🧊🏹2000 DIVS Build | ROTA 0.5.4 ENDGAME,DeathKing,https://www.youtube.com/watch?v=j94GcFJcFJc,2026-07-02T16:47:49Z,771,70.17,70.83,1333,2026-07-03T14:20:59Z,1333
2026-07-03T03:47:04Z,🔴 LIVE | Path of Exile 2 | ไล่เคลียเควส เก็บ Atlas ที่เหลือ - เล่นรอเกมใหม่ D4 SS14 ไม่ปัง,MYRO Gaming,https://www.youtube.com/watch?v=LLz3Z1nfU80,2026-07-02T13:03:11Z,1247,84.65,84.65,1250,2026-07-03T09:27:25Z,1250
2026-07-03T03:47:04Z,⚡️ I Used The Best Free Path Of Exile 2 Bot in 2026! And Its Insane! | Poe 2 AutoBot,👑Mamed Abdul👑,https://www.youtube.com/watch?v=p3c7oaH46Ac,2026-07-02T17:14:09Z,1202,113.95,113.95,1209,2026-07-03T09:27:25Z,1209
2026-07-03T03:47:04Z,POE 2 0.5🔴x100+ KULEMACS Farm - Full Screen SPINNER Martial Artist Build for Monk🔴Path of Exile 2,ronarray,https://www.youtube.com/watch?v=8BiOd3SrwB4,2026-07-02T02:39:53Z,3054,121.58,121.58,3054,2026-07-03T03:47:04Z,3054
2026-07-03T03:47:04Z,Ice Shot Martial Artist Monk - Path of Exile 2 0.5,Scorpius,https://www.youtube.com/watch?v=_VCbgVeHHvw,2026-07-02T18:48:47Z,1223,136.32,136.32,1290,2026-07-03T14:20:59Z,1290
2026-07-03T03:47:04Z,I Used The Best Free Path Of Exile 2 Bot in 2026! And Its Insane! | Poe 2 AutoBot,Valentina,https://www.youtube.com/watch?v=lTK0PiMBsq8,2026-07-02T20:24:05Z,1088,147.36,147.36,1126,2026-07-03T14:20:59Z,1126
2026-07-03T03:47:04Z,Melhorando mais o Gemling Permafrost - Path of Exile 2,Leonhart Games,https://www.youtube.com/watch?v=Ksl_mlYz4PA,2026-07-02T21:45:42Z,953,158.23,158.23,970,2026-07-03T09:27:25Z,970
2026-07-03T03:47:04Z,Path of Exile 2 | 100M DPS Twister Spirit Walker! Farming Currency (PoE 2 0.5 Huntress),SiahZ,https://www.youtube.com/watch?v=2Oq637wXl68,2026-07-02T22:06:11Z,1222,203.67,203.67,1498,2026-07-04T08:44:40Z,1498
2026-07-03T03:47:04Z,How to Craft the Perfect Dusk Ring | Path of Exile 2,Barricade,https://www.youtube.com/watch?v=oQh98XTEji8,2026-07-02T20:50:34Z,1946,280.33,280.33,3729,2026-07-03T19:37:35Z,3729
2026-07-03T03:47:04Z,Что выпало за 100 забегов на Божественного Арбитра. Path of Exile 2,Qordes,https://www.youtube.com/watch?v=Pbuk2A5Hmnc,2026-07-02T15:57:30Z,12574,1063.22,1063.22,17404,2026-07-03T14:20:59Z,17404
2026-07-03T03:47:04Z,Can you beat Path of Exile 2 without picking up ANY LOOT?,Zizaran,https://www.youtube.com/watch?v=HNFk4XcpnPg,2026-07-02T22:10:55Z,9935,1655.83,1903.55,46355,2026-07-04T08:44:40Z,46355
2026-07-03T03:47:04Z,Path of Exile 2 Back to Arc Totems,Raxxanterax,https://www.youtube.com/watch?v=VaYyJkBIJJk,2026-07-03T01:55:04Z,11254,1875.67,1875.67,13016,2026-07-04T08:44:40Z,13016
2026-07-03T09:27:25Z,🎩Path of Exile 2🎩👓Кровавая ведьма с арбалетом на холоде.👓,mrBLO стримы,https://www.youtube.com/watch?v=cI4f6MYVRdA,2026-07-02T23:02:04Z,602,57.76,57.76,602,2026-07-03T09:27:25Z,602
2026-07-03T09:27:25Z,Revert back in 0.5.4b Hotfix 3  - Path of exile 2,LLYD,https://www.youtube.com/watch?v=EFkzp5C5xag,2026-07-03T04:20:45Z,361,60.17,60.17,758,2026-07-03T19:37:35Z,758
2026-07-03T09:27:25Z,PATH OF EXILE 2 - ED CONTAGION,dehzeras,https://www.youtube.com/watch?v=QzyLbRJMz7U,2026-07-03T04:24:42Z,938,156.33,156.33,948,2026-07-04T03:39:05Z,941
2026-07-03T09:27:25Z,I Challenged My Non-Gamer Wife to Play Path of Exile 2 for 1 Hour,Ydoc,https://www.youtube.com/watch?v=jKRSxV4kJ8E,2026-07-03T02:49:50Z,1458,220.02,276.91,5525,2026-07-04T08:44:40Z,5525
2026-07-03T09:27:25Z,INSTANT Earthquake Titan Returns Stronger Than Ever! | PoE 2,Ulfhednar,https://www.youtube.com/watch?v=UsXN1cWH2rI,2026-07-03T01:18:01Z,2067,253.41,253.41,4139,2026-07-03T19:37:35Z,4139
2026-07-03T09:27:25Z,The STRONGEST Off-Meta Builds in PoE2 0.5,Perra Gaming,https://www.youtube.com/watch?v=5XbOg-Y_oUY,2026-07-02T21:37:24Z,8605,727.15,727.15,14838,2026-07-03T19:37:35Z,14838
2026-07-03T14:20:59Z,Path of Exile 2 - Czy Zmiany ENDGAME Są Wystarczające? Wrażenia po MIESIĄCU Grania [PoE2 0.5],Darthian,https://www.youtube.com/watch?v=iG9ijCmUi7c,2026-07-03T09:34:28Z,442,73.67,83.17,1083,2026-07-04T08:44:40Z,1083
2026-07-03T14:20:59Z,ПРОДОЛЖАЕМ НАДУВАТЬ БИЛД | ИЩЕМ СПИРИТ В ЭКСПЕДИЦИИ  | PATH OF EXILE 2:Return of the Ancients,AgroMorph Highlights,https://www.youtube.com/watch?v=HayHI5MpgYw,2026-07-03T13:15:06Z,604,100.67,234.2,3298,2026-07-04T13:45:38Z,3298
2026-07-03T14:20:59Z,Are Lineage Support Gems Too Rare? w/@anime.princess - The Path 2 Exile Podcast Ep. 50,MisoxShiru,https://www.youtube.com/watch?v=woENvhFECEs,2026-07-03T00:42:31Z,6378,467.55,467.55,8519,2026-07-03T19:37:35Z,8519
2026-07-03T14:20:59Z,ЛУЧШАЯ МЕХАНИКА ДЛЯ НАДУТЫХ БИЛДОВ  | Path of Exile 2: Return of the Ancients,poe bota_лучшее,https://www.youtube.com/watch?v=9bLeLM1PnCQ,2026-07-03T09:22:26Z,3441,573.5,630.08,8480,2026-07-04T08:44:40Z,8480
2026-07-03T14:20:59Z,I bought a FULL QUAD TAB of Ritual tablets to try something... - PoE2 #97,Empyriangaming,https://www.youtube.com/watch?v=lTgfbn_aJx4,2026-07-03T10:26:52Z,9729,1621.5,1621.5,9729,2026-07-03T14:20:59Z,9729
2026-07-03T19:37:35Z,"Waystones, Road to lvl 100, Whirling Monk | Path of Exile 2",The Plot Strikes Back,https://www.youtube.com/watch?v=_v_QXuCqfWQ,2026-07-03T13:03:35Z,374,56.95,56.95,374,2026-07-03T19:37:35Z,374
2026-07-03T19:37:35Z,HOW I REACH LEVEL 40 SPARK | Infernalist Ward Stacking Build Update & FAQ | Path Of Exile 2,Phalanx,https://www.youtube.com/watch?v=aJW1-SdwrHc,2026-07-02T21:00:38Z,2677,118.37,118.37,2677,2026-07-03T19:37:35Z,2677
2026-07-03T19:37:35Z,Reap Blood Mage Build - Path of Exile 2 - Return of The Ancients,ImJustAnthony_,https://www.youtube.com/watch?v=Ocv6YLpGIsQ,2026-07-03T07:19:27Z,4904,398.62,398.62,7860,2026-07-04T08:44:40Z,7860
2026-07-03T19:37:35Z,Path of Exile 2 - Are Simulacrums Worth Doing?,OnesInTheChat,https://www.youtube.com/watch?v=P1j7ka2-3T0,2026-07-03T14:30:19Z,2525,420.83,420.83,6509,2026-07-04T13:45:38Z,6509
2026-07-03T19:37:35Z,Создал бессмертную тварь! Пытаемся убить | Path of Exile 2 | madarapoe,madarapoe,https://www.youtube.com/watch?v=ZJ_ucuj7Tbg,2026-07-03T06:30:39Z,6345,483.77,483.77,7308,2026-07-04T08:44:40Z,7308
2026-07-03T19:37:35Z,The Most UNKILLABLE Mob From Expedition (Fubgun Died To A White Mob),XTheFarmerX,https://www.youtube.com/watch?v=tm2asCDWKAE,2026-07-03T14:06:11Z,6239,1039.83,1155.34,24296,2026-07-04T13:45:38Z,24296
2026-07-03T19:37:35Z,Farmer Falls For Fubgun Bait Again In PoE2,Exiled Again,https://www.youtube.com/watch?v=u3jOGCySfUA,2026-07-03T13:00:11Z,19367,2923.99,2923.99,44660,2026-07-04T13:45:38Z,44660
2026-07-04T03:39:05Z,Omen of light Jail (Path Of Exile 2),Ginger Gaming Mentor,https://www.youtube.com/watch?v=3QMQiBZz4gQ,2026-07-03T17:34:00Z,349,34.61,34.61,640,2026-07-04T13:45:38Z,640
2026-07-04T03:39:05Z,Budget Grand Expedition 85 Div/hr - Path of exile 2,LLYD,https://www.youtube.com/watch?v=bhi19_U0A3s,2026-07-03T13:57:30Z,547,39.95,39.95,766,2026-07-04T13:45:38Z,766
2026-07-04T03:39:05Z,كيف تقاتل كل البوسات ! باث اوف اكسايل 2 | Path of Exile 2,AZM,https://www.youtube.com/watch?v=3oxZYRdpdFY,2026-07-03T22:10:22Z,261,43.5,43.5,779,2026-07-04T19:22:21Z,779
2026-07-04T03:39:05Z,🔴path of exile 2 | Stormweaver COC+ARC หา Voices เม็ดที่ 2 !build Day.28,ErrDeawMa,https://www.youtube.com/watch?v=2xbxT4AcvtE,2026-07-03T16:38:02Z,636,57.73,57.73,638,2026-07-04T08:44:40Z,638
2026-07-04T03:39:05Z,TheoryCast Ep. 24 w/ @787prada | Path of Exile 2 0.5,z3r0pointflux,https://www.youtube.com/watch?v=0tSZCPAsyjQ,2026-07-03T23:16:31Z,402,67.0,89.45,1783,2026-07-05T03:57:53Z,1783
2026-07-04T03:39:05Z,Bizim topluluğun buildları - Return of the Ancients - Path of Exile 2,Caner Jhonnie Güngörür,https://www.youtube.com/watch?v=nVBtGTuYAPQ,2026-07-03T08:00:01Z,3579,182.13,182.13,3733,2026-07-04T08:44:40Z,3733
2026-07-04T03:39:05Z,NAPRAWIONA EXPEDYCJA i BOSSY - Patch 0.5.4b w Path of Exile 2 IDEALNIE NA NOWY START!,Prozu,https://www.youtube.com/watch?v=99qjsU9h92I,2026-07-03T08:07:11Z,4132,211.55,211.55,4239,2026-07-04T08:44:40Z,4239
2026-07-04T03:39:05Z,【PoE2 0.5】GO TO THE BEACH! 海へ。 - Path of Exile 2 !build !moba !Discord,[CCG] Circus Circle Games,https://www.youtube.com/watch?v=0lk6brJlrHM,2026-07-03T18:53:32Z,2169,247.62,247.62,2411,2026-07-04T19:22:21Z,2411
2026-07-04T03:39:05Z,[PoE 2] BEST EASY Farm? - 57D/H Guaranteed! - x120 Bossing Strategy Test - Path of Exile 2 0.5,ronarray,https://www.youtube.com/watch?v=jZwgfvedZJQ,2026-07-03T21:33:47Z,3604,591.94,591.94,13441,2026-07-05T03:57:53Z,13441
2026-07-04T03:39:05Z,⚡ How to Craft an Endgame Deadeye 7 Mod Bow | PoE 2 Crafting Guide,Diztoh,https://www.youtube.com/watch?v=_J1_gb_UQ1M,2026-07-03T19:00:33Z,5368,621.13,621.13,7928,2026-07-04T13:45:38Z,7928
2026-07-04T03:39:05Z,Path of Exile 2 Back to Arc Totems,Raxxanterax,https://www.youtube.com/watch?v=nlPbICryCNg,2026-07-04T00:52:02Z,6998,1166.33,1166.33,8547,2026-07-05T09:13:41Z,8547
2026-07-04T08:44:40Z,🔴Path of Exile 2  : ล่าธูป The Last Flame มือใหม่,Simuraz,https://www.youtube.com/watch?v=RI6tyV-rrco,2026-07-03T04:41:49Z,1954,69.67,69.67,1954,2026-07-04T08:44:40Z,1954
2026-07-04T08:44:40Z,"Path of Exile 2 - Finishing Deli Breaches, Birthing Amulets, and Deleting Currency Today!",OnesInTheChat,https://www.youtube.com/watch?v=c7THiapRmeA,2026-07-03T23:07:26Z,820,85.23,85.23,864,2026-07-04T19:22:21Z,864
2026-07-04T08:44:40Z,🔴Path of Exile 2  : ล่าธูปต่อกับTwisterที่ครบเครื่อง,Simuraz,https://www.youtube.com/watch?v=bx8cNpitCD4,2026-07-04T06:00:33Z,2225,370.83,370.83,2437,2026-07-05T09:13:41Z,2437
2026-07-04T13:45:38Z,TOP 20 BEST BUILDS IN POE2 0.5.4 META! Path of Exile 2 Builds | POE 2 0.5 Builds,KaidGames2,https://www.youtube.com/watch?v=WaWcrsBl8Pk,2026-07-03T20:00:21Z,684,38.52,50.11,1530,2026-07-05T03:57:53Z,1530
2026-07-04T13:45:38Z,"Path of Exile 2 -  Blasting Through the Skill Tree, Finally...  🥶 🏹  (PC)",CRiZZO,https://www.youtube.com/watch?v=IzODb0pskdw,2026-07-04T10:01:30Z,429,71.5,71.5,429,2026-07-04T13:45:38Z,429
2026-07-04T13:45:38Z,The Lowest Cortisol Build in Path of Exile 2,Yangmal,https://www.youtube.com/watch?v=hNskH0fkXdo,2026-07-04T07:35:36Z,520,84.32,84.32,1608,2026-07-05T09:13:41Z,1608
2026-07-04T13:45:38Z,Path Of Exile 2 I EP 21 I ผมเลี้ยงช้างในลีค Rune of Aulder ด้วยคลาส Chayula,iTimex,https://www.youtube.com/watch?v=Mf5Aaa-vzlk,2026-07-04T12:18:44Z,722,120.33,134.69,951,2026-07-05T09:13:41Z,951
2026-07-04T13:45:38Z,【Path of Exile 2】毎秒ライフ5500回復しながら憤怒バーサーク141を保つクマちゃん【ジェムリングリージョネア】【PoE2】,ゲーミングナマケモノ,https://www.youtube.com/watch?v=edVI77UMFd0,2026-07-04T08:00:00Z,3139,523.17,523.17,6757,2026-07-05T09:13:41Z,6757
2026-07-04T13:45:38Z,[PoE 2] AFK Simulacrum with Infinite Loop on the Immortal AFK Ritualist  | 0.5 RoTA,Lazy Exile,https://www.youtube.com/watch?v=QG2jzWKtYtg,2026-07-03T14:07:59Z,13807,584.36,584.36,13807,2026-07-04T13:45:38Z,13807
2026-07-04T19:22:21Z,🔴 Live | Path of Exile 2:  ตัวใหม่ผมคือ เจมลิ่ง 👊👊,Khun Pob,https://www.youtube.com/watch?v=7F2zEtNKA9c,2026-07-04T12:55:04Z,288,44.62,44.62,288,2026-07-04T19:22:21Z,288
2026-07-04T19:22:21Z,Arc Spell Totem Gemling Legionnaire 0.5 Update - Path of Exile 2 Build Guide,Odealo,https://www.youtube.com/watch?v=MyBn7VKNpkU,2026-07-04T13:00:34Z,304,47.77,52.03,1052,2026-07-05T09:13:41Z,1052
2026-07-04T19:22:21Z,🔴[LIVE] 💀First Time Ever Playing PATH OF EXILE 2 | Sorceress MAPS! | Playthrough [Day 15],RelativityRabbit,https://www.youtube.com/watch?v=wGnZHedOMWA,2026-07-04T15:37:47Z,302,50.33,50.33,302,2026-07-04T19:22:21Z,302
2026-07-04T19:22:21Z,PATH OF EXILE 2 Finally Feels Worth Playing,The Singleplayer Squad,https://www.youtube.com/watch?v=QH6JMgO3UaQ,2026-07-04T14:00:13Z,464,77.33,77.33,1245,2026-07-05T13:51:48Z,1245
2026-07-04T19:22:21Z,How do I Ascend in Path of Exile 2 without ANY LOOT?,Zizaran,https://www.youtube.com/watch?v=5yEdB5aR3I0,2026-07-04T18:55:12Z,831,138.5,1287.7,25408,2026-07-05T19:25:42Z,25408
2026-07-04T19:22:21Z,Path of Exile 2 - Deleting Divines for Fun,OnesInTheChat,https://www.youtube.com/watch?v=JOIsECrvrU8,2026-07-04T14:30:13Z,1830,305.0,305.0,4898,2026-07-05T13:51:48Z,4898
2026-07-04T19:22:21Z,"Path of Exile 2 hat mit Patch 0.5 ""Return of the Ancients"" sein bislang größtes Update bekommen.",Fragster,https://www.youtube.com/watch?v=BNMKtf9PRpE,2026-07-04T15:00:29Z,2180,363.33,546.12,10509,2026-07-05T13:51:48Z,10509
2026-07-04T19:22:21Z,"Дневной Path of Exile 2, наконец-то !build !pc !merch",CARDIFF GAMING,https://www.youtube.com/watch?v=LA4qkiUYwxM,2026-07-04T14:33:33Z,2753,458.83,458.83,3129,2026-07-05T13:51:48Z,3129
2026-07-04T19:22:21Z,I'm Back to Melee | PoE2 SSFHC Fresh Reset,AlkaizerSenpai,https://www.youtube.com/watch?v=8YNlNcsqgVE,2026-07-03T17:28:13Z,28381,1095.69,1095.69,28381,2026-07-04T19:22:21Z,28381
2026-07-05T03:57:53Z,НОВЫЙ БИЛД PATH OF EXILE 2 МАГ КРОВИ ПРОКАЧКА ЭНДГЕЙМ ПОЕ 2,POE - Изобретатель,https://www.youtube.com/watch?v=DdM1FIjHzK4,2026-07-04T03:30:34Z,1113,45.51,45.51,1113,2026-07-05T03:57:53Z,1113
2026-07-05T03:57:53Z,🔴path of exile 2 | Stormweaver COC+ARC Breach VS Abyss !build Day.29,ErrDeawMa,https://www.youtube.com/watch?v=gV24PU4hz-o,2026-07-04T20:37:52Z,473,64.5,64.5,473,2026-07-05T09:13:41Z,473
2026-07-05T03:57:53Z,"Path of Exile 2 - Vaaling, Chancing, and Recording Videos Today!",OnesInTheChat,https://www.youtube.com/watch?v=n-Q4Zogb-nE,2026-07-05T01:04:19Z,715,119.17,119.17,736,2026-07-05T13:51:48Z,736
2026-07-05T03:57:53Z,Why Path of Exile 2 Players Are Burning Out (And It's Not What You Think),SamyCaps,https://www.youtube.com/watch?v=xGqRvlPprZQ,2026-07-04T16:30:16Z,1886,164.57,171.49,3305,2026-07-05T13:51:48Z,3305
2026-07-05T03:57:53Z,Новые секреты и хитрости при игре в Path of Exile 2,Qordes,https://www.youtube.com/watch?v=f2bVARSlQ98,2026-07-04T12:11:11Z,11906,754.57,754.57,16108,2026-07-05T13:51:48Z,16108
2026-07-05T03:57:53Z,Path of Exile 2 Arc Totem Grand Expeditions,Raxxanterax,https://www.youtube.com/watch?v=KJCY5EoSigc,2026-07-05T01:31:55Z,7561,1260.17,1260.17,9093,2026-07-06T04:04:31Z,9093
2026-07-05T09:13:41Z,POE 2 Endgame Hollow Monk | Farming Divines! | Path of Exile 2,Dear Gamer,https://www.youtube.com/watch?v=FrdSmrs_X1k,2026-07-05T04:43:18Z,299,49.83,49.83,299,2026-07-05T09:13:41Z,299
2026-07-05T09:13:41Z,ТОП 5 Лучших Билдов Уничтожать ВЕСЬ КОНТЕНТ | Path of Exile 2 0.5 Return of The Ancients,Amaterasu,https://www.youtube.com/watch?v=-3qJfyY0T9Q,2026-07-04T20:14:58Z,1621,124.9,130.8,2861,2026-07-05T19:25:42Z,2861
2026-07-05T09:13:41Z,HOW TO CRAFT 4500 Divine Gloves | Path Of Exile 2 #pathofexile2 #poe2,Phalanx,https://www.youtube.com/watch?v=tnSbdOL3VqQ,2026-07-05T02:36:51Z,1069,161.62,945.12,24064,2026-07-06T04:04:31Z,24064
2026-07-05T09:13:41Z,Path of Exile 2 - Iniciando uma Nova Jornada - [PARTE 01],HandsomeD,https://www.youtube.com/watch?v=-1ws6_wHGVU,2026-07-05T00:56:24Z,8423,1016.25,1016.25,9142,2026-07-06T04:04:31Z,9142
2026-07-05T13:51:48Z,Крафт Амулета на Миньенов #poe2 #pathofexile #craft #игры,Greed Gamer,https://www.youtube.com/watch?v=mdQOx89jpoA,2026-07-04T17:19:33Z,1066,51.9,51.9,1066,2026-07-05T13:51:48Z,1066
2026-07-05T13:51:48Z,【Path of Exile 2】強強雷ビルドでシミュラクラム周回！ボイスちゃんどこ🙄,しゅん / shun,https://www.youtube.com/watch?v=WTDtsDHCOnY,2026-07-05T08:29:13Z,382,63.67,63.67,382,2026-07-05T13:51:48Z,382
2026-07-05T13:51:48Z,🔴 Path of Exile 2 LIVE –Ice Shot Deadeye OWNING Uber End Game | PoE 2 (0.5.4b),NeXus4D,https://www.youtube.com/watch?v=0Ekej9ffJjo,2026-07-05T08:02:49Z,650,108.33,108.33,673,2026-07-05T19:25:42Z,673
2026-07-05T13:51:48Z,3 ГОЛДЕН ЧАРМА ЗА КАРТУ  | Path of Exile 2: Return of the Ancients,poe bota_лучшее,https://www.youtube.com/watch?v=ttU7H-Vo72E,2026-07-05T13:11:01Z,822,137.0,579.19,6525,2026-07-06T15:45:04Z,6525
2026-07-05T13:51:48Z,[0.5] PoE 2 WHIRL+SHATTER MARTIAL ARTIST | ZAROKH(6 MAN) | Monk Build | Path of exile 2,SlayerD,https://www.youtube.com/watch?v=5WXtF72r5_o,2026-07-04T17:40:51Z,3370,166.98,166.98,3370,2026-07-05T13:51:48Z,3370
2026-07-05T13:51:48Z,ГГГ ПРИКРЫЛИ КРАНИК В СИМУЛЕ | ВЫБИРАЕМ ТОП5 СТРИМЕРОВ ПОЕ2 | PATH OF EXILE 2:Return of the Ancients,AgroMorph Highlights,https://www.youtube.com/watch?v=jAxT-2q59Q0,2026-07-04T12:08:13Z,5042,195.98,195.98,5042,2026-07-05T13:51:48Z,5042
2026-07-05T13:51:48Z,Pierwszy MAGEBLOOD... 24h na TAWERNIE w Path of Exile 2,Prozu,https://www.youtube.com/watch?v=NS8fZra_5Qw,2026-07-05T09:01:22Z,2107,351.17,351.17,3731,2026-07-06T04:04:31Z,3731
2026-07-05T13:51:48Z,TOP10 每個職業的最佳流派：0.5最後的回顧 POE2 遠古回歸 Path of Exile2,惡魔貓和幾吉和點點DevilCatwith2cats,https://www.youtube.com/watch?v=hbgT1Z45SdM,2026-07-05T09:00:43Z,5812,968.67,1004.07,12897,2026-07-06T04:04:31Z,12897
2026-07-05T19:25:42Z,Gemling Explosive Spear Build - Path of Exile 2,WINTALITY,https://www.youtube.com/watch?v=WlsqjydllnE,2026-07-05T14:07:08Z,353,58.83,66.88,1384,2026-07-06T10:48:48Z,1384
2026-07-05T19:25:42Z,Path of Exile 2. Hardcore. 0.5.4 MONK-Martial Artist. Опять RIP на 84 lvl в Trial of the Sekhemas XD,Dzhanzik,https://www.youtube.com/watch?v=xsooxXSRG34,2026-07-05T11:23:58Z,514,64.02,64.02,514,2026-07-05T19:25:42Z,514
2026-07-05T19:25:42Z,PATH OF EXILE 2.РУНЫ АЛЬДУРА.ВОЗВРАЩЕНИЕ ДРЕВНИХ.ХОДЯЩАЯ СРЕДИ ДУХОВ.ДЖАДО И ДОРИАНИ [29],Milaya Mila,https://www.youtube.com/watch?v=W670H6Cf-Sk,2026-07-05T12:33:04Z,469,68.19,68.19,469,2026-07-05T19:25:42Z,469
2026-07-05T19:25:42Z,+7 All Spells Dueling Wand Craft OP | Path of Exile 2 #poe2  #pathofexile2,Slumpgod6,https://www.youtube.com/watch?v=K7tnAFYaigI,2026-07-05T11:51:49Z,1020,134.83,134.83,1020,2026-07-05T19:25:42Z,1020
2026-07-05T19:25:42Z,【PoE2 0.5】GO TO THE BEACH! 海へ。 - Path of Exile 2 !build !moba !Discord,[CCG] Circus Circle Games,https://www.youtube.com/watch?v=UrrzGzXV1bk,2026-07-05T16:40:48Z,1578,263.0,263.0,1907,2026-07-06T20:05:36Z,1907
2026-07-05T19:25:42Z,Doom Dark Desires of a Third Juicy Socket | PoE 2,Diztoh,https://www.youtube.com/watch?v=jYyc2LwDZks,2026-07-05T16:22:20Z,2686,447.67,578.99,20585,2026-07-07T03:55:32Z,20585
2026-07-05T19:25:42Z,"Авантюрный третий билд, приступаем | Path of Exile 2 !boosty !merch",CARDIFF GAMING,https://www.youtube.com/watch?v=4QlLpNM2U6E,2026-07-05T14:29:17Z,3440,573.33,573.33,4377,2026-07-06T15:45:04Z,4377
2026-07-05T19:25:42Z,Path of Exile 2 - Mageblood Time,OnesInTheChat,https://www.youtube.com/watch?v=evBBFmzlgxA,2026-07-05T14:30:09Z,3843,640.5,640.5,8520,2026-07-06T15:45:04Z,8520
2026-07-05T19:25:42Z,This season made the game 5 TIMES BETTER - Path of Exile 2 Full Review,Zizaran,https://www.youtube.com/watch?v=O8sy_gepbDM,2026-07-05T17:15:34Z,5295,882.5,2056.95,50565,2026-07-07T03:55:32Z,50565
2026-07-05T19:25:42Z,[PoE 2] FARM Delirium EFFICIENTLY - IN DEPTH Splinter Guide + Atlas Strategy - Path of Exile 2 0.5,ronarray,https://www.youtube.com/watch?v=0Ln-DgzcRZQ,2026-07-05T11:53:23Z,8059,1069.0,1069.0,17211,2026-07-06T10:48:48Z,17211
2026-07-05T19:25:42Z,Path of Exile 2 - Jogando de Druida no Pelo - [PARTE 02],HandsomeD,https://www.youtube.com/watch?v=MBAMFB-ZIS8,2026-07-05T18:46:20Z,9205,1534.17,1534.17,11281,2026-07-07T03:55:32Z,11281
2026-07-06T04:04:31Z,Yueri Plays Path of Exile 2 0.5 Adonia Stormweaver Spark CoEA CoC,yueri Plays,https://www.youtube.com/watch?v=3IRFpCTx9V8,2026-07-05T19:00:00Z,999,110.08,110.08,999,2026-07-06T04:04:31Z,999
2026-07-06T04:04:31Z,БЕССМЕРТНЫЙ Монах Через БЕСКОНЕЧНЫЙ ТЕЛЕПОРТ Билд Гайд | Path of Exile 2 0.5 Return of The Ancients,Amaterasu,https://www.youtube.com/watch?v=ow1VIZ7-adI,2026-07-05T19:46:37Z,943,113.63,113.63,2326,2026-07-06T20:05:36Z,2326
2026-07-06T04:04:31Z,Path of Exile 2. Hardcore. 0.5.4 MONK Martial Artist. Vessel of Kulemak!,Dzhanzik,https://www.youtube.com/watch?v=OAsCAV_fcnk,2026-07-05T19:44:44Z,1119,134.34,134.34,1139,2026-07-06T10:48:48Z,1139
2026-07-06T04:04:31Z,"Path of Exile 2 - Birthing Rings, Spending Divs, and Maybe Xesht Today!",OnesInTheChat,https://www.youtube.com/watch?v=PkHiP-8gFQc,2026-07-05T22:46:56Z,894,149.0,149.0,944,2026-07-06T10:48:48Z,944
2026-07-06T04:04:31Z,Bu build için bütün parayı harcadık! - Return of the Ancients - Path of Exile 2,Caner Jhonnie Güngörür,https://www.youtube.com/watch?v=dXpRPsNK5Jo,2026-07-05T08:00:20Z,3121,155.51,155.51,3121,2026-07-06T04:04:31Z,3121
2026-07-06T04:04:31Z,"Path of Exile 2. Hardcore. 0.5.4 MONK Martial Artist. Zarokh, the Temporal. Trial of the Sekhemas!",Dzhanzik,https://www.youtube.com/watch?v=5ixcaYHP-BI,2026-07-05T19:01:54Z,1555,171.94,171.94,1559,2026-07-06T20:05:36Z,1558
2026-07-06T04:04:31Z,Path of Exile 2 ist die PERFEKTION des Diablo-Prinzips,Maurice Weber,https://www.youtube.com/watch?v=j1VTtXO_avE,2026-07-05T15:55:01Z,9266,762.1,801.96,19114,2026-07-06T15:45:04Z,19114
2026-07-06T04:04:31Z,Path of Exile 2 Arc Totem Grand Expeditions,Raxxanterax,https://www.youtube.com/watch?v=G71qqk0tjnM,2026-07-05T19:42:29Z,6962,832.04,1170.56,8309,2026-07-07T03:55:32Z,8309
2026-07-06T10:48:48Z,Path of Exile 2: Boss Gauntlet Cleared! #pathofexile2 #poe2,BiscoDee,https://www.youtube.com/watch?v=7gYp1E4lXek,2026-07-06T04:06:06Z,557,82.99,95.67,1530,2026-07-06T20:05:36Z,1530
2026-07-06T10:48:48Z,Como Craftar Absent Amulets Perfeitos no Path of Exile 2 | Guia Completo de Craft + Lucro,ChibaTTV,https://www.youtube.com/watch?v=wMkOistCaNg,2026-07-06T01:18:45Z,833,87.67,110.25,2934,2026-07-07T03:55:32Z,2934
2026-07-06T10:48:48Z,Path of Exile 2 : RotA Launch Day 37 (Live Recordings? Maybe),Ginger Gaming Mentor,https://www.youtube.com/watch?v=A_sy7U_adu4,2026-07-06T03:59:59Z,606,88.94,88.94,606,2026-07-06T10:48:48Z,606
2026-07-06T10:48:48Z,PATH OF EXILE 2 POE2 0.5.4 - LOW BUDGET FROGMANCER VS BODACH  #poe2 #games #boss,SimpleGaming,https://www.youtube.com/watch?v=Db5aH4UOPj8,2026-07-06T05:38:44Z,676,112.67,112.67,952,2026-07-06T20:05:36Z,952
2026-07-06T10:48:48Z,🔴Path of Exile 2  : Gemling Twister ล่าธูป,Simuraz,https://www.youtube.com/watch?v=6OyUzGB0P4o,2026-07-06T04:32:26Z,1659,264.46,264.46,1659,2026-07-06T20:05:36Z,1643
2026-07-06T15:45:04Z,[패스오브엑자일2] 0.5 샤먼 템포랄리스 전기불꽃 CoC 혜성 AS 가이드!,노블이-NoblE,https://www.youtube.com/watch?v=8zzVhgGCXg0,2026-07-05T19:57:11Z,1816,91.73,91.73,2053,2026-07-06T20:05:36Z,2053
2026-07-06T15:45:04Z,Path of Exile 2 : Road to Lv.100 ถ้าไม่ตายจะใช้กี่แมพกันนะ『PAres Spacedog』#ECR #aresjournal,PAres Spacedog『Berlina•ECR』,https://www.youtube.com/watch?v=kXr-egZxc_Y,2026-07-06T12:42:43Z,1020,170.0,170.0,1021,2026-07-06T20:05:36Z,1021
2026-07-06T15:45:04Z,Path of Exile 2 - Guiding Palms vs Vaal Orbs,OnesInTheChat,https://www.youtube.com/watch?v=2VJXGytZqOY,2026-07-06T14:30:26Z,1415,235.83,692.5,8995,2026-07-07T09:51:59Z,8995
2026-07-06T15:45:04Z,STRONGEST PoE 2 Build Nobody Has Been Playing [Ice Impale Spears],Nizar GG,https://www.youtube.com/watch?v=y8WD_x8xK7o,2026-07-05T22:50:00Z,8119,479.91,517.87,15066,2026-07-07T03:55:32Z,15066
2026-07-06T15:45:04Z,🔥 5 Cool Path Of Exile 2 Community Builds To Check Out | Return of the Ancients 0.5 | S4 EP4,Jorgen,https://www.youtube.com/watch?v=1QxO6njGlD4,2026-07-06T11:22:10Z,3351,558.5,794.35,16578,2026-07-07T09:51:59Z,16578
2026-07-06T15:45:04Z,Are you having performance issues?  #pathofexile #pathofexile2 #poe2 #gaming,Nesiex,https://www.youtube.com/watch?v=3CGGXrgx1nM,2026-07-06T13:00:29Z,4736,789.33,1793.37,12707,2026-07-06T20:05:36Z,12707
2026-07-06T20:05:36Z,🔴path of exile 2 | Stormweaver COC+ARC Breach เพื่อหาแหวน all spell !build Day.30,ErrDeawMa,https://www.youtube.com/watch?v=3Fm5f4hcUA0,2026-07-06T13:26:24Z,418,62.82,62.82,418,2026-07-06T20:05:36Z,418
2026-07-06T20:05:36Z,Upando boneco novo Gemling Norueguês - Path of Exile 2,Leonhart Games,https://www.youtube.com/watch?v=IXB-lmQt74U,2026-07-06T16:35:56Z,601,100.17,100.17,601,2026-07-06T20:05:36Z,601
2026-07-06T20:05:36Z,The State of Defences in 0.5 | Path of Exile 2: Return of the Ancients,Dreamcore,https://www.youtube.com/watch?v=vaIsy-78Qmw,2026-07-06T17:32:07Z,5717,952.83,2008.69,31658,2026-07-07T14:49:29Z,31658
2026-07-06T20:05:36Z,PoE2 Streamers Cannot Catch A Break,Exiled Again,https://www.youtube.com/watch?v=xLNYz50oh-c,2026-07-06T13:00:06Z,14443,2036.54,2036.54,14443,2026-07-06T20:05:36Z,14443
2026-07-07T03:55:32Z,"Path of Exile 2 - Reforging, Mapping, and Xesht Today!",OnesInTheChat,https://www.youtube.com/watch?v=Murdc93YK40,2026-07-06T22:14:09Z,564,94.0,94.0,680,2026-07-07T20:03:47Z,680
2026-07-07T03:55:32Z,Curse Stacking Chronomancer Is PoE2 Easy Mode! | Path of Exile 2 Essence Drain Contagion Build Guide,MFPallytime,https://www.youtube.com/watch?v=4jok7_HMHjU,2026-07-06T23:44:23Z,693,115.5,260.3,3815,2026-07-07T20:03:47Z,3815
2026-07-07T03:55:32Z,Leechers Farm no Path of Exile 2 | 20 a 30 Divines/Hora SEM BUILD + Muito Ouro e EXP!,ChibaTTV,https://www.youtube.com/watch?v=IDXsuThKC6w,2026-07-06T21:56:54Z,745,124.17,124.17,1815,2026-07-07T14:49:29Z,1815
2026-07-07T03:55:32Z,х500 Ворон-Плут (The Raven Trickster) | Path of Exile 2,Uno_Momento11,https://www.youtube.com/watch?v=hg42W314cnw,2026-07-06T17:00:22Z,1410,129.13,139.62,3019,2026-07-07T14:49:29Z,3019
2026-07-07T03:55:32Z,Path of Exile 2 0.5.0 BEST Graphics Settings for MAX FPS,Nova Gaming,https://www.youtube.com/watch?v=ueHTkdPqu4A,2026-07-06T23:57:49Z,1048,174.67,174.67,1419,2026-07-07T20:03:47Z,1419
2026-07-07T03:55:32Z,АВТОБОМБЕР Монах НОЛЬ КНОПОК + 1 ДИВАЙН = ВЕСЬ КОНТЕНТ | Path of Exile 2 0.5 Return of The Ancients,Amaterasu,https://www.youtube.com/watch?v=TjdLO5439is,2026-07-06T20:11:37Z,1628,210.55,210.55,3511,2026-07-07T14:49:29Z,3511
2026-07-07T03:55:32Z,Path of Exile 2 Has an Inflation Problem,Jazzarus,https://www.youtube.com/watch?v=tif-33tA03Q,2026-07-06T18:00:08Z,2131,214.74,214.74,3355,2026-07-07T14:49:29Z,3355
2026-07-07T03:55:32Z,[PoE 2] Pillar Ritualist Update - Pillar Clears All The Content In The Game,Carnarius,https://www.youtube.com/watch?v=XmV0t0K8Qvg,2026-07-06T18:06:34Z,2117,215.66,215.66,3473,2026-07-07T14:49:29Z,3473
2026-07-07T03:55:32Z,Качаем воина лучника в Path of Exile 2 !build !tg !vk,CARDIFF GAMING,https://www.youtube.com/watch?v=LwB9SGOVD70,2026-07-07T00:52:56Z,2006,334.33,334.33,2764,2026-07-07T20:03:47Z,2764
2026-07-07T03:55:32Z,Path of Exile 2 | 100M DPS Twister Spirit Walker! Farming Currency (PoE 2 0.5 Huntress),SiahZ,https://www.youtube.com/watch?v=-qCGVbr3YXQ,2026-07-06T21:49:14Z,2426,397.37,397.37,2602,2026-07-07T14:49:29Z,2602
2026-07-07T03:55:32Z,HOW TO MAKE 3000 DIVINE IN 3 BUTTONS LOL  #pathofexile #pathofexile2 #poe2,787prada,https://www.youtube.com/watch?v=RWyR8LoUbvs,2026-07-06T18:00:29Z,4889,492.96,1051.21,21883,2026-07-07T14:49:29Z,21883
2026-07-07T03:55:32Z,Path of Exile 2 Arc Totem Grand Expeditions,Raxxanterax,https://www.youtube.com/watch?v=CcvaEwl90Go,2026-07-07T00:08:18Z,5880,980.0,980.0,6766,2026-07-07T20:03:47Z,6766
2026-07-07T09:51:59Z,Path of Exile 2 - Farm gold craft áo 5 lỗ POE2,CheinGaming,https://www.youtube.com/watch?v=L8FLitIkeG4,2026-07-06T16:49:32Z,1175,68.95,68.95,1175,2026-07-07T09:51:59Z,1175
2026-07-07T09:51:59Z,【Path of Exile 2】表記DPS40万トルネードが限界でした【シャーマン】【PoE2】,ゲーミングナマケモノ,https://www.youtube.com/watch?v=3VBhEY2JHyA,2026-07-07T08:00:09Z,840,140.0,426.24,4663,2026-07-08T08:37:05Z,4663
2026-07-07T09:51:59Z,Montando Build Haaland (Monstro de Fogo) - Path of Exile 2,Leonhart Games,https://www.youtube.com/watch?v=rcnWpO0NIq8,2026-07-07T04:38:50Z,852,142.0,142.0,874,2026-07-07T20:03:47Z,874
2026-07-07T09:51:59Z,Path of Exile 2/流亡黯道2/POE2/整理並講解0.5賽季目前如何白嫖所有的BUG都在這裡 包含卡狼/卡副手技能/古靈卡技能寶石,羽夜,https://www.youtube.com/watch?v=5SrRTmw7VLE,2026-07-07T01:53:52Z,1514,189.99,200.35,3293,2026-07-07T20:03:47Z,3293
2026-07-07T09:51:59Z,PoE 2 0.5 Has Changed A LOT...But Is It Actually Better? Podcast ft. @dmdiablo4,Blazeworks TV,https://www.youtube.com/watch?v=7OxPvXrxpGA,2026-07-06T15:00:11Z,6840,362.61,362.61,6840,2026-07-07T09:51:59Z,6840
2026-07-07T09:51:59Z,⚡1 Omen of Lights Per Hour Every 20 Minutes Reaching for Level 98!  - Endgame Monk Abyss | PoE 2,Diztoh,https://www.youtube.com/watch?v=tbPWeA1JX9I,2026-07-07T05:48:58Z,10538,1756.33,1756.33,10538,2026-07-07T09:51:59Z,10538
2026-07-07T14:49:29Z,"20 INSANE Isometric Games Coming in 2026 & 2027 | Path of Exile 2, Warhammer 40K & More",OKtrix,https://www.youtube.com/watch?v=SHDh-UBSOjQ,2026-07-06T17:16:52Z,2301,106.81,106.81,2301,2026-07-07T14:49:29Z,2301
2026-07-07T14:49:29Z,[Path of Exile 2]レアリティ盛りキャスター用リングクラフト[0.5],やふやふ,https://www.youtube.com/watch?v=kQROcbbeR1M,2026-07-07T09:30:23Z,656,109.33,109.33,1502,2026-07-08T08:37:05Z,1502
2026-07-07T14:49:29Z,The Fastest Monk In Path of Exile 2 #poe2,Requip Gaming ,https://www.youtube.com/watch?v=M1CDDxW1mxs,2026-07-07T13:03:38Z,905,150.83,596.78,9244,2026-07-08T08:37:05Z,9244
2026-07-07T14:49:29Z,СИЛЬНО ПРОГРЕВАЕМСЯ НА СЛИВАХ К СТАРТУ ПОЕ 1 | PATH OF EXILE 2:Return of the Ancients,AgroMorph Highlights,https://www.youtube.com/watch?v=SHjvvM2iwX0,2026-07-07T12:57:59Z,1074,179.0,374.96,4647,2026-07-08T08:37:05Z,4647
2026-07-07T14:49:29Z,BUILD SHOWCASE: Jonathan Hates This Build | Path Of Exile 2,Phalanx,https://www.youtube.com/watch?v=JlMj2x0jJn8,2026-07-07T10:00:16Z,2175,362.5,685.47,12950,2026-07-08T08:37:05Z,12950
2026-07-07T14:49:29Z,You Probably Didn't Know this Existed in PoE2,GhazzyTV,https://www.youtube.com/watch?v=xQfW1aGX5Ew,2026-07-06T15:38:09Z,38820,1674.06,1674.06,38820,2026-07-07T14:49:29Z,38820
2026-07-07T20:03:47Z,PATH OF EXILE 2.РУНЫ АЛЬДУРА.ХОДЯЩАЯ СРЕДИ ДУХОВ.ВЕЛИКАЯ ЭКСПЕДИЦИЯ И ДОРИАНИ [31],Milaya Mila,https://www.youtube.com/watch?v=i-Sd4N37sTg,2026-07-07T12:24:14Z,365,47.65,47.65,365,2026-07-07T20:03:47Z,365
2026-07-07T20:03:47Z,ПОИСК РУНЫ МАНЫ PATH OF EXILE 2 ЭКСПЕДИЦИЯ БОСС УТРЕД ЭНДГЕЙМ ПОЕ 2,POE - Изобретатель,https://www.youtube.com/watch?v=invV2EIqXxI,2026-07-07T01:22:58Z,990,53.0,53.0,990,2026-07-07T20:03:47Z,990
2026-07-07T20:03:47Z,🔴[LIVE] 💀First Time Ever Playing PATH OF EXILE 2 | Sorceress MAPS! | Playthrough [Day 16],RelativityRabbit,https://www.youtube.com/watch?v=nYiD-qla3g4,2026-07-07T14:14:15Z,332,55.33,55.33,346,2026-07-08T08:37:05Z,346
2026-07-07T20:03:47Z,[Path of Exile 2] What Simulacrum Drops and Loot From 100 Runs,Precaso,https://www.youtube.com/watch?v=mDoS4LgsmG0,2026-07-07T11:43:32Z,497,59.61,59.61,962,2026-07-08T08:37:05Z,962
2026-07-07T20:03:47Z,🔴path of exile 2 | Stormweaver REAP COC Melee Magic !build Day.30,ErrDeawMa,https://www.youtube.com/watch?v=oUI5H0HKXSc,2026-07-07T14:27:37Z,728,121.33,121.33,728,2026-07-07T20:03:47Z,728
2026-07-07T20:03:47Z,Gemling Minion RF Raven Flock - Path of exile 2,LLYD,https://www.youtube.com/watch?v=xF-DVOLAFMU,2026-07-07T13:11:13Z,2211,321.54,321.54,4414,2026-07-08T08:37:05Z,4414
2026-07-07T20:03:47Z,Что выпало за 100 забегов на Ксешта. Path of Exile 2,Qordes,https://www.youtube.com/watch?v=0Aifa-mdC54,2026-07-07T17:24:46Z,4071,678.5,1080.57,16599,2026-07-08T14:27:25Z,16599
2026-07-07T20:03:47Z,Path of Exile 2 Arc Totem Grand Expeditions,Raxxanterax,https://www.youtube.com/watch?v=sq2bi9qL2MY,2026-07-07T19:01:41Z,4616,769.33,769.33,6666,2026-07-08T19:41:22Z,6666
2026-07-08T03:21:53Z,Path Of Exile 2 - Nova Build de Guerreiro - Titan,Jookeer12,https://www.youtube.com/watch?v=ZW4bFKMAmPo,2026-07-07T21:31:14Z,136,22.67,22.67,136,2026-07-08T03:21:53Z,136
2026-07-08T03:21:53Z,Path of Exile 2 Return of the Ancient Printing Currency,ShakeN_YT,https://www.youtube.com/watch?v=64b9VuDAx2g,2026-07-08T00:00:06Z,139,23.17,23.17,146,2026-07-08T08:37:05Z,146
2026-07-08T03:21:53Z,Atziri Farming | Path of Exile 2,Kingdom Twelve,https://www.youtube.com/watch?v=9jh6-P3-sPA,2026-07-07T21:08:31Z,227,36.48,36.48,233,2026-07-08T14:27:25Z,233
2026-07-08T03:21:53Z,Build CALAMIDADE Gemling - Path of Exile 2,Leonhart Games,https://www.youtube.com/watch?v=IUMugTAV8Og,2026-07-07T16:08:35Z,503,44.82,44.82,503,2026-07-08T14:27:25Z,503
2026-07-08T03:21:53Z,【Path of Exile 2】カッコイイ雷ビルドでシミュラクラム周回！ボイスvoiceぼいす🙄,しゅん / shun,https://www.youtube.com/watch?v=RlYMjbpmxY8,2026-07-07T09:39:46Z,967,54.63,54.63,967,2026-07-08T03:21:53Z,967
2026-07-08T03:21:53Z,Path of Exile 2 - mọi chuyện đã qua mình làm lại từ đầu - kiếm mirror ngày thứ n,CheinGaming,https://www.youtube.com/watch?v=B730zFBO3RI,2026-07-07T15:49:10Z,1007,87.22,87.22,1007,2026-07-08T03:21:53Z,1007
2026-07-08T03:21:53Z,Yueri Plays Path of Exile 2 0.5 Adonia Stormweaver Spark CoEA CoC,yueri Plays,https://www.youtube.com/watch?v=Y1EwxjgqrPE,2026-07-07T20:41:00Z,749,112.1,112.1,755,2026-07-08T14:27:25Z,755
2026-07-08T03:21:53Z,"✔ [POE 2] COMET GEMLING IS DESTROYING FULLY JUICED CONTENT, Final Build Update - Path Of Exile 2",TempOH,https://www.youtube.com/watch?v=yGOmwUPxtYE,2026-07-07T11:42:34Z,1766,112.8,158.88,3322,2026-07-08T08:37:05Z,3322
2026-07-08T03:21:53Z,Strongest Twister Build in 0.5 - Path of Exile 2,Redviles,https://www.youtube.com/watch?v=9Xrjv7pwGbc,2026-07-07T21:30:48Z,1223,203.83,411.24,8983,2026-07-08T19:41:22Z,8983
2026-07-08T03:21:53Z,【PoE2 0.5】GO TO THE BEACH! 海へ。 - Path of Exile 2 !build !moba !Discord,[CCG] Circus Circle Games,https://www.youtube.com/watch?v=dy6grQ5SmLM,2026-07-07T19:07:12Z,2227,270.11,270.11,2384,2026-07-08T19:41:22Z,2384
2026-07-08T08:37:05Z,💥PATH OF EXILE 2💥 HARDCORE: ПРОКАЧКА НА ГОРОДАХ 🚩Топ 200 ладдера🚩❄️ЛЕДЯНЫЕ ТОТЕМЫ❄️,MERENKOFF,https://www.youtube.com/watch?v=TO-KBISjtJ4,2026-07-07T21:48:51Z,179,16.57,16.57,179,2026-07-08T14:27:25Z,179
2026-07-08T08:37:05Z,Como Conseguir +1 Ponto de Passiva no Path of Exile 2 (Guia Completo),ChibaTTV,https://www.youtube.com/watch?v=qikek0lTw8c,2026-07-07T11:00:38Z,395,18.28,18.28,395,2026-07-08T08:37:05Z,395
2026-07-08T08:37:05Z,🎩Path of Exile 2🎩👓Кровавая ведьма с арбалетом на холоде.👓,mrBLO стримы,https://www.youtube.com/watch?v=VcgmvSQheJ0,2026-07-08T00:27:05Z,251,30.73,30.73,251,2026-07-08T08:37:05Z,251
2026-07-08T08:37:05Z,Headhunter mı Mageblood mı? - Return of the Ancients - Path of Exile 2,Caner Jhonnie Güngörür,https://www.youtube.com/watch?v=M8Qe3VU7W4I,2026-07-08T07:57:46Z,204,34.0,210.95,3345,2026-07-09T09:49:45Z,3345
2026-07-08T08:37:05Z,Attack ring craft PERFECTED! PoE 2 - 0.5,Keyson,https://www.youtube.com/watch?v=TWgmQuiLeHA,2026-07-07T22:25:17Z,3559,349.03,349.03,7419,2026-07-08T19:41:22Z,7419
2026-07-08T14:27:25Z,Starting Act 3 in Path of Exile 2 | Warrior Progression Continues,FunGuyForrest,https://www.youtube.com/watch?v=lTzAj2hkVd8,2026-07-07T16:22:17Z,191,8.65,8.65,191,2026-07-08T14:27:25Z,191
2026-07-08T14:27:25Z,1000 DIVINE ORB HARCIYORUM!!! | PATH OF EXILE 2,Ludo Epigrafi,https://www.youtube.com/watch?v=cGk4_GQsxHY,2026-07-07T15:01:31Z,231,9.86,9.86,231,2026-07-08T14:27:25Z,231
2026-07-08T14:27:25Z,Mjölner Titan Is INSANE! Instant Earthquake Build Guide | Path of Exile 2,Ulfhednar,https://www.youtube.com/watch?v=w9IbpVgppkE,2026-07-08T14:02:03Z,96,16.0,269.96,5325,2026-07-09T09:49:45Z,5325
2026-07-08T14:27:25Z,🔴Infinite Mana Aldur's Saga GIGA JUICING !build | Path Of Exile 2,Phalanx,https://www.youtube.com/watch?v=v80rlTy8pcM,2026-07-07T17:57:13Z,432,21.07,21.07,432,2026-07-08T14:27:25Z,432
2026-07-08T14:27:25Z,Budget Spark CoC Comet Deletes EVERYTHING - Path of Exile 2 Build Guide,anime princess,https://www.youtube.com/watch?v=uRY4KZJiwEc,2026-07-08T14:05:37Z,309,51.5,936.54,16654,2026-07-09T09:49:45Z,16654
2026-07-08T14:27:25Z,【Path of Exile 2】メンテナンスに妨害されるゲーム実況者　#PoE2　#PathOfExile2　#ゲーム実況,あきちゃんは引きこもりたい,https://www.youtube.com/watch?v=1Hlux_1UbQU,2026-07-08T10:18:59Z,347,57.83,57.83,373,2026-07-08T19:41:22Z,373
2026-07-08T14:27:25Z,2分鐘讓你告別遊戲卡頓！！ #poe2 #shorts,Taco他口,https://www.youtube.com/watch?v=nuch8wYCzoM,2026-07-08T13:07:54Z,647,107.83,322.08,6235,2026-07-09T09:49:45Z,6235
2026-07-08T14:27:25Z,Moja OPINIA o NOWEJ Lidze (0.5) w Path of Exile 2,DattlerTV,https://www.youtube.com/watch?v=j5kUpdgIXgI,2026-07-08T06:00:16Z,1092,129.19,129.19,2174,2026-07-09T03:49:03Z,2174
2026-07-08T14:27:25Z,How to make MONEY doing ANYTHING in Path of Exile 2 | Farming 101,Hax,https://www.youtube.com/watch?v=z11tnYjNK3c,2026-07-08T09:19:04Z,909,151.5,302.84,4730,2026-07-09T09:49:45Z,4730
2026-07-08T14:27:25Z,[POE2] REPEX 추천 꾸미기 아이템 12종 최초 공개!! [패스오브엑자일2],REPEX | 리펙스,https://www.youtube.com/watch?v=1isyWKrrmv0,2026-07-08T00:45:34Z,2513,183.46,183.46,3029,2026-07-09T03:49:03Z,3029
2026-07-08T14:27:25Z,Ghazzy Has a New Atziri Strategy In PoE2,Exiled Again,https://www.youtube.com/watch?v=ssxmk2XycPU,2026-07-07T14:50:29Z,43102,1825.14,1825.14,43102,2026-07-08T14:27:25Z,43102
2026-07-08T19:41:22Z,Дедайка HCSSF - lvl 96+ ( Path of Exile 2 ),Maxim Gladiator,https://www.youtube.com/watch?v=Aq8bUkK1NBQ,2026-07-08T17:25:00Z,280,46.67,46.67,280,2026-07-08T19:41:22Z,280
2026-07-08T19:41:22Z,МАНА СТАК PATH OF EXILE 2 НОВЫЙ ПЕРС ТЕМПОРАЛИС + ВИЛКА ПРОКАЧКА АКТЫ ПОЕ 2,POE - Изобретатель,https://www.youtube.com/watch?v=kpybxW0ZQrU,2026-07-08T14:43:12Z,682,113.67,113.67,682,2026-07-09T15:22:20Z,682
2026-07-08T19:41:22Z,СЕКРЕТНЫЙ КВЕСТ PATH OF EXILE 2 РУНА МАНЫ ВАЛЮТА ИЗ ВОЗДУХА РУНИЧЕСКАЯ ВИЛКА [ГАЙДЫ \ СОВЕТЫ],POE - Изобретатель,https://www.youtube.com/watch?v=G6kVF8aF7ug,2026-07-08T05:45:25Z,1699,121.94,121.94,2416,2026-07-09T03:49:03Z,2416
2026-07-08T19:41:22Z,Mirage Archer Snipe Gemling Legionnaire Destroys Juiced Expeditions Path of Exile 2 0.5,J_Macc,https://www.youtube.com/watch?v=OuRZxPnjn48,2026-07-07T23:17:02Z,3060,149.96,149.96,3060,2026-07-08T19:41:22Z,3060
2026-07-08T19:41:22Z,Path of Exile 2 - Jogando de Druida no Pelo - [PARTE 04],HandsomeD,https://www.youtube.com/watch?v=o0T7ry7JEtA,2026-07-08T01:20:50Z,6216,338.89,338.89,6306,2026-07-09T03:49:03Z,6306
2026-07-08T19:41:22Z,Path of Exile 2 - Grand Regalia Identifying and Reforging,OnesInTheChat,https://www.youtube.com/watch?v=JD_AA70M-to,2026-07-08T14:30:38Z,2399,399.83,411.89,7500,2026-07-09T15:22:20Z,7500
2026-07-08T19:41:22Z,Is this challenge even possible? - Path of Exile 2 Without ANY Loot,Zizaran,https://www.youtube.com/watch?v=wcBxHQ8Vn0I,2026-07-08T17:29:55Z,4050,675.0,1388.12,20242,2026-07-09T15:22:20Z,20242
2026-07-08T19:41:22Z,Я БРОСАЮ POE 2 РАДИ НОВОЙ ЛИГИ В КОНФЕТКЕ 1  | Path of Exile 2: Return of the Ancients,poe bota_лучшее,https://www.youtube.com/watch?v=HPT0zq6Ipfk,2026-07-08T11:00:40Z,6249,720.07,720.07,8758,2026-07-09T09:49:45Z,8758
2026-07-09T03:49:03Z,🔴 Começando no Path of Exile 2 e criticando Rag,KDash,https://www.youtube.com/watch?v=9qul8yjn0uI,2026-07-08T23:59:44Z,269,44.83,44.83,271,2026-07-09T09:49:45Z,271
2026-07-09T03:49:03Z,PoE 2 Bloodmage Spark - Mana Stacker Build | 0.5 Path of Exile 2,Byankuu,https://www.youtube.com/watch?v=c93RStY6D8g,2026-07-08T18:54:06Z,468,52.49,187.1,3830,2026-07-09T15:22:20Z,3830
2026-07-09T03:49:03Z,🎩Path of Exile 2🎩👓Кровавая ведьма с арбалетом на холоде.👓,mrBLO стримы,https://www.youtube.com/watch?v=HyaKkj_ZHq4,2026-07-08T22:18:50Z,402,67.0,67.0,402,2026-07-09T09:49:45Z,402
2026-07-09T03:49:03Z,True Face of Bonk!! - Face Breaker Titan | PoE 2 0.5 RoTA,Inner Blaze,https://www.youtube.com/watch?v=ZMW_qNcELn8,2026-07-08T02:15:59Z,1782,69.74,69.74,1782,2026-07-09T03:49:03Z,1782
2026-07-09T03:49:03Z,"Path of Exile 2 - Citadels, Breaches, and Xesht Today!",OnesInTheChat,https://www.youtube.com/watch?v=66SAvahqY5Q,2026-07-08T23:21:38Z,681,113.5,113.5,744,2026-07-09T15:22:20Z,744
2026-07-09T03:49:03Z,Path of Exile 2 | Building Rarity Twister Spirit Walker! Currency Everywhere! (PoE 2 0.5 Huntress),SiahZ,https://www.youtube.com/watch?v=q7SNLPuodtM,2026-07-08T22:05:18Z,1865,310.83,310.83,2122,2026-07-09T19:53:55Z,2122
2026-07-09T03:49:03Z,Path of Exile 2 Arc Totem Grand Expeditions,Raxxanterax,https://www.youtube.com/watch?v=3HPI8kR366Y,2026-07-08T23:00:21Z,6959,1159.83,1159.83,7698,2026-07-09T19:53:55Z,7698
2026-07-09T09:49:45Z,Поекаст №6: Проблемні місця гри | Path of Exile 2 українською,AeronBM,https://www.youtube.com/watch?v=gctvJFxaezU,2026-07-08T17:37:43Z,520,32.1,34.77,756,2026-07-09T15:22:20Z,756
2026-07-09T09:49:45Z,TOP 10 NEW BROKEN BUILDS IN POE 2 0.5! Path of Exile 2 Builds | POE2 Builds (NEW META),KaidGames2,https://www.youtube.com/watch?v=PU6-6e7SOEY,2026-07-08T20:00:09Z,535,38.69,38.69,686,2026-07-09T15:22:20Z,686
2026-07-09T09:49:45Z,Path of Exile 2 ist das Next-Gen-Diablo meiner Träume?! 😱 | Reaction,jessirocks,https://www.youtube.com/watch?v=yI_a3939HPg,2026-07-09T08:00:08Z,716,119.33,495.19,5891,2026-07-09T19:53:55Z,5891
2026-07-09T09:49:45Z,I Used The Best Free Path Of Exile 2 Bot in 2026! And Its Insane! | Poe 2 AutoBot ✅,PowerzBiLaL,https://www.youtube.com/watch?v=yCgG6aWwjgQ,2026-07-09T08:15:40Z,954,159.0,172.82,1230,2026-07-10T14:39:57Z,1230
2026-07-09T09:49:45Z,Chaos Blender - The Ultimate Solo PoE2 Build Martial Artist,Mirror Tier | POE 2,https://www.youtube.com/watch?v=jvzX_mYXUJY,2026-07-08T13:30:33Z,9468,465.94,465.94,9468,2026-07-09T09:49:45Z,9468
2026-07-09T15:22:20Z,Path of Exile 2 -  200 Points to Finish the Atlas Tree  🥶 🏹  (PC),CRiZZO,https://www.youtube.com/watch?v=w0LGyoQZadk,2026-07-09T08:49:06Z,124,18.92,18.92,124,2026-07-09T15:22:20Z,124
2026-07-09T15:22:20Z,Path of Exile 2 - Count Geonor - Return of the Ancients,PRAE,https://www.youtube.com/watch?v=K_oLzjL7Tmo,2026-07-09T10:33:14Z,279,46.5,46.5,388,2026-07-09T19:53:55Z,388
2026-07-09T15:22:20Z,Path of Exile 2 опять ТРЯСЁТ снова конфликт с участием Fubgun и TFT,Giga Grizzly,https://www.youtube.com/watch?v=Xc2lLDLqnRg,2026-07-09T10:57:02Z,322,53.67,53.67,826,2026-07-10T03:50:32Z,826
2026-07-09T15:22:20Z,Path of Exile 2 : Road to Lv.100 แม่ค้าขายแมพฟามเวล『PAres Spacedog』#ECR #aresjournal,PAres Spacedog『Berlina•ECR』,https://www.youtube.com/watch?v=tNyYva3yImQ,2026-07-09T12:10:55Z,431,71.83,71.83,461,2026-07-10T09:45:13Z,461
2026-07-09T15:22:20Z,დავბრუნდი???? | Path of Exile 2,BoomBigBoom,https://www.youtube.com/watch?v=m7xs9oRdMrU,2026-07-09T13:14:13Z,526,87.67,102.82,740,2026-07-10T09:45:13Z,740
2026-07-09T15:22:20Z,[0.5] PoE 2 THUNDER MARTIAL ARTIST | ZAROKH(6 MAN) | Monk Build | Path of exile 2,SlayerD,https://www.youtube.com/watch?v=6p1Ty3DAvB0,2026-07-09T04:53:15Z,3584,341.82,341.82,4477,2026-07-09T19:53:55Z,4477
2026-07-09T15:22:20Z,Path of Exile 2 - Jogando de Druida no Pelo - [PARTE 05],HandsomeD,https://www.youtube.com/watch?v=PLd4Ee5yZnU,2026-07-09T02:02:16Z,5238,392.81,392.81,5280,2026-07-09T19:53:55Z,5280
2026-07-09T15:22:20Z,【Path of Exile 2】実質DPS290万のトルネード最強！トルネード最強！【シャーマン】【PoE2】,ゲーミングナマケモノ,https://www.youtube.com/watch?v=tKiZQqIvKrU,2026-07-09T08:00:25Z,3589,487.27,487.27,4906,2026-07-10T03:50:32Z,4906
2026-07-09T15:22:20Z,Who is The Arbiter Of Divinity? | Path Of Exile 2 Lore,Lore Of Exile,https://www.youtube.com/watch?v=jJTE-_imPYE,2026-07-09T06:45:05Z,5028,583.23,583.23,7545,2026-07-09T19:53:55Z,7545
2026-07-09T19:53:55Z,Como Craftar Diamonds Perfeitas com 5 Mods no Path of Exile 2 | Guia Completo de Craft,ChibaTTV,https://www.youtube.com/watch?v=VV6thENd1Jo,2026-07-08T22:58:32Z,997,47.65,47.65,997,2026-07-09T19:53:55Z,997
2026-07-09T19:53:55Z,🔴[LIVE] 💀First Time Ever Playing PATH OF EXILE 2 | Sorceress MAPS! | Playthrough [Day 18],RelativityRabbit,https://www.youtube.com/watch?v=Jqk9P0Rq3lA,2026-07-09T15:15:20Z,368,61.33,61.33,369,2026-07-10T09:45:13Z,369
2026-07-09T19:53:55Z,[PoE 2] Pillar Ritualist Final Update - Positively Surprised How Strong It Was,Carnarius,https://www.youtube.com/watch?v=N-iujzXcOog,2026-07-09T16:11:53Z,388,64.67,135.93,3054,2026-07-10T14:39:57Z,3054
2026-07-09T19:53:55Z,ДОДЕЛЫВАЕМ ДВОЙНУЮ МОЛНИЮ Path of exile 2 0.5,Yur4ikOgyr4ik,https://www.youtube.com/watch?v=BihI84Tdwo8,2026-07-09T16:51:08Z,514,85.67,85.67,521,2026-07-10T09:45:13Z,521
2026-07-09T19:53:55Z,Path Of Exile 2 I EP 25 I บร้าไปแล้ว ช้างเลือด 450K กับ คลาส Ritualist,iTimex,https://www.youtube.com/watch?v=eo-eCWtP9Fg,2026-07-09T17:07:59Z,521,86.83,86.83,548,2026-07-10T03:50:32Z,548
2026-07-09T19:53:55Z,Yueri Plays Path of Exile 2 0.5 Blood Mage Temporalis,yueri Plays,https://www.youtube.com/watch?v=8K7XITvkX-Y,2026-07-09T18:07:18Z,843,140.5,140.5,887,2026-07-10T14:39:57Z,887
2026-07-09T19:53:55Z,Path of Exile 2 - hoàn thành đại hải trình đã tìm ra Runeseeker's Call Runic Fork,CheinGaming,https://www.youtube.com/watch?v=lmPeY4b3HbY,2026-07-09T15:46:21Z,1032,172.0,172.0,1032,2026-07-10T14:39:57Z,1032
2026-07-09T19:53:55Z,POE2新リーグ0.5.3『セカンドキャラ　ジェムリング育成』ARPG　パスオブエグザイル２【Path of Exile 2】,タカピィTKAP,https://www.youtube.com/watch?v=9cM7_t5JCkA,2026-07-09T17:49:08Z,2363,393.83,393.83,2672,2026-07-10T14:39:57Z,2672
2026-07-09T19:53:55Z,Path of Exile 2 Arc Totem Grand Expeditions,Raxxanterax,https://www.youtube.com/watch?v=POmMWhHZOVA,2026-07-09T18:31:58Z,7026,1171.0,1171.0,8210,2026-07-10T14:39:57Z,8210
2026-07-09T19:53:55Z,This PoE2 Tech Is Absolutely Ridiculous,Exiled Again,https://www.youtube.com/watch?v=kWL9E0Ootv0,2026-07-09T13:00:19Z,23554,3416.85,3416.85,44812,2026-07-10T14:39:57Z,44812
2026-07-10T03:50:32Z,Chaos Caster Monk is AMAZING and SUPER BUDGET - Path of Exile 2 0.5,Off-Meta Michael,https://www.youtube.com/watch?v=z0x-lFZQmtw,2026-07-09T17:49:48Z,617,61.62,75.55,1562,2026-07-10T14:39:57Z,1562
2026-07-10T03:50:32Z,[Path of Exile 2] Craft pour débutant pendant la campagne  (Màj),Henip,https://www.youtube.com/watch?v=rtp_jqaVBro,2026-07-09T10:02:13Z,1218,68.41,68.41,1218,2026-07-10T03:50:32Z,1218
2026-07-10T03:50:32Z,МАНА СТАК PATH OF EXILE 2 НОВЫЙ ПЕРС ТЕМПОРАЛИС + ВИЛКА ПРОКАЧКА АКТЫ ПОЕ 2,POE - Изобретатель,https://www.youtube.com/watch?v=PXpJJXdHqhU,2026-07-09T14:40:18Z,923,70.08,70.08,924,2026-07-10T09:45:13Z,924
2026-07-10T03:50:32Z,Path of Exile 2 | 150% Rarity Twister Spirit Walker! Divines Everywhere! (PoE 2 0.5 Huntress),SiahZ,https://www.youtube.com/watch?v=9plnqYLfoZg,2026-07-09T20:19:27Z,1294,172.11,172.11,1581,2026-07-10T19:40:16Z,1581
2026-07-10T03:50:32Z,"Лук железное плечо, разгоняем. Path of Exile 2 !tg !youtube",CARDIFF GAMING,https://www.youtube.com/watch?v=qfVyF4xhMMo,2026-07-10T01:04:25Z,2035,339.17,339.17,2773,2026-07-10T19:40:16Z,2773
2026-07-10T03:50:32Z,Path of Exile 2 - Jogando de Druida no Pelo - [PARTE 07],HandsomeD,https://www.youtube.com/watch?v=J4fHfMHSb3M,2026-07-10T02:35:46Z,4076,679.33,679.33,4856,2026-07-10T19:40:16Z,4856
2026-07-10T03:50:32Z,Подробный гайд на эндгейм билд инферналистки. Path of Exile 2,Qordes,https://www.youtube.com/watch?v=e1rfTMNTZC8,2026-07-09T18:58:57Z,7244,817.62,817.62,14181,2026-07-10T14:39:57Z,14181
2026-07-10T03:50:32Z,Path of Exile 2 Build Showcase: Slowmaxing Chronomancer by TuskDeluxe,Path of Exile,https://www.youtube.com/watch?v=ZkR2oLp2yVk,2026-07-09T21:00:14Z,65864,9631.31,9631.31,129900,2026-07-10T19:40:16Z,129900
2026-07-10T09:45:13Z,"Path Of Exile 2: SergentBubbleGuts, LEVEL84 Still RONDEL's MINGMING Gas Grenade Warrior Warbringer",FragManSaul,https://www.youtube.com/watch?v=5EUwz4fwfxc,2026-07-10T00:44:33Z,219,24.3,24.3,230,2026-07-10T19:40:16Z,230
2026-07-10T09:45:13Z,0.5 Comprehensive Guide - Ward-based Infinite Comet Armour Stacking Infernalist - Expedition Deleter,Ignatius,https://www.youtube.com/watch?v=HX22EJg8d-4,2026-07-09T14:54:43Z,2115,112.25,112.25,2541,2026-07-10T14:39:57Z,2541
2026-07-10T09:45:13Z,New 10 Ex Unique Nobody Uses is the Best Item in the Game... Seriously | PoE 2 0.5,Belton,https://www.youtube.com/watch?v=1-r8gO_wey4,2026-07-09T18:36:45Z,30084,1986.88,1986.88,35689,2026-07-10T14:39:57Z,35689
2026-07-10T14:39:57Z,The Three Dragons: The Ailment-Swap Mask #PoE2 #Shorts,PoE2 Archive,https://www.youtube.com/watch?v=E20JuvcOkvU,2026-07-10T08:13:35Z,324,50.31,50.31,721,2026-07-11T03:16:42Z,721
2026-07-10T14:39:57Z,МАНА СТАК PATH OF EXILE 2 НОВЫЙ ПЕРС КОМЕТЫ + ВИЛКА ПРОКАЧКА ПОЕ 2,POE - Изобретатель,https://www.youtube.com/watch?v=cLkDD5_Hrg4,2026-07-10T00:47:30Z,748,53.91,53.91,748,2026-07-10T19:40:16Z,748
2026-07-10T14:39:57Z,Inflation in PoE2 Hits Differently! #shorts,Scorpius Daily,https://www.youtube.com/watch?v=hSEUPRbBO-0,2026-07-09T14:30:24Z,1601,66.27,66.27,1601,2026-07-10T14:39:57Z,1601
2026-07-10T14:39:57Z,The FASTEST Way to Level Up Your Character - Path of Exile 2,Spud the King – Builds & Guides,https://www.youtube.com/watch?v=MuQfgRz0AI0,2026-07-10T14:00:32Z,399,66.5,580.67,7816,2026-07-11T08:04:05Z,7816
2026-07-10T14:39:57Z,THE FLOOR IS LAVA Build Concept | Path Of Exile 2,Phalanx,https://www.youtube.com/watch?v=aju0OrPKX0o,2026-07-10T10:00:34Z,695,115.83,153.18,2016,2026-07-11T08:04:05Z,2016
2026-07-10T14:39:57Z,NEW #1 POE 2 AFK Trading Methods That Make 500+ Divines Daily PASSIVE INCOME!,Mattjestic Life,https://www.youtube.com/watch?v=gs_q219eftw,2026-07-09T14:00:09Z,4794,194.38,194.38,4794,2026-07-10T14:39:57Z,4794
2026-07-10T14:39:57Z,This was even more insane! - Stop mapping session 2: Breach Tablets - PoE2 #99,Empyriangaming,https://www.youtube.com/watch?v=ydMyXKFbyD4,2026-07-09T11:40:17Z,39548,1465.03,1465.03,39548,2026-07-10T14:39:57Z,39548
2026-07-10T19:40:16Z,PATH of EXILE 2 MAPS RUNNING FROM 1 TAPS 😭🫩,Deezzy Fettuccine,https://www.youtube.com/watch?v=3Xej_Ho6bss,2026-07-10T11:05:47Z,109,12.71,12.71,109,2026-07-10T19:40:16Z,109
2026-07-10T19:40:16Z,Path of Exile 2 - Shorts live stream - Horizontal stream also live,Meelie LG,https://www.youtube.com/watch?v=ThVGIN0JElM,2026-07-10T15:16:18Z,99,16.5,16.5,99,2026-07-10T19:40:16Z,99
2026-07-10T19:40:16Z,Summon Raging Spirits Lich Patch 0.5 Update - Path of Exile 2 Build Guide,Odealo,https://www.youtube.com/watch?v=OFlHOBQB9a0,2026-07-10T14:00:30Z,100,16.67,31.45,568,2026-07-11T08:04:05Z,568
2026-07-10T19:40:16Z,Path of Exile 2 -  200 Points to Finish the Atlas Tree  🥶 🏹  (PC),CRiZZO,https://www.youtube.com/watch?v=awFGO76M7TM,2026-07-10T12:56:26Z,141,20.95,20.95,141,2026-07-10T19:40:16Z,141
2026-07-10T19:40:16Z,Still On Act 2 w/ Ranger (Shorts) | Path Of Exile 2,DrOctaviousJr,https://www.youtube.com/watch?v=5Tloz0th3u0,2026-07-10T14:12:57Z,145,24.17,24.17,145,2026-07-10T19:40:16Z,145
2026-07-10T19:40:16Z,Does Path of Exile 2 have a Build Problem? | Mind over Meta Ep. 20,CyclonDefinitiv,https://www.youtube.com/watch?v=FTY870NKYTI,2026-07-10T16:41:39Z,153,25.5,68.4,1162,2026-07-11T13:38:34Z,1162
2026-07-10T19:40:16Z,[ LIVE ] Path of Exile 2 | อยากเล่นspark day2 วนจะจบactไม,ITuasab,https://www.youtube.com/watch?v=XxaFc3bb_hU,2026-07-10T13:51:17Z,160,26.67,26.67,160,2026-07-10T19:40:16Z,160
2026-07-10T19:40:16Z,🔴กี่ Div? Atziri Boss rush farming | Path of Exile 2 | Live,NoSugar,https://www.youtube.com/watch?v=exDtFuxVqmo,2026-07-10T12:52:36Z,423,62.26,62.26,423,2026-07-11T08:04:05Z,423
2026-07-10T19:40:16Z,Path of Exile 2 - Nay Craft Gold Ring - tìm kiếm chiếc nhẫn vàng trong truyền thuyết,CheinGaming,https://www.youtube.com/watch?v=09j3s2tCkqk,2026-07-10T15:50:56Z,724,120.67,120.67,736,2026-07-11T13:38:34Z,736
2026-07-10T19:40:16Z,🔴Path of Exile 2  : ให้อีก 100 รอบ,Simuraz,https://www.youtube.com/watch?v=rMA0VAhDf70,2026-07-10T11:42:07Z,1440,180.69,180.69,1440,2026-07-11T03:16:42Z,1329
2026-07-10T19:40:16Z,Path of Exile 2 - High Risk High Reward Chancing,OnesInTheChat,https://www.youtube.com/watch?v=mwu3ysZu81w,2026-07-10T14:30:23Z,3616,602.67,602.67,8866,2026-07-11T08:04:05Z,8866
2026-07-11T03:16:42Z,🎩Path of Exile 2🎩👓Кровавая ведьма с арбалетом на холоде.👓,mrBLO стримы,https://www.youtube.com/watch?v=X51NtJC40fY,2026-07-10T19:21:34Z,340,42.93,42.93,340,2026-07-11T08:04:05Z,340
2026-07-11T03:16:42Z,LIVE | This Skill Clears Ritual Easily! | Path of Exile 2,Troy Tesko,https://www.youtube.com/watch?v=SNG6_jOxJZs,2026-07-10T19:13:04Z,509,63.15,63.15,520,2026-07-11T13:38:34Z,520
2026-07-11T03:16:42Z,La 0.5 de Path of Exile 2 était elle vraiment prête ?  Mon bilan aprés 6 semaines de jeu ! #poe2,Soawake,https://www.youtube.com/watch?v=MZhAKj3XOQc,2026-07-10T10:00:15Z,1110,64.26,64.26,1169,2026-07-11T08:04:05Z,1169
2026-07-11T03:16:42Z,Smith of Kitava Warrior is Dumb Fun,RabidBlue,https://www.youtube.com/watch?v=kNGjjd0RWAg,2026-07-10T21:18:10Z,424,70.67,70.67,906,2026-07-11T13:38:34Z,906
2026-07-11T03:16:42Z,Yueri Plays Path of Exile 2 Blood Mage Temporalis & Moonlight Peaks,yueri Plays,https://www.youtube.com/watch?v=CUOxrBm8c4g,2026-07-10T19:04:13Z,592,72.12,72.12,615,2026-07-11T13:38:34Z,615
2026-07-11T03:16:42Z,Każdy Build DA SIĘ naprawić! Path of Exile 2,Prozu,https://www.youtube.com/watch?v=X-0TtOXvFPs,2026-07-10T13:39:23Z,1770,129.94,129.94,1866,2026-07-11T08:04:05Z,1866
2026-07-11T03:16:42Z,Path of Exile 2 - Mapping and Breaches Today!,OnesInTheChat,https://www.youtube.com/watch?v=2IF4JrllxXU,2026-07-10T23:26:35Z,826,137.67,137.67,846,2026-07-11T13:38:34Z,846
2026-07-11T03:16:42Z,Breach is the Most Chill Farm Strat in PoE 2,Path of Evening,https://www.youtube.com/watch?v=DcaMfK7vGGY,2026-07-10T12:00:05Z,6501,425.54,425.54,6501,2026-07-11T03:16:42Z,6501
2026-07-11T03:16:42Z,How To Craft INSANE Endgame 5 Mod Jewels For ANY Build - Beginner Friendly Craft Guide - PoE 2,Master T,https://www.youtube.com/watch?v=GNNkhSENp6Q,2026-07-10T16:17:15Z,5292,481.48,481.48,5292,2026-07-11T03:16:42Z,5292
2026-07-11T03:16:42Z,⚡ These Ritual Tablet Can Sell for 50+ Divines | PoE 2,Diztoh,https://www.youtube.com/watch?v=lGreSOvRfEk,2026-07-10T20:00:00Z,4316,592.98,592.98,6355,2026-07-11T13:38:34Z,6355
2026-07-11T03:16:42Z,Path of Exile 2 Arc Totem Grand Expeditions,Raxxanterax,https://www.youtube.com/watch?v=2TmqyEV8jM4,2026-07-11T00:40:58Z,5416,902.67,902.67,6411,2026-07-11T19:11:56Z,6411
2026-07-11T03:16:42Z,⚡ Don't Miss This Ritual Tablet Modifier | PoE 2 #pathofexile2 #shorts,Diztoh,https://www.youtube.com/watch?v=rXrO3-36SHg,2026-07-10T22:23:18Z,9675,1612.5,2449.31,37363,2026-07-11T13:38:34Z,37363
2026-07-11T08:04:05Z,【Path of Exile 2 shorts】禁断症状もでるそれがPOE2【おぶちゃんねる】#パスオブエグザイル2 #ハクスラ #ゲーム実況  #shorts,おぶちゃんねる,https://www.youtube.com/watch?v=sLen_mehFac,2026-07-11T03:00:07Z,271,45.17,45.17,271,2026-07-11T08:04:05Z,271
2026-07-11T08:04:05Z,Path of Exile 2 Crafting Guide: Endgame Crafting Beispiele (Teil 2),Lowepe,https://www.youtube.com/watch?v=N7dxD-mrmvw,2026-07-11T05:34:29Z,331,55.17,121.47,1655,2026-07-11T19:11:56Z,1655
2026-07-11T08:04:05Z,ГЕМЛИНГ ЛЕГИОНЕР — МОРТИРЫ ИМБА! Ваншотят весь эндгейм | Path of Exile 2 #poe2 #pathofexile2,POE2хавший,https://www.youtube.com/watch?v=buXn7Gl5WLA,2026-07-11T04:51:30Z,437,72.83,72.83,716,2026-07-11T19:11:56Z,716
2026-07-11T13:38:34Z,Бесплатный сехем Path of Exile 2 Возвращение древних 0.5.0 #poe2 #paul_robot,Paul_Robot,https://www.youtube.com/watch?v=6bdgoeO_fu0,2026-07-10T20:33:01Z,117,6.85,6.85,117,2026-07-11T13:38:34Z,117
2026-07-11T13:38:34Z,Path of Exile 2 Return of the Ancients #056 (Runeseekers Call!!!),Tenpinmaster,https://www.youtube.com/watch?v=iJnl_PmOL4c,2026-07-11T11:31:20Z,43,7.17,7.17,43,2026-07-11T13:38:34Z,43
2026-07-11T13:38:34Z,COM CES TÃO? TURO BÃO? - PATH OF EXILE 2 - XAMÃ DE FOGO [ENDGAME] - 10/07/2026,Cremado,https://www.youtube.com/watch?v=JdKhJ7Njhog,2026-07-10T22:56:38Z,136,9.25,9.25,136,2026-07-11T13:38:34Z,136
2026-07-11T13:38:34Z,Corrupting CRY Farming/Crafting Path of Exile 2 Endgame stream,MightyMouthDFT,https://www.youtube.com/watch?v=Velt-bdRl1o,2026-07-11T00:57:47Z,137,10.8,10.8,138,2026-07-11T19:11:56Z,138
2026-07-11T13:38:34Z,SAIU O NOVO CROSSOVER DE PATH OF EXILE 2,VIITERO,https://www.youtube.com/watch?v=u8y2Rg7g5ig,2026-07-10T15:24:32Z,355,15.97,15.97,355,2026-07-11T13:38:34Z,355
2026-07-11T13:38:34Z,+6 SPELL Skills STAFF/WAND CRAFT REHBERİ - Path of Exile 2 (PoE2),Swordorin2,https://www.youtube.com/watch?v=xUbFM7DseEI,2026-07-11T10:17:38Z,106,17.67,23.92,213,2026-07-11T19:11:56Z,213
2026-07-11T13:38:34Z,Is Earning A Mirror EASIER in Path of Exile 2? (POE2 Economics),EODGamerz,https://www.youtube.com/watch?v=4PsmhxCs2ms,2026-07-11T09:00:11Z,278,46.33,80.42,820,2026-07-11T19:11:56Z,820
2026-07-11T13:38:34Z,[POE2 v0.5] 1 click + 300 divine? #shorts #gaming #pathofexile2,Gà Senpai,https://www.youtube.com/watch?v=kHZOLWRUmEk,2026-07-11T09:59:24Z,317,52.83,67.98,838,2026-07-12T03:28:46Z,838
2026-07-11T13:38:34Z,🔴Path of Exile 2  : หา Uul-Netol's Embrace แก่แค้น,Simuraz,https://www.youtube.com/watch?v=XCKhvo8deoA,2026-07-11T12:01:56Z,1221,203.5,203.5,1235,2026-07-12T03:28:46Z,1235
2026-07-11T13:38:34Z,Sezonu beğendik mi? Değerlendiriyoruz! - Return of the Ancients - Path of Exile 2,Caner Jhonnie Güngörür,https://www.youtube.com/watch?v=ddGq-sixd-s,2026-07-11T07:59:56Z,1546,257.67,257.67,2494,2026-07-11T19:11:56Z,2494
2026-07-11T19:11:56Z,⚡ Path of Exile 2 LIVE | CE BUILD MAI PUSC SEARA ASTA?????,iMisu,https://www.youtube.com/watch?v=RlJ61bedfms,2026-07-11T02:08:56Z,112,6.57,6.57,112,2026-07-11T19:11:56Z,112
2026-07-11T19:11:56Z,Ranger Is Starting To Feel Strong (Shorts) | Path Of Exile 2,DrOctaviousJr,https://www.youtube.com/watch?v=kmHxHn013NI,2026-07-11T14:37:24Z,62,10.33,10.33,62,2026-07-11T19:11:56Z,62
2026-07-11T19:11:56Z,Plasma Blast Blood Mage Patch 0.5 Update - Path of Exile 2 Build Guide,Odealo,https://www.youtube.com/watch?v=t-92NyOesDg,2026-07-11T16:16:20Z,64,10.67,10.67,64,2026-07-11T19:11:56Z,64
2026-07-11T19:11:56Z,Infernalist Fireball Build - Path of Exile 2,WINTALITY,https://www.youtube.com/watch?v=vcl5wb0tPW4,2026-07-11T16:03:33Z,106,17.67,126.03,2062,2026-07-12T08:25:12Z,2062
2026-07-11T19:11:56Z,Path of Exile 2: Oracle Wolf & Bear Build #poe2 #xboxallyx #gameplay #pathofexile2,JonTechie,https://www.youtube.com/watch?v=s1r3R6ZmQKI,2026-07-11T11:22:35Z,212,27.1,27.1,212,2026-07-11T19:11:56Z,212
2026-07-11T19:11:56Z,Path of Exile 2 (0.5.4) | Sekhemas 50 รอบ (วันที่ 3) [🔴LIVE],PRINCERROR,https://www.youtube.com/watch?v=VWp6tDKGz2c,2026-07-11T14:46:40Z,181,30.17,30.17,181,2026-07-11T19:11:56Z,181
2026-07-11T19:11:56Z,I DID 100 ARBITER OF ASH RUN It Was Interesting?! | Path Of Exile 2,Phalanx,https://www.youtube.com/watch?v=-ULO_x7fW4U,2026-07-11T12:51:11Z,213,33.56,33.56,213,2026-07-11T19:11:56Z,213
2026-07-11T19:11:56Z,[Path of Exile 2] Ивент Хардкор,Kato Minata,https://www.youtube.com/watch?v=K3aOTauMm9M,2026-07-11T17:08:29Z,296,49.33,49.33,300,2026-07-12T03:28:46Z,300
2026-07-11T19:11:56Z,NEW #1 META 'Rage Berserker' Companions SPIRIT WALKER Build! | With 4x Anoint Slots!,Mattjestic Life,https://www.youtube.com/watch?v=tZFGWU2j6HI,2026-07-11T14:00:00Z,1673,278.83,278.83,1673,2026-07-11T19:11:56Z,1673
2026-07-11T19:11:56Z,【Path of Exile 2】アーマー無い癖にアーマー9万盛れる忠臣の皮膚【スミスオブキタヴァ】【PoE2】,ゲーミングナマケモノ,https://www.youtube.com/watch?v=X1qjAjwZMgc,2026-07-11T08:12:09Z,5172,470.33,470.33,5172,2026-07-11T19:11:56Z,5172
2026-07-11T19:11:56Z,Path of Exile 2 - Arbiter with 300% Rarity,OnesInTheChat,https://www.youtube.com/watch?v=_5k-cwb4KSI,2026-07-11T14:30:23Z,3071,511.83,531.71,7905,2026-07-12T08:25:12Z,7905
2026-07-12T03:28:46Z,PATH OF EXILE 2 - RUNES OF ALDUR #31 (PT-BR / XBOX SERIES X),Eu Jota Gamer,https://www.youtube.com/watch?v=RfnjhlUesOM,2026-07-11T22:29:46Z,143,23.83,23.83,143,2026-07-12T03:28:46Z,143
2026-07-12T03:28:46Z,TOP 10 TRULY OP BUILDS IN POE2 0.5! Path of Exile 2 Builds (POE 2 0.5 BUILDS),KaidGames2,https://www.youtube.com/watch?v=rVj2hVRXTJM,2026-07-11T20:00:38Z,179,23.97,23.97,289,2026-07-12T13:38:55Z,289
2026-07-12T03:28:46Z,Крафт ТОП САМОЦВЕТА - подробный гайд | ПОЕ2 лига 0.5 Path Of Exile 2,holy_pashtet,https://www.youtube.com/watch?v=keCIvT4LtU8,2026-07-11T16:58:34Z,458,43.6,43.6,458,2026-07-12T03:28:46Z,458
2026-07-12T03:28:46Z,🔴path of exile 2 | วิ่ง ACT Gemling !build Day.33,ErrDeawMa,https://www.youtube.com/watch?v=E3eOvOjGTco,2026-07-11T23:11:37Z,292,48.67,48.67,292,2026-07-12T19:12:42Z,275
2026-07-12T03:28:46Z,Mystery Box ที่ว่านตามหา! (path of exile 2),Takluz Clips,https://www.youtube.com/watch?v=wsv8uF_SlF0,2026-07-11T12:53:38Z,1283,87.96,87.96,1283,2026-07-12T03:28:46Z,1283
2026-07-12T03:28:46Z,Crafting the Ultimate Body Armour | Path of Exile 2,Strevok,https://www.youtube.com/watch?v=rvm-lK2xIY0,2026-07-11T20:37:45Z,707,103.21,186.02,3166,2026-07-12T13:38:55Z,3166
2026-07-12T03:28:46Z,Storm God Titan 2.0 – 102K Armour Endgame Monster (PoE 2),Coduletz,https://www.youtube.com/watch?v=cjSgPiu1q20,2026-07-11T17:06:46Z,1506,145.27,186.71,3734,2026-07-12T13:38:55Z,3734
2026-07-12T03:28:46Z,Path of Exile 2 - Mapping and Vaaling Today!,OnesInTheChat,https://www.youtube.com/watch?v=DMK_BLCWujw,2026-07-11T23:01:43Z,926,154.33,154.33,961,2026-07-12T19:12:42Z,961
2026-07-12T03:28:46Z,🔴 LIVE | Crafting Mirror-Tier Quarterstaves for Viewers | Path of Exile 2,Keyson,https://www.youtube.com/watch?v=aK4epOdmSyQ,2026-07-11T21:36:24Z,1070,178.33,178.33,1126,2026-07-12T13:38:55Z,1126
2026-07-12T03:28:46Z,【PoE2 0.5】ドッジ時キャストジェムリングビルド研究【Path of Exile 2】,はう,https://www.youtube.com/watch?v=iM203z6_j9M,2026-07-11T19:05:21Z,3389,403.92,403.92,3591,2026-07-12T13:38:55Z,3591
2026-07-12T03:28:46Z,This Spark Spiritwalker Uses No Meta Items In PoE 2,Dr3adful,https://www.youtube.com/watch?v=CfRVhLXIaDo,2026-07-11T17:58:02Z,4980,523.53,523.53,7426,2026-07-12T13:38:55Z,7426
2026-07-12T03:28:46Z,【PoE2 0.5】LEVELING DAY | MY FIEST ABYSSAL LICH - Path of Exile 2 !build !moba !Discord,[CCG] Circus Circle Games,https://www.youtube.com/watch?v=Kh9eT8FNP5k,2026-07-11T20:59:50Z,3718,573.56,573.56,3959,2026-07-12T13:38:55Z,3959
2026-07-12T03:28:46Z,BEST CoC Gemling Build Perfected! High End Guide 0.5 Path of Exile 2,NickTew,https://www.youtube.com/watch?v=qxFkbs75YrU,2026-07-11T22:28:40Z,3704,617.33,797.19,13053,2026-07-12T19:12:42Z,13053
2026-07-12T03:28:46Z,패스오브엑자일2에서 개발자의 예상을 벗어난 빌드들,춘삼_CHOONSAM,https://www.youtube.com/watch?v=GwTg_mO4uIE,2026-07-11T13:03:20Z,12135,841.31,841.31,15773,2026-07-12T08:25:12Z,15773
2026-07-12T03:28:46Z,Chat Commands Can Speed Up Your Gameplay!  #pathofexile #pathofexile2 #poe2 #gaming #poe,Nesiex,https://www.youtube.com/watch?v=yVQ_KVXq1CE,2026-07-11T17:51:34Z,16850,1751.54,1751.54,26861,2026-07-12T13:38:55Z,26861
2026-07-12T08:25:12Z,INFINITE recovery with those two items | Path Of Exile 2 Return of the Ancients 0.5,xRoGeSx,https://www.youtube.com/watch?v=MeCW2uobo6M,2026-07-11T13:06:00Z,445,23.03,23.03,445,2026-07-12T08:25:12Z,445
2026-07-12T08:25:12Z,WTF is Regex? Every NEW PoE 2 Player Should Know This!🧐,KRIPTIK EXILE,https://www.youtube.com/watch?v=X3nMc_7HA9o,2026-07-11T20:16:23Z,298,24.53,25.32,440,2026-07-12T13:38:55Z,440
2026-07-12T08:25:12Z,Path Of Exile 2  #gaming #clips #pathofexile #pathofexile2 #pathofexilegameplay,VIXGODOG88,https://www.youtube.com/watch?v=0LqBhDYa8yE,2026-07-12T03:24:43Z,171,28.5,28.5,436,2026-07-12T19:12:42Z,436
2026-07-12T08:25:12Z,Vestige of Darkness Bleed Ritualist - Build Guide - Path of Exile 2 [0.5] Return of the Ancients,Bosorkana,https://www.youtube.com/watch?v=xeUl43kOhAk,2026-07-12T03:29:11Z,493,82.17,173.09,2722,2026-07-12T19:12:42Z,2722
2026-07-12T08:25:12Z,TOP 5 GEMLING LEGIONNAIRE BUILDS IN POE 2 PATCH 0.5,RNGenius,https://www.youtube.com/watch?v=w7-uj2pDyXQ,2026-07-11T16:00:24Z,1833,111.68,111.68,1833,2026-07-12T08:25:12Z,1833
2026-07-12T08:25:12Z,🔥 5 Cool Path Of Exile 2 Community Builds To Check Out | Return of the Ancients 0.5 | S4 EP5,Jorgen,https://www.youtube.com/watch?v=X66GD6Q2pWY,2026-07-12T04:25:14Z,2533,422.17,1032.6,13221,2026-07-12T19:12:42Z,13221
2026-07-12T08:25:12Z,Path of Exile 2 Arc Totem Grand Expeditions,Raxxanterax,https://www.youtube.com/watch?v=cS1iEMIviSk,2026-07-12T01:59:49Z,6298,980.5,980.5,6952,2026-07-12T19:12:42Z,6952
2026-07-12T13:38:55Z,Path of Exile 2 - Parche 0.5.4 - ¿Que le falta a Path of Exile 2?,Kayal,https://www.youtube.com/watch?v=0zfFNmlEjAI,2026-07-12T10:25:55Z,122,20.33,46.93,622,2026-07-13T03:31:12Z,622
2026-07-12T13:38:55Z,Path of Exile 2 - Grim Pillars Spell Totem Oracle | Druid - PS5 Gameplay,Xsplzit,https://www.youtube.com/watch?v=8h4hOPLQYL4,2026-07-12T09:39:06Z,134,22.33,22.33,161,2026-07-13T03:31:12Z,161
2026-07-12T13:38:55Z,Path of Exile 2: Ritüel Tablet Crafting Rehberi! 💎,Çılgın Pilot,https://www.youtube.com/watch?v=RNG04sky9dU,2026-07-11T17:00:11Z,461,22.33,22.33,461,2026-07-12T13:38:55Z,461
2026-07-12T13:38:55Z,Popcorn Spiral Volley Build w Path of Exile 2 - Kręć się i NISZCZ Ekrany!,Prozu,https://www.youtube.com/watch?v=GVfnBwmB4XA,2026-07-12T13:10:08Z,264,44.0,294.89,1782,2026-07-12T19:12:42Z,1782
2026-07-12T19:12:42Z,UNKILLABLE Corrupting CRY Path of Exile 2 Endgame stream,MightyMouthDFT,https://www.youtube.com/watch?v=o9IeSp_Wr24,2026-07-11T22:32:18Z,175,8.46,8.46,175,2026-07-12T19:12:42Z,175
2026-07-12T19:12:42Z,TOTEM SSF day 1 ! Path of Exile 2 FR|EN,Yaav,https://www.youtube.com/watch?v=KsUsEs4qHhg,2026-07-12T15:48:29Z,58,9.67,9.67,58,2026-07-12T19:12:42Z,58
2026-07-12T19:12:42Z,Path of Exile 2: มันต้อง Ritual 😎👍🤣,DV Hunter,https://www.youtube.com/watch?v=8lUK4XfFc0s,2026-07-12T13:21:06Z,77,12.83,12.83,77,2026-07-12T19:12:42Z,77
2026-07-12T19:12:42Z,"Path of Exile 2. Hardcore. 0.5.4 MONK Martial Artist. Geonor, The Putrid Wolf!",Dzhanzik,https://www.youtube.com/watch?v=QqZZOxD2lOI,2026-07-12T13:16:07Z,138,23.0,23.0,198,2026-07-13T03:31:12Z,198
2026-07-12T19:12:42Z,🔥 LIVE Crafting Help | Viewer Gear Reviews | Path of Exile 2,Keyson,https://www.youtube.com/watch?v=NdPY6sf7Clg,2026-07-12T07:31:41Z,440,37.66,37.66,512,2026-07-13T03:31:12Z,512
2026-07-12T19:12:42Z,"Path of Exile 2. Hardcore. 0.5.4 MONK Martial Artist. Doryani, Royal Thaumaturge!",Dzhanzik,https://www.youtube.com/watch?v=I3_h4pHtvy4,2026-07-12T13:10:42Z,455,75.41,75.41,653,2026-07-13T03:31:12Z,653
2026-07-12T19:12:42Z,Path of Exile 2 | Print Divines With This Twister Spirit Walker Build! (PoE 2 0.5 Huntress Guide),SiahZ,https://www.youtube.com/watch?v=BfaS20JhJ0E,2026-07-12T18:03:11Z,488,81.33,444.59,7081,2026-07-13T14:46:36Z,7081
2026-07-12T19:12:42Z,🔴[LIVE] 💀First Time Ever Playing PATH OF EXILE 2 | Sorceress MAPS! | Playthrough [Day 19],RelativityRabbit,https://www.youtube.com/watch?v=SQKrx-TwsFg,2026-07-12T16:08:33Z,1091,181.83,181.83,1115,2026-07-13T09:37:36Z,1115
2026-07-12T19:12:42Z,Path of Exile 2 - Worst RNG Ever,OnesInTheChat,https://www.youtube.com/watch?v=haeUP8FzNRQ,2026-07-12T14:30:35Z,2894,482.33,482.33,6352,2026-07-13T09:37:36Z,6352
2026-07-12T19:12:42Z,Path of Exile hat mir Diablo versaut,KrushR,https://www.youtube.com/watch?v=f705wJfN-BU,2026-07-12T08:00:00Z,5647,503.66,503.66,5647,2026-07-12T19:12:42Z,5647
2026-07-12T19:12:42Z,"Вестник пиупиу, спиральный залп | Path of Exile 2 !build !merch !tg",CARDIFF GAMING,https://www.youtube.com/watch?v=O1rnTRLxFhU,2026-07-12T14:24:49Z,3957,659.5,659.5,4406,2026-07-13T09:37:36Z,4406
2026-07-13T03:31:12Z,path of exile 2      งานไม่ทำเล่นแต่เกม...,Milim,https://www.youtube.com/watch?v=_8sGdxcTOTI,2026-07-12T19:11:43Z,60,7.21,7.21,60,2026-07-13T03:31:12Z,60
2026-07-13T03:31:12Z,Path Of Exile 2: The Rondel's Mings Mings Mings Inginuity Build - But what skill? ACT 1,FragManSaul,https://www.youtube.com/watch?v=I44CkN5SkpI,2026-07-12T20:08:53Z,54,7.32,7.32,54,2026-07-13T03:31:12Z,54
2026-07-13T03:31:12Z,TOP 20 MOST OP BUILDS IN POE2 0.5! Path of Exile 2 Builds | POE 2 0.5 Builds,KaidGames2,https://www.youtube.com/watch?v=JhUSQtzQvjI,2026-07-12T20:00:23Z,82,10.91,10.91,164,2026-07-13T14:46:36Z,164
2026-07-13T03:31:12Z,Path of Exile 2. Hardcore. 0.5.4 MONK Martial Artist. Precursor Separator!,Dzhanzik,https://www.youtube.com/watch?v=N3SktJvyQ5M,2026-07-12T13:04:33Z,538,37.25,37.25,538,2026-07-13T03:31:12Z,538
2026-07-13T03:31:12Z,Waystone Stats Explained | Farming 101 | Path of Exile 2,Hax,https://www.youtube.com/watch?v=ZiEns4HQScQ,2026-07-12T13:36:23Z,686,49.3,49.3,870,2026-07-13T09:37:36Z,870
2026-07-13T03:31:12Z,Path of Exile 2 guide #pathofexile2 #poe2,cardstackspacksbroh,https://www.youtube.com/watch?v=s2sA81IM0uA,2026-07-12T23:51:41Z,324,54.0,54.0,686,2026-07-13T19:35:48Z,686
2026-07-13T03:31:12Z,Farming to Finish my Second Character - Path of Exile 2,Cultist of Khorne,https://www.youtube.com/watch?v=280WP_5G0ZE,2026-07-12T21:35:03Z,340,56.67,56.67,345,2026-07-13T14:46:36Z,345
2026-07-13T03:31:12Z,"Como Craftar Armas BARATAS no Path of Exile 2 | Bow, Crossbow, Spear e Quarterstaff",ChibaTTV,https://www.youtube.com/watch?v=mEoQdM-_tpY,2026-07-12T21:58:42Z,566,94.33,94.33,1611,2026-07-13T19:35:48Z,1611
2026-07-13T03:31:12Z,50d Investment 843d profit - Good Takes & Poe 2 0.5,KingKongor,https://www.youtube.com/watch?v=WCuDWZO4CAU,2026-07-12T16:42:55Z,2337,216.29,216.29,2337,2026-07-13T03:31:12Z,2337
2026-07-13T03:31:12Z,75 DIVS/HOUR THIS FARM WILL ALWAYS PROFITABLE NO MATTER WHAT YOU DROP | Path Of Exile 2,Phalanx,https://www.youtube.com/watch?v=yTne4pLNTCU,2026-07-12T10:00:20Z,4264,243.45,243.45,4264,2026-07-13T03:31:12Z,4264
2026-07-13T03:31:12Z,Path of Exile 2 Arc Totem Grand Expeditions,Raxxanterax,https://www.youtube.com/watch?v=OehU049QCII,2026-07-13T01:21:52Z,6798,1133.0,1133.0,7879,2026-07-13T19:35:48Z,7879
2026-07-13T09:37:36Z,⚡ Path of Exile 2 LIVE | BUILD 100 DIVINE bijuterii turbate,iMisu,https://www.youtube.com/watch?v=2fiFIrk7CYo,2026-07-12T23:07:04Z,105,9.99,9.99,105,2026-07-13T09:37:36Z,105
2026-07-13T09:37:36Z,"MERCENARY - WITCHHUNTER  , BAGUS KAH ??? | PATH OF EXILE 2",andrey holiday,https://www.youtube.com/watch?v=_kaUVgGmcVU,2026-07-12T21:26:47Z,128,10.51,10.51,128,2026-07-13T09:37:36Z,128
2026-07-13T09:37:36Z,Diablo 4 Vs Path of Exile 2 Now : Which is Better (Season 14 Diablo 4 Vs Runes of Aldur POE 2),Slaydra,https://www.youtube.com/watch?v=qbZ6Wnhl_Rw,2026-07-13T07:55:52Z,109,18.17,93.2,1087,2026-07-13T19:35:48Z,1087
2026-07-13T09:37:36Z,Path of Exile 2: Hybrid Ordnance Gemling Build Showcase! 💥,Çılgın Pilot,https://www.youtube.com/watch?v=gKeCjLrjX4A,2026-07-13T05:42:43Z,113,18.83,32.65,296,2026-07-13T14:46:36Z,296
2026-07-13T09:37:36Z,+1k divines con este FARM! ⚡ ZERO TO HERO con Galvanic Shard | Path of Exile 2,Espia tv,https://www.youtube.com/watch?v=-MzTf2ACczg,2026-07-13T05:42:26Z,208,34.67,65.66,912,2026-07-13T19:35:48Z,912
2026-07-13T09:37:36Z,Yueri Plays Path of Exile 2 0.5 Temporalis Blood Mage,yueri Plays,https://www.youtube.com/watch?v=eF5qWoXDsn4,2026-07-12T17:53:30Z,788,50.08,50.08,789,2026-07-13T14:46:36Z,789
2026-07-13T09:37:36Z,"Path of Exile 2, 7 Days to Die, and Days Gone Today!",OnesInTheChat,https://www.youtube.com/watch?v=Kr281s5Xu7Q,2026-07-12T23:11:42Z,611,58.57,58.57,622,2026-07-13T19:35:48Z,622
2026-07-13T09:37:36Z,🔴LIVE | KULEMAK FARMING GIGA PROFIT !build | Path Of Exile 2,Phalanx,https://www.youtube.com/watch?v=pyjbmG1vPnk,2026-07-13T04:51:16Z,432,72.0,72.0,474,2026-07-13T19:35:48Z,474
2026-07-13T09:37:36Z,🔥 LIVE Crafting Help | Viewer Gear Reviews | Path of Exile 2,Keyson,https://www.youtube.com/watch?v=G8AWeEFlC2g,2026-07-13T02:56:35Z,494,73.91,73.91,567,2026-07-13T19:35:48Z,567
2026-07-13T09:37:36Z,МАНА СТАК PATH OF EXILE 2 ОРАКУЛ КОМЕТЫ + ВИЛКА УБЕР ДОРОГОЙ БИЛД ПОЕ 2,POE - Изобретатель,https://www.youtube.com/watch?v=C-xWpSRfHNA,2026-07-13T05:05:56Z,817,136.17,136.17,865,2026-07-13T19:35:48Z,865
2026-07-13T09:37:36Z,This Unique Belt COMPLETELY Breaks Path of Exile 2,MisoxShiru,https://www.youtube.com/watch?v=oMP5jOQ6HC8,2026-07-13T07:00:26Z,5084,847.33,2120.48,39196,2026-07-14T02:53:14Z,39196
2026-07-13T14:46:36Z,Is This The Best Budget Farm In PoE 2 0.5?,Wxzz,https://www.youtube.com/watch?v=-zeu9bcVOLk,2026-07-12T17:37:36Z,507,23.97,23.97,507,2026-07-13T14:46:36Z,507
2026-07-13T14:46:36Z,Descomplicando! Como Funciona o Conjunto de Armas? Path of Exile 2,Romar,https://www.youtube.com/watch?v=DUzatVEL4ts,2026-07-12T21:44:18Z,471,27.64,27.64,471,2026-07-13T14:46:36Z,471
2026-07-13T14:46:36Z,Path of Exile 2 - It's That Time Again!,OnesInTheChat,https://www.youtube.com/watch?v=tjQRBXQKvtM,2026-07-13T14:30:39Z,176,29.33,497.17,6539,2026-07-14T08:17:53Z,6539
2026-07-13T14:46:36Z,🔴LIVE | XHEST FARM TEST !build | Path Of Exile 2,Phalanx,https://www.youtube.com/watch?v=tDDVKQN-AuA,2026-07-13T14:37:24Z,546,91.0,103.0,618,2026-07-13T19:35:48Z,618
2026-07-13T14:46:36Z,"Fartfinder, Build Overview - Path of Exile 2: Return of the Ancients",Skadoosh,https://www.youtube.com/watch?v=nw3Sw4__6Vg,2026-07-13T11:16:05Z,709,118.17,460.45,8679,2026-07-14T08:17:53Z,8679
2026-07-13T14:46:36Z,【Path of Exile 2】マニフェストウェポンにはブルータスが大変相性よろしい【スミスオブキタヴァ】【PoE2】,ゲーミングナマケモノ,https://www.youtube.com/watch?v=2rSVcIRzxak,2026-07-13T08:00:07Z,3860,569.74,569.74,5506,2026-07-14T02:53:14Z,5506
2026-07-13T14:46:36Z,Loot from 500 Raven Tricksters in POE 2 - INSANE PROFIT!!,NewAndConfused,https://www.youtube.com/watch?v=M_2C5auhkyo,2026-07-12T20:02:35Z,16497,880.6,880.6,16497,2026-07-13T14:46:36Z,16497
2026-07-13T19:35:48Z,🔴[LIVE] 💀First Time Ever Playing PATH OF EXILE 2 | Sorceress MAPS! | Playthrough [Day 20],RelativityRabbit,https://www.youtube.com/watch?v=86mNC7eimXI,2026-07-13T15:16:59Z,967,161.17,161.17,986,2026-07-14T13:56:40Z,986
2026-07-13T19:35:48Z,NAJMOCNIEJSZA BROŃ na LEVELING! Koniecznie SPRAWDŹ! Path of Exile 2,Prozu,https://www.youtube.com/watch?v=ia_vTFVq44k,2026-07-13T14:08:05Z,2349,391.5,391.5,4381,2026-07-14T08:17:53Z,4381
2026-07-13T19:35:48Z,【PoE2 0.5】LEVELING DAY | MY FIEST ABYSSAL LICH - Path of Exile 2 !build !moba !Discord,[CCG] Circus Circle Games,https://www.youtube.com/watch?v=c8OhNIuixJY,2026-07-13T17:54:24Z,3630,605.0,605.0,4083,2026-07-14T13:56:40Z,4083
2026-07-13T19:35:48Z,IS THIS THE “BEST” FARM IN THE GAME? | Path Of Exile 2 #poe2,Phalanx,https://www.youtube.com/watch?v=qz6uUUczM9g,2026-07-13T14:58:00Z,4219,703.17,1225.5,24896,2026-07-14T13:56:40Z,24896
2026-07-13T19:35:48Z,DONT LET THIS THOUSANDS OF DIVINE ITEMS ROT IN YOUR INVENTORY | Path Of Exile 2 #poe2,Phalanx,https://www.youtube.com/watch?v=U-UqQl9Ob0k,2026-07-13T01:29:21Z,17567,970.14,970.14,17567,2026-07-13T19:35:48Z,17567
2026-07-13T19:35:48Z,POE 1 - 3.29 Teasers Day 8: POE 2's Abyss? Almost Surely - Path of Exile Curse of the Allflame,sirgog,https://www.youtube.com/watch?v=X2Q0mb7WA1E,2026-07-13T08:04:14Z,11532,1000.5,1000.5,13465,2026-07-14T02:53:14Z,13465
2026-07-14T02:53:14Z,LIVE | This Skill With AoE Is Hilarious | Path of Exile 2,Troy Tesko,https://www.youtube.com/watch?v=VI28wNgm94w,2026-07-13T19:14:09Z,648,84.69,84.69,764,2026-07-14T13:56:40Z,764
2026-07-14T02:53:14Z,Path Of Exile 2 - Farmando End Game,Jookeer12,https://www.youtube.com/watch?v=jdYJnfP_npc,2026-07-13T21:13:37Z,666,111.0,111.0,666,2026-07-14T19:26:49Z,666
2026-07-14T02:53:14Z,Farm de ritual - Guia completo + Craft de mapas - Path of Exile 2,Ketsukaishii,https://www.youtube.com/watch?v=7W5wq0NDMDU,2026-07-13T20:07:04Z,786,116.11,116.11,1664,2026-07-14T13:56:40Z,1664
2026-07-14T02:53:14Z,100% Crit Flicker Strike + Spin To Win Invoker Monk | End Game Build Guide | Path of Exile 2 (Poe 2),MFPallytime,https://www.youtube.com/watch?v=Okp-Oa4-lCM,2026-07-13T19:50:21Z,937,132.94,196.16,3334,2026-07-14T13:56:40Z,3334
2026-07-14T02:53:14Z,His Foul Emergence Chayula | Path of Exile 2 (0.5) | Off-Meta Build,Troy Tesko,https://www.youtube.com/watch?v=_BiqeA-2Nw0,2026-07-13T17:00:05Z,1424,144.04,251.82,4680,2026-07-14T13:56:40Z,4680
2026-07-14T02:53:14Z,"Path of Exile 2 - Crafting, Arbiter, and Mapping Today!",OnesInTheChat,https://www.youtube.com/watch?v=Ascm2XEUb-A,2026-07-13T23:32:11Z,1050,175.0,175.0,1080,2026-07-14T19:26:49Z,1080
2026-07-14T02:53:14Z,PoE 2 Endgame Monk Build | Hollow Form + Shield Wall Permanent Crits,Ulfhednar,https://www.youtube.com/watch?v=aUiqhHu-RBU,2026-07-13T14:09:16Z,2979,233.96,233.96,3923,2026-07-14T08:17:53Z,3923
2026-07-14T02:53:14Z,NEW 0.5.4B UPDATED Expedition Liquid Verisium REFRESH Farming Method | UI Bug Warning,Mattjestic Life,https://www.youtube.com/watch?v=kU-tjsfCKMI,2026-07-13T14:00:00Z,3250,252.18,252.18,3250,2026-07-14T02:53:14Z,3250
2026-07-14T02:53:14Z,Gaining Charges and Bypassing Adonia's - 0.5 Path of Exile 2 Guide,OperatorOtter,https://www.youtube.com/watch?v=HnQGBKlyZqI,2026-07-13T19:27:19Z,4144,557.57,581.42,8372,2026-07-14T13:56:40Z,8372
2026-07-14T02:53:14Z,Path of Exile 2 Arc Totem Grand Expeditions,Raxxanterax,https://www.youtube.com/watch?v=6RSth6lL_ik,2026-07-13T18:54:27Z,6908,865.67,865.67,7278,2026-07-14T13:56:40Z,7278
2026-07-14T02:53:14Z,PoE2 Streamers Get Perfectly Timed RNG,Exiled Again,https://www.youtube.com/watch?v=Q5pVy6RDJuE,2026-07-13T14:38:43Z,21623,1766.27,1766.27,25513,2026-07-14T08:17:53Z,25513
2026-07-14T08:17:53Z,🎩Path of Exile 2🎩👓Кровавая ведьма с арбалетом на холоде.👓,mrBLO стримы,https://www.youtube.com/watch?v=XWtNUhpnh8U,2026-07-14T00:22:29Z,379,47.83,47.83,382,2026-07-14T19:26:49Z,382
2026-07-14T08:17:53Z,PoE2 Bloodmage Spark CoC - Mana Stacker Build Guide | Path of Exile 2 0.5,Slumpgod6,https://www.youtube.com/watch?v=Yrs16A2vJn0,2026-07-13T16:58:10Z,2588,168.83,168.83,2588,2026-07-14T08:17:53Z,2588
2026-07-14T08:17:53Z,How To Craft GIGA Endgame Monk Gloves - Beginner Friendly Crafting Guide - PoE 2 0.5,Master T,https://www.youtube.com/watch?v=fJKDBNisTfo,2026-07-13T13:56:05Z,3584,195.17,195.17,3584,2026-07-14T08:17:53Z,3584
2026-07-14T08:17:53Z,Опознал все призмы. х1000 Арбитр Пепла (The Arbiter of Ash) | Path of Exile 2,Uno_Momento11,https://www.youtube.com/watch?v=Vh-rtXFIkIE,2026-07-13T12:00:25Z,5763,284.02,284.02,5763,2026-07-14T08:17:53Z,5763
2026-07-14T13:56:40Z,#23【Path of Exile 2: 'Return of the Ancients'】次のピナクルボス目指して毒を極める【おぶちゃんねる】#パスオブエグザイル2 #ゲーム実況,おぶちゃんねる,https://www.youtube.com/watch?v=5nGDnFLFE5g,2026-07-14T00:40:12Z,250,18.83,18.83,254,2026-07-14T19:26:49Z,254
2026-07-14T13:56:40Z,No compres Path of Exile 2 sin saber esto,DonPipeloTV,https://www.youtube.com/watch?v=2l6UpUbVLuA,2026-07-13T17:07:23Z,496,23.82,23.82,496,2026-07-14T13:56:40Z,496
2026-07-14T13:56:40Z,RANKING BEST BUILDS AFTER 1 MONTH IN 0.5! Path of Exile 2 Tier List | POE 2 Builds Tier List,KaidGames2,https://www.youtube.com/watch?v=ANY7Jy53LF4,2026-07-13T20:00:04Z,446,24.86,24.86,446,2026-07-14T13:56:40Z,446
2026-07-14T13:56:40Z,DEV EXPEDiTiON FARM REHBERİ! TÜM DETAYLAR - Path of Exile 2 (PoE2),Swordorin2,https://www.youtube.com/watch?v=6aMsdZjELU8,2026-07-13T17:11:51Z,758,36.54,36.54,758,2026-07-14T13:56:40Z,758
2026-07-14T13:56:40Z,Одинокий копейщик против Рэкласта - Path of Exile 2: Runes of Aldur #01 (Копейщик),WarlockTD,https://www.youtube.com/watch?v=d5mFHnPuzt8,2026-07-14T09:15:02Z,335,55.83,63.16,936,2026-07-15T08:23:09Z,936
2026-07-14T13:56:40Z,Я прошёл Path of Exile 2 через ШИПЫ,Kwazi PoE 2,https://www.youtube.com/watch?v=D2cIbeyk18Q,2026-07-14T13:00:37Z,395,65.83,738.57,10332,2026-07-15T08:23:09Z,10332
2026-07-14T13:56:40Z,I Used The Best Free Path Of Exile 2 Bot in 2026! And Its Insane! | Poe 2 AutoBot,Hypo Gaming,https://www.youtube.com/watch?v=BdiabTDZEQE,2026-07-14T09:43:42Z,1204,200.67,200.67,1205,2026-07-15T08:23:09Z,1205
2026-07-14T13:56:40Z,"Essence Drain/Flameblast Gemling Ends Up The Best Build I'd Played, MAYBE EVER & Bleed Xbow Update",Mathilification,https://www.youtube.com/watch?v=kwSHn-4gVXc,2026-07-13T21:15:39Z,29535,1770.28,1770.28,34785,2026-07-14T19:26:49Z,34785
2026-07-14T19:26:49Z,Path of Exile 2 Return of the Ancient Currency Printing,ShakeN_YT,https://www.youtube.com/watch?v=zv25IRNQHc0,2026-07-14T16:36:23Z,47,7.83,7.83,47,2026-07-14T19:26:49Z,47
2026-07-14T19:26:49Z,⚡ Path of Exile 2 LIVE | BUILD 100 DIVINE bijuterii turbate P2,iMisu,https://www.youtube.com/watch?v=nZDvgdpvl-E,2026-07-14T01:30:27Z,150,8.36,8.36,150,2026-07-14T19:26:49Z,150
2026-07-14T19:26:49Z,PATH OF EXILE 2 HARDCORE DUO,JakeTheRipper,https://www.youtube.com/watch?v=-4f3M5wdK6o,2026-07-14T17:23:38Z,64,10.67,10.67,64,2026-07-14T19:26:49Z,64
2026-07-14T19:26:49Z,Path of Exile 2 -  Grand Expeditions and stuff  🥶 🏹  (PC),CRiZZO,https://www.youtube.com/watch?v=6pPYKgrWjtE,2026-07-14T09:07:16Z,142,13.75,13.75,142,2026-07-14T19:26:49Z,142
2026-07-14T19:26:49Z,"Como Craftar Focus PERFEITO no Path of Exile 2 | Craft Barato, Fácil e Muito Lucrativo!",ChibaTTV,https://www.youtube.com/watch?v=FaOR6-gVAoQ,2026-07-13T23:44:44Z,298,15.13,15.13,298,2026-07-14T19:26:49Z,298
2026-07-14T19:26:49Z,🛑ENDGAME da vidimo od cega je SACINJEN!? - Path of Exile 2 //LIVE # 19🛑[BALK/ENG] 2K RX 9070 XT,Code_nameX,https://www.youtube.com/watch?v=CiCsBp1mKcU,2026-07-14T16:23:01Z,125,20.83,20.83,155,2026-07-15T02:51:41Z,155
2026-07-14T19:26:49Z,The Good and the Bad of Path of Exile 2 0.5. My Final Thoughts on Return of the Ancients..,z3r0pointflux,https://www.youtube.com/watch?v=5EvjqcnPg9c,2026-07-14T14:03:52Z,271,45.17,48.37,716,2026-07-15T08:23:09Z,716
2026-07-14T19:26:49Z,🔴จะเลิกลีคนี้ได้ยัง? | Path of Exile 2 | Live,NoSugar,https://www.youtube.com/watch?v=aBYFjJWJVIE,2026-07-14T16:56:41Z,573,95.5,95.5,573,2026-07-15T13:53:04Z,573
2026-07-14T19:26:49Z,NEW FASTEST 0.54 AUTOBOMBER Bloodmage Build | CHEAPER Setup & RANK 40 To Blink!,Mattjestic Life,https://www.youtube.com/watch?v=vylDyJpLlqk,2026-07-14T14:00:26Z,690,115.0,115.0,690,2026-07-14T19:26:49Z,690
2026-07-14T19:26:49Z,【PoE2 0.5】ドッジでセケマとクラフト【Path of Exile 2】,はう,https://www.youtube.com/watch?v=KkgDy-RfGSk,2026-07-14T10:22:31Z,1583,174.5,174.5,1662,2026-07-15T08:23:09Z,1662
2026-07-14T19:26:49Z,Guess Who's Back - !build #SorcNation - Adonia's Fun - Path of Exile 2,OperatorOtter,https://www.youtube.com/watch?v=X-0l75aFJ5U,2026-07-14T14:23:21Z,2502,417.0,417.0,2627,2026-07-15T08:23:09Z,2627
2026-07-14T19:26:49Z,How to craft Cast on Critical amulets Poe2-0.5,ASaVeQ,https://www.youtube.com/watch?v=YyZRsJDNcD0,2026-07-14T12:09:23Z,4350,596.66,596.66,4350,2026-07-14T19:26:49Z,4350
2026-07-14T19:26:49Z,Path of Exile 2 Arc Totem Grand Expeditions,Raxxanterax,https://www.youtube.com/watch?v=mLtWU7z8bhY,2026-07-14T18:04:38Z,8222,1370.33,1370.33,9627,2026-07-15T13:53:04Z,9627
2026-07-15T02:51:41Z,Augenschonender Ward Infernalist COE COC COB Build - Path of Exile 2,Yoshi_Online,https://www.youtube.com/watch?v=hvlJ2dS2peQ,2026-07-14T19:14:25Z,111,14.56,14.56,111,2026-07-15T02:51:41Z,111
2026-07-15T02:51:41Z,Druid Is More Fun Than Ranger? (Shorts) | Path Of Exile 2,DrOctaviousJr,https://www.youtube.com/watch?v=R0_feH3-Mss,2026-07-15T01:08:53Z,122,20.33,20.33,127,2026-07-15T13:53:04Z,127
2026-07-15T02:51:41Z,LIVE | Optimizing My AoE Emergence Build | Path of Exile 2,Troy Tesko,https://www.youtube.com/watch?v=LOvdFVsKLls,2026-07-14T19:23:49Z,310,41.53,41.53,337,2026-07-15T13:53:04Z,337
2026-07-15T02:51:41Z,🎩Path of Exile 2🎩👓Кровавая ведьма с арбалетом на холоде.👓,mrBLO стримы,https://www.youtube.com/watch?v=cne4QYQu8Hs,2026-07-14T19:55:24Z,316,45.55,45.55,323,2026-07-15T13:53:04Z,323
2026-07-15T02:51:41Z,МАНА СТАК PATH OF EXILE 2 ОРАКУЛ КОМЕТЫ + ВИЛКА УБЕР ДОРОГОЙ БИЛД ПОЕ 2,POE - Изобретатель,https://www.youtube.com/watch?v=y5jI5A7KhG8,2026-07-14T12:45:14Z,1085,76.91,76.91,1101,2026-07-15T08:23:09Z,1101
2026-07-15T02:51:41Z,PoE 2 Stormweaver Spark - Mana Stacker Build | 0.5 Path of Exile 2,Byankuu,https://www.youtube.com/watch?v=iqtaxyo-g8k,2026-07-14T19:48:54Z,649,92.1,208.34,3480,2026-07-15T13:53:04Z,3480
2026-07-15T02:51:41Z,Path of Exile 2 | 150% Rarity Twister Spirit Walker! Divines Everywhere! (PoE 2 0.5 Huntress),SiahZ,https://www.youtube.com/watch?v=lzslwyx1dBk,2026-07-14T21:19:34Z,1461,243.5,243.5,1738,2026-07-15T13:53:04Z,1738
2026-07-15T02:51:41Z,【PoE2 0.5】LEVELING DAY | MY FIEST ABYSSAL LICH - Path of Exile 2 !build !moba !Discord,[CCG] Circus Circle Games,https://www.youtube.com/watch?v=T6s3gjl7TlY,2026-07-14T18:51:37Z,2523,315.33,315.33,2674,2026-07-15T13:53:04Z,2674
2026-07-15T02:51:41Z,PoE 2 | 3 mal eine Strongbox öffnen!,Baskenater,https://www.youtube.com/watch?v=0D5ShDH9GTI,2026-07-14T08:00:18Z,6779,359.5,359.5,8543,2026-07-15T08:23:09Z,8543
2026-07-15T02:51:41Z,7 CHARGES IS BETTER THAN 9! - The Adonia's Charge Controversy - Path of Exile 2 Guide,OperatorOtter,https://www.youtube.com/watch?v=9DsoYavg7Is,2026-07-14T15:55:42Z,4849,443.51,443.51,6306,2026-07-15T13:53:04Z,6306
2026-07-15T02:51:41Z,Core Destabilizers are EZ Money #pathofexile2 #poe2 #gaming,OnesInTheChat,https://www.youtube.com/watch?v=7WK5fOCY72c,2026-07-14T14:30:17Z,7068,571.99,636.03,11373,2026-07-15T08:23:09Z,11373
2026-07-15T02:51:41Z,This Definitely Needs a Nerf... | 400M Dmg Off-Meta PoE2 Build,Perra Gaming,https://www.youtube.com/watch?v=4z9B1eqIJ4Y,2026-07-14T21:00:34Z,4098,683.0,696.51,10346,2026-07-15T13:53:04Z,10346
2026-07-15T08:23:09Z,การกลับมาของธนูสายฟ้า DE : Lightning Arrow | Path of Exile 2,LumdouN,https://www.youtube.com/watch?v=sdhaI0kTsrY,2026-07-14T10:52:50Z,1020,47.43,47.43,1020,2026-07-15T08:23:09Z,1020
2026-07-15T08:23:09Z,Running 40 Sekhemas Trials - Path of Exile 2,Wolfyowns,https://www.youtube.com/watch?v=JQJNFhjG8ho,2026-07-15T00:52:49Z,667,88.86,113.81,1779,2026-07-15T19:19:20Z,1779
2026-07-15T08:23:09Z,"Path of Exile 2 0.5: The Good, The Bad & The Ugly",Jazzarus,https://www.youtube.com/watch?v=Qs8Ff-K-IjA,2026-07-15T02:45:26Z,567,94.5,96.7,1349,2026-07-15T19:19:20Z,1349
2026-07-15T08:23:09Z,The worst mechanic in Path of Exile 2...,MisoxShiru,https://www.youtube.com/watch?v=ra59m_MbWWY,2026-07-15T06:52:57Z,1169,194.83,667.81,7565,2026-07-15T19:19:20Z,7565
2026-07-15T13:53:04Z,Path of Exile 2 -  Grand Expeditions and stuff  🥶 🏹  (PC),CRiZZO,https://www.youtube.com/watch?v=hYrIphgh6Rk,2026-07-15T05:43:40Z,90,11.03,11.03,90,2026-07-15T13:53:04Z,90
2026-07-15T13:53:04Z,【PATH OF EXILE 2】MELANJUTKAN ARC II【Oxa Lydea/Prism:NOVA】,Oxa Lydea 【Prism:NOVA】,https://www.youtube.com/watch?v=ndVHLxq9BSU,2026-07-14T17:00:28Z,251,12.02,12.02,251,2026-07-15T13:53:04Z,251
2026-07-15T13:53:04Z,Path Of Exile 2 - Farmando End Game,Jookeer12,https://www.youtube.com/watch?v=dD8Nmr5Hv4E,2026-07-15T04:30:15Z,157,16.74,16.74,157,2026-07-15T19:19:20Z,156
2026-07-15T13:53:04Z,MAXIMUM possible GEM quality | Path of Exile 2,xRoGeSx,https://www.youtube.com/watch?v=nLaL70JXLrc,2026-07-15T08:04:14Z,486,81.0,137.84,1551,2026-07-15T19:19:20Z,1551
2026-07-15T13:53:04Z,Ask Any Questions - !build #SorcNation - Adonia's Expedition - Path of Exile 2,OperatorOtter,https://www.youtube.com/watch?v=FKH1diwh-h0,2026-07-15T06:47:14Z,1196,168.52,168.52,1275,2026-07-15T19:19:20Z,1275
2026-07-15T13:53:04Z,【Path of Exile 2】ブロック率96%ならドリヤニの試作品で雷耐性マイナス200%でも守れる【ジェムリングリージョネア】【PoE2】,ゲーミングナマケモノ,https://www.youtube.com/watch?v=rMuC-Kc9Tiw,2026-07-15T10:30:32Z,1716,286.0,402.45,4494,2026-07-16T03:12:52Z,4494
2026-07-15T13:53:04Z,Who were The Precursors? | Path Of Exile 2 Lore,Lore Of Exile,https://www.youtube.com/watch?v=aumN0EXeFKc,2026-07-14T23:00:20Z,9050,608.24,608.24,9050,2026-07-15T13:53:04Z,9050
2026-07-15T19:19:20Z,Grim Pillars Expedition | 13 Raw Divines - Path of Exile 2,Xsplzit,https://www.youtube.com/watch?v=qKP0aZfNdvI,2026-07-15T11:52:18Z,74,9.93,9.93,74,2026-07-15T19:19:20Z,74
2026-07-15T19:19:20Z,🔴 เล่นยาว 50 วัน  | Path of Exile 2 | วันที่ 8 เพื่อนอยากให้รีบจบครับ,2055 Capital,https://www.youtube.com/watch?v=M9dEz891zFE,2026-07-15T06:33:04Z,132,10.34,10.34,132,2026-07-15T19:19:20Z,132
2026-07-15T19:19:20Z,Plant Druid Is Interesting (Shorts) | Path Of Exile 2,DrOctaviousJr,https://www.youtube.com/watch?v=NU6fvURInVw,2026-07-15T14:17:55Z,121,20.17,20.17,121,2026-07-16T03:12:52Z,121
2026-07-15T19:19:20Z,"Рунные камни, возвышение и проклятье - Path of Exile 2: Runes of Aldur #02 (За Копейщика)",WarlockTD,https://www.youtube.com/watch?v=2vgna6_F_T4,2026-07-15T09:15:32Z,234,23.25,23.25,234,2026-07-15T19:19:20Z,234
2026-07-15T19:19:20Z,[Path of Exile 2] #21 Путь к 100 лвл. Бездна и Храм.,KoToMaTb,https://www.youtube.com/watch?v=JmiKhoc-QSU,2026-07-15T11:24:26Z,305,38.53,38.53,305,2026-07-15T19:19:20Z,305
2026-07-15T19:19:20Z,Arc Totem Gemling Does All the Work | PoE 2 0.5 Build Guide,ExFluent,https://www.youtube.com/watch?v=rY09bM8GRoY,2026-07-15T15:12:30Z,268,44.67,296.69,5094,2026-07-16T08:22:40Z,5094
2026-07-15T19:19:20Z,Ho provato PoE 2 e non me lo aspettavo.. - PATH OF EXILE 2 GAMEPLAY ITA,EdWeis,https://www.youtube.com/watch?v=inyIlZASmw4,2026-07-15T10:44:33Z,747,87.06,87.06,1184,2026-07-16T03:12:52Z,1184
2026-07-15T19:19:20Z,NEW 4x PERMA Shrine Buffs Spirit Walker MINON Build! | +100% Rarity/Exp Gain/Max Res,Mattjestic Life,https://www.youtube.com/watch?v=93x7ntciWpA,2026-07-15T14:00:36Z,1109,184.83,221.74,2928,2026-07-16T03:12:52Z,2928
2026-07-15T19:19:20Z,🔴[LIVE] 💀First Time Ever Playing PATH OF EXILE 2 | Sorceress MAPS! | Playthrough [Day 21],RelativityRabbit,https://www.youtube.com/watch?v=XstVGSI_vO8,2026-07-15T17:38:18Z,1179,196.5,196.5,1263,2026-07-16T08:22:40Z,1263
2026-07-15T19:19:20Z,【PoE2 0.5】MY FIEST ABYSSAL LICH - Path of Exile 2 !build !moba !Discord,[CCG] Circus Circle Games,https://www.youtube.com/watch?v=3U2DDSrE20c,2026-07-15T18:31:36Z,1335,222.5,222.5,2034,2026-07-16T14:05:36Z,2034
2026-07-15T19:19:20Z,Path of Exile 2 - 30 Breaches in 200% Delirium,OnesInTheChat,https://www.youtube.com/watch?v=CdKgWnM3D6o,2026-07-15T14:30:39Z,1829,304.83,309.2,4555,2026-07-16T08:22:40Z,4555
2026-07-15T19:19:20Z,Лучший билд на кастере - инферналистка вардстак в Path OF Exile 2 - легчайший ноухит,mirossick,https://www.youtube.com/watch?v=BokGEe9NKwg,2026-07-15T12:21:23Z,2306,331.03,331.03,4151,2026-07-16T08:22:40Z,4151
2026-07-15T19:19:20Z,PoE2 Streamer Takes On A Ridiculous Challenge,Exiled Again,https://www.youtube.com/watch?v=qWusIPBRvho,2026-07-15T13:00:39Z,12177,1929.29,1929.29,22971,2026-07-16T08:22:40Z,22971
2026-07-16T03:12:52Z,Refutation (Path Of Exile 2 Kalguuran Skill),Ginger Gaming Mentor,https://www.youtube.com/watch?v=bzbKk9NiHdU,2026-07-15T10:00:17Z,176,10.23,10.23,176,2026-07-16T03:12:52Z,176
2026-07-16T03:12:52Z,Path of Exile 2 - Guia do Iniciante ao Endgame Ep 04 - Toda Ascensão EXPLICADA Como Funciona,Mano Imp,https://www.youtube.com/watch?v=tmVmXPOGg48,2026-07-15T13:43:50Z,193,14.31,14.31,242,2026-07-16T08:22:40Z,242
2026-07-16T03:12:52Z,Path Of Exile 2 - Farmando End Game,Jookeer12,https://www.youtube.com/watch?v=VwpKUoybH7o,2026-07-15T20:50:09Z,307,48.13,48.13,310,2026-07-16T14:05:36Z,310
2026-07-16T03:12:52Z,Como Craftar BOTAS PERFEITAS com SPIRIT no Path of Exile 2 | Guia Completo de Craft,ChibaTTV,https://www.youtube.com/watch?v=fJ-l0Y0XjeU,2026-07-15T21:07:58Z,561,92.24,92.24,1035,2026-07-16T14:05:36Z,1035
2026-07-16T03:12:52Z,The +4 amulet gamble that tilted me #pathofexile2  #poe2  #poe2guide  #shorts,Niter,https://www.youtube.com/watch?v=lDgyhPhkX2U,2026-07-15T23:46:14Z,611,101.83,181.39,2598,2026-07-16T14:05:36Z,2598
2026-07-16T03:12:52Z,Let's Talk - !build #SorcNation - Ask Any Question! - Path of Exile 2,OperatorOtter,https://www.youtube.com/watch?v=3YW8C3jwjeM,2026-07-15T18:18:08Z,1112,124.77,124.77,1301,2026-07-16T14:05:36Z,1301
2026-07-16T03:12:52Z,"Path of Exile 2 - Crafting, Arbiter, and Mapping Today!",OnesInTheChat,https://www.youtube.com/watch?v=P-McFBzVPN8,2026-07-15T22:58:23Z,936,156.0,156.0,1001,2026-07-16T14:05:36Z,1001
2026-07-16T03:12:52Z,TOP 5 MOST BROKEN BUILDS ON EXTREMELY LOW BUDGET! Path of Exile 2 Builds | POE2 Builds,KaidGames2,https://www.youtube.com/watch?v=zKvPWTtpiwg,2026-07-15T20:00:18Z,1296,179.76,179.76,1296,2026-07-16T03:12:52Z,1296
2026-07-16T03:12:52Z,Top 4 Builds I Played In PoE 2 0.5 Return Of The Ancients,Dr3adful,https://www.youtube.com/watch?v=79bcit7xF_M,2026-07-15T13:20:36Z,8325,600.17,600.17,10033,2026-07-16T08:22:40Z,10033
2026-07-16T03:12:52Z,Path of Exile 2 Arc Totem Grand Expeditions,Raxxanterax,https://www.youtube.com/watch?v=_rQjpQU0KJI,2026-07-15T23:06:18Z,4352,725.33,725.33,4999,2026-07-16T14:05:36Z,4999
2026-07-16T08:22:40Z,Oil Barrage Martial Artist 0.5 Update - Path of Exile 2 Build Guide,Odealo,https://www.youtube.com/watch?v=UtXO2-K55wI,2026-07-15T14:00:08Z,166,9.03,9.03,166,2026-07-16T08:22:40Z,166
2026-07-16T08:22:40Z,Yueri Plays MECCHA CHAMELEON and Path of Exile 2 0.5 Temporalis Blood Mage,yueri Plays,https://www.youtube.com/watch?v=lj6eYh2Qw8E,2026-07-15T17:41:20Z,271,18.45,18.45,271,2026-07-16T08:22:40Z,271
2026-07-16T08:22:40Z,🎩Path of Exile 2🎩👓Кровавая ведьма с арбалетом на холоде.👓,mrBLO стримы,https://www.youtube.com/watch?v=7UhlaOLw68o,2026-07-16T02:49:28Z,197,32.83,32.83,198,2026-07-16T14:05:36Z,198
2026-07-16T08:22:40Z,Craft bao tay +2 projectile Skills đổi build - Path of Exile 2,CheinGaming,https://www.youtube.com/watch?v=pBUA80IRiDQ,2026-07-15T16:18:19Z,911,56.68,56.68,911,2026-07-16T08:22:40Z,911
2026-07-16T08:22:40Z,Mirage Archer Snipe Build Guide Easy Juiced Expedition Path of Exile 2 0.5 Gemling Legionnaire,J_Macc,https://www.youtube.com/watch?v=FUeS6JNqHrw,2026-07-16T05:30:44Z,948,158.0,756.54,6492,2026-07-16T14:05:36Z,6492
2026-07-16T08:22:40Z,Preparation for Curse of Allflame Begins,CaptainLance9,https://www.youtube.com/watch?v=UittRZb6sb8,2026-07-15T23:55:55Z,5773,683.52,683.52,5984,2026-07-16T14:05:36Z,5984
2026-07-16T14:05:36Z,🔴 LIVE - dNextus - Path of Exile 2 Patch 0.5.4 - Легионер чего? Огня или Тотемов или Хаоса?,dNextus,https://www.youtube.com/watch?v=dR1j7pZTRek,2026-07-16T02:56:01Z,103,9.23,9.23,103,2026-07-16T14:05:36Z,103
2026-07-16T14:05:36Z,Path of Exile 2 0.5 - Blazing Berserker full simulacrum,McTama,https://www.youtube.com/watch?v=m4fXHzHH4eM,2026-07-16T01:53:17Z,118,9.67,9.67,118,2026-07-16T14:05:36Z,118
2026-07-16T14:05:36Z,SEZON BİZİM İÇİN NASIL GEÇTİ? PATH OF EXILE 2 RETURN OF THE ANCIENTS,Doğukan Rivotra,https://www.youtube.com/watch?v=BF2OD57f0T4,2026-07-16T13:06:00Z,68,11.33,42.64,266,2026-07-16T19:20:18Z,266
2026-07-16T14:05:36Z,TOP 5 FARMEOS DE PATH OF EXILE 2 💎PARTE1💎 QUE DEBES CONOCER!!,FidoJuegos,https://www.youtube.com/watch?v=Ep6llAtcnzk,2026-07-16T07:30:06Z,95,14.41,20.61,244,2026-07-16T19:20:18Z,244
2026-07-16T14:05:36Z,PoE 2 Pathfinder Spark - Mana Stacker Build | 0.5 Path of Exile 2,Byankuu,https://www.youtube.com/watch?v=pjLJulcR6NI,2026-07-16T07:46:17Z,107,16.92,23.77,275,2026-07-16T19:20:18Z,275
2026-07-16T14:05:36Z,It's just my name 😅,meh_666,https://www.youtube.com/watch?v=G8jPRvAOz_A,2026-07-16T09:35:05Z,103,17.17,17.17,103,2026-07-16T14:05:36Z,103
2026-07-16T14:05:36Z,RiTUAL FARM REHBERİ - Path of Exile 2 (PoE2),Swordorin2,https://www.youtube.com/watch?v=ksvoopMGdXY,2026-07-16T01:42:22Z,358,28.9,28.9,358,2026-07-16T14:05:36Z,358
2026-07-16T14:05:36Z,🔥🔥GUIA DETALLADA PARA CRAFTEAR ANILLOS EN PATH OF EXILE 2 - PARA TODO PUBLICO !! 🔥🔥,Byzontt,https://www.youtube.com/watch?v=41rw831Xlqs,2026-07-16T00:08:25Z,467,33.47,33.47,467,2026-07-16T14:05:36Z,467
2026-07-16T14:05:36Z,ДОРОГОЙ БИЛД ЛИГИ PATH OF EXILE 2 ДРУИД ОРАКУЛ МАНА СТАКЕР НА КОМЕТАХ ПОЕ 2 [ГАЙДЫ \ СОВЕТЫ],POE - Изобретатель,https://www.youtube.com/watch?v=xwdsA0fPVj0,2026-07-16T05:45:31Z,451,54.11,54.11,451,2026-07-16T14:05:36Z,451
2026-07-16T14:05:36Z,Минион РАСКОЛ билд убивает всё | Path of Exile 2,DimL,https://www.youtube.com/watch?v=LBlbF8UANwI,2026-07-16T11:47:09Z,935,155.83,394.7,2981,2026-07-16T19:20:18Z,2981
2026-07-16T19:20:18Z,Path of Exile 2 Beta_20250413002721,ミール,https://www.youtube.com/watch?v=P_5QAMKHzSQ,2026-07-16T08:40:16Z,4,0.37,0.37,4,2026-07-16T19:20:18Z,4
2026-07-16T19:20:18Z,Path of Exile 2 (0.5.4): Poison Darts WH vs Expedition Last Wave,pattoman,https://www.youtube.com/watch?v=dIgegSqxqL8,2026-07-16T06:08:10Z,8,0.61,0.61,8,2026-07-16T19:20:18Z,8
2026-07-16T19:20:18Z,Path of Exile 2 fissure titan build,G-G,https://www.youtube.com/watch?v=SYFzYBEr-NY,2026-07-16T06:26:43Z,8,0.62,0.62,8,2026-07-16T19:20:18Z,8
2026-07-16T19:20:18Z,Frosty Merc Time! Freeze em dead! | Path of Exile 2,Dest,https://www.youtube.com/watch?v=6UNqAf3Xg1s,2026-07-16T13:24:30Z,4,0.67,0.67,4,2026-07-16T19:20:18Z,4
2026-07-16T19:20:18Z,Arbiter of Ash | Basic Attacks Only | Path of Exile 2,OwenOasis,https://www.youtube.com/watch?v=FWyEltv-ThI,2026-07-16T06:57:12Z,14,1.13,1.13,14,2026-07-16T19:20:18Z,14
2026-07-16T19:20:18Z,"Path of Exile 2 Gemling Legionaire Aura Farming build, CoC, CoE and endless damage farming!",Trickster Teo,https://www.youtube.com/watch?v=6JYOjeBbmx4,2026-07-16T06:40:46Z,15,1.18,1.18,15,2026-07-16T19:20:18Z,15
2026-07-16T19:20:18Z,97 Spark Gemling - CRUSHING Endgame - Path of Exile 2 0.5 Return of the Ancients,Decalog,https://www.youtube.com/watch?v=w2orc8Qsu1Y,2026-07-16T06:30:40Z,16,1.25,1.25,16,2026-07-16T19:20:18Z,16
2026-07-16T19:20:18Z,PS5版 Path of Exile 2 LV98 Twister Spilit型  エクスペディションファーム HH2 MB1 通過儀礼5 part 44,iori 0914,https://www.youtube.com/watch?v=87JloKEbfRY,2026-07-16T18:08:56Z,9,1.5,1.5,9,2026-07-16T19:20:18Z,9
2026-07-16T19:20:18Z,Path of Exile 2 Live! | Monk Mapping Grind | Gear Upgrades & Community Maps,SwagTheGamer8,https://www.youtube.com/watch?v=mLqD-cVkXwM,2026-07-16T13:27:12Z,12,2.0,2.0,12,2026-07-16T19:20:18Z,12
2026-07-16T19:20:18Z,path of exile 2,new borne,https://www.youtube.com/watch?v=UW1YlPu7Zlc,2026-07-16T15:38:49Z,13,2.17,2.17,13,2026-07-16T19:20:18Z,13
2026-07-16T19:20:18Z,Path of Exile 2 | Internal Extension (In Development),Luca,https://www.youtube.com/watch?v=I24KPlougf4,2026-07-16T11:14:20Z,52,6.42,6.42,52,2026-07-16T19:20:18Z,52
2026-07-16T19:20:18Z,Path of Exile 2. Зоопарк 35 LvL.,OBMOROK-TV,https://www.youtube.com/watch?v=ZhHW2xLAjRc,2026-07-16T12:22:31Z,55,7.9,7.9,55,2026-07-16T19:20:18Z,55
2026-07-16T19:20:18Z,[Path of Exile 2] Voices Sapphire How Rare Could It Be?,Precaso,https://www.youtube.com/watch?v=m8Y316as32M,2026-07-16T16:10:27Z,175,29.17,135.76,1506,2026-07-17T03:16:02Z,1506
2026-07-16T19:20:18Z,Path of Exile 2 - Gemling Leveling 0.5,VIITERO,https://www.youtube.com/watch?v=xE0jMdxn-Bc,2026-07-16T14:21:47Z,301,50.17,50.17,303,2026-07-17T03:16:02Z,303
2026-07-16T19:20:18Z,Big Gear - !build #SorcNation - Ask Any Question! - Path of Exile 2,OperatorOtter,https://www.youtube.com/watch?v=QjFAxQDXumQ,2026-07-16T17:56:49Z,536,89.33,89.33,925,2026-07-17T08:18:57Z,925
2026-07-16T19:20:18Z,Path of Exile 2 Arc Totem Grand Expeditions,Raxxanterax,https://www.youtube.com/watch?v=UNE_THG4alk,2026-07-16T17:36:07Z,4647,774.5,774.5,5901,2026-07-17T08:18:57Z,5901
2026-07-17T03:16:02Z,"Phyx, Sentinel of the Spark Boss Guide | Path of Exile 2",OwenOasis,https://www.youtube.com/watch?v=4rgwC766Dao,2026-07-16T20:30:36Z,12,1.78,1.78,12,2026-07-17T03:16:02Z,12
2026-07-17T03:16:02Z,Path of Exile 2 - Fast Leveling Guide | Gemling Legionnaire Twister Build | Secondary Character,ebollass,https://www.youtube.com/watch?v=uvfAULH5nlw,2026-07-16T22:41:57Z,12,2.0,2.0,19,2026-07-17T08:18:57Z,19
2026-07-17T03:16:02Z,Path of Exile 2 poe2 コンパニオン厳選　ワーカパヌ島,prp dr,https://www.youtube.com/watch?v=uK6DiaVlq1s,2026-07-16T15:05:16Z,26,2.13,2.13,26,2026-07-17T03:16:02Z,26
2026-07-17T03:16:02Z,PATH OF EXILE 2: RUNES OF ALDUR Gameplay Walkthrough PART 17 (FULL GAME) | Return to Ogham,SuperSexyGamerX,https://www.youtube.com/watch?v=9SyxXZSN3Oc,2026-07-16T19:46:30Z,22,2.94,2.94,22,2026-07-17T08:18:57Z,22
2026-07-17T03:16:02Z,❤️ Path of Exile 2 ► Благодаря подписчику я прошёл задание с Сердцем!,SERGO,https://www.youtube.com/watch?v=4Uj7iCbPxkU,2026-07-16T15:00:29Z,42,3.43,3.43,42,2026-07-17T03:16:02Z,42
2026-07-17T03:16:02Z,Rolling Corrupting Cry amulet...AGAIN Path of Exile 2 Endgame stream,MightyMouthDFT,https://www.youtube.com/watch?v=zCIph4R7V6Y,2026-07-16T15:17:18Z,44,3.67,3.67,44,2026-07-17T03:16:02Z,44
2026-07-17T03:16:02Z,Hardcore แบบแล็กๆ ep38 Live poe2 path of exile 2,Mpung,https://www.youtube.com/watch?v=rB24hHeUeGs,2026-07-16T20:15:58Z,27,3.86,3.86,27,2026-07-17T08:18:57Z,27
2026-07-17T03:16:02Z,Path of Exile 2 - Shorts live stream - Horizontal stream also live,Meelie LG,https://www.youtube.com/watch?v=JQDYanyuVMs,2026-07-16T19:59:18Z,76,10.44,10.44,76,2026-07-17T03:16:02Z,76
2026-07-17T03:16:02Z,The Werewolf Build Nobody Expected | PoE 2 Chronomancer Guide,Jazzarus,https://www.youtube.com/watch?v=gWpdr12L_kk,2026-07-17T00:45:03Z,90,15.0,15.0,90,2026-07-17T03:16:02Z,90
2026-07-17T03:16:02Z,50 Divines/Heure avec cette Strat RITUEL ! | PoE 2,Touffeless,https://www.youtube.com/watch?v=_REHO9kODag,2026-07-16T16:14:05Z,227,20.58,20.58,227,2026-07-17T03:16:02Z,227
2026-07-17T03:16:02Z,SAGASIZ + TABLETSİZ EXPEDiTiON FARM - Path of Exile 2 (PoE2),Swordorin2,https://www.youtube.com/watch?v=_vYGuSdpqa8,2026-07-16T15:15:14Z,260,21.64,21.64,260,2026-07-17T03:16:02Z,260
2026-07-17T03:16:02Z,Path Of Exile 2 - Tentando criar uma build sera que vai dar certo ?,Jookeer12,https://www.youtube.com/watch?v=KdyrZoNYJ6c,2026-07-16T20:43:42Z,164,25.08,25.08,164,2026-07-17T13:49:49Z,164
2026-07-17T03:16:02Z,"Como Craftar Armaduras BARATAS no Path of Exile 2 | Luvas, Botas, Peitoral e Elmos",ChibaTTV,https://www.youtube.com/watch?v=r9Z6-68-H1U,2026-07-16T14:19:39Z,714,55.18,55.18,714,2026-07-17T03:16:02Z,714
2026-07-17T03:16:02Z,СИМУЛЯКР PATH OF EXILE 2 ОРАКУЛ КОМЕТЫ + ВИЛКА ПОИСК САПФИРА ГОЛОСА ПОЕ 2,POE - Изобретатель,https://www.youtube.com/watch?v=IRnPb4Wi-CE,2026-07-16T20:28:19Z,907,133.47,133.47,907,2026-07-17T08:18:57Z,907
2026-07-17T03:16:02Z,LIVE | Unused Skill + 513% AoE = Cool | Path of Exile 2,Troy Tesko,https://www.youtube.com/watch?v=Q02VTgns4qQ,2026-07-16T21:11:40Z,819,134.86,134.86,861,2026-07-17T13:49:49Z,861
2026-07-17T03:16:02Z,Path of Exile 1: Curse of the Allflame Content Reveal,Path of Exile,https://www.youtube.com/watch?v=F5dO2Gg01VU,2026-07-16T20:34:34Z,97342,14547.71,14547.71,192948,2026-07-17T13:49:49Z,192948
2026-07-17T08:18:57Z,Path of Exile 2 - The Most Addicting Game I've Ever Played,TruePatriotGaming,https://www.youtube.com/watch?v=OIJ1jA15cqA,2026-07-17T01:19:40Z,12,1.72,1.72,12,2026-07-17T08:18:57Z,12
2026-07-17T08:18:57Z,How to farm rakiata's flow effectively | Path of exile 2 #farming #rakiatasflow,MODJYO,https://www.youtube.com/watch?v=dnRxlrp4g_I,2026-07-16T17:08:53Z,28,1.85,1.85,28,2026-07-17T08:18:57Z,28
2026-07-17T08:18:57Z,#Path-of-Exile-2 #POE2 #Hack&Slasher #live #Dop3 @ #Gaming #Deutsch,Dop3 0n Plastic - Gaming,https://www.youtube.com/watch?v=UnA51m0JGAM,2026-07-17T00:39:19Z,26,3.39,3.39,26,2026-07-17T08:18:57Z,26
2026-07-17T08:18:57Z,[Path of Exile 2] a boring stream,Gamer Setapak,https://www.youtube.com/watch?v=aw-j20Yu7NI,2026-07-17T00:46:24Z,27,3.58,3.58,27,2026-07-17T13:49:49Z,27
2026-07-17T08:18:57Z,PATH OF EXILE 2 | Oracle CoC Frostbolt/Spark + Comet ❄️ Build | Gameplay No Comments - Part23.5,Espera um Pouco Aí,https://www.youtube.com/watch?v=-rWaFX_Pyxo,2026-07-16T19:39:24Z,51,4.03,4.03,51,2026-07-17T08:18:57Z,51
2026-07-17T08:18:57Z,HOW HAVEN'T I DONE THIS YET? PATH OF EXILE 2 RETURN OF THE ANCIENTS,Lids Vids,https://www.youtube.com/watch?v=LUFq_nEC-2w,2026-07-17T03:39:45Z,38,6.33,6.33,42,2026-07-17T19:18:03Z,42
2026-07-17T08:18:57Z,🔴LIVE | Path of Exile 2 Monk Twister! Printing Divines!,Apokolips TV,https://www.youtube.com/watch?v=hGoCEE0XLJk,2026-07-17T04:20:54Z,58,9.67,9.67,66,2026-07-17T19:18:03Z,66
2026-07-17T08:18:57Z,OI FRIO! TUDO BOM? - PATH OF EXILE 2 - XAMÃ DE FOGO [ENDGAME] - 16/07/2026,Cremado,https://www.youtube.com/watch?v=i7CEz083BbA,2026-07-16T22:04:06Z,104,10.15,10.15,104,2026-07-17T13:49:49Z,104
2026-07-17T08:18:57Z,Path of Exile 2 - Oracle Build!,MrSoul,https://www.youtube.com/watch?v=yaqKgxslIQE,2026-07-17T04:12:17Z,91,15.17,15.17,93,2026-07-17T19:18:03Z,93
2026-07-17T08:18:57Z,Path of Exile 2 - Level 98 Soon!,OnesInTheChat,https://www.youtube.com/watch?v=zhGUnuPEUz0,2026-07-17T00:06:53Z,369,44.99,44.99,385,2026-07-17T13:49:49Z,385
2026-07-17T08:18:57Z,Path of Exile’s Developers Just Called Out AAA Development,Destin,https://www.youtube.com/watch?v=D6FVzJnL1b0,2026-07-16T21:30:27Z,6027,557.62,598.42,9768,2026-07-17T13:49:49Z,9768
2026-07-17T13:49:49Z,Path of exile 2 !!! HardcoreThe Witch and her crew are Back...Back to the Past Part 8,Reasonable Gamer,https://www.youtube.com/watch?v=V8GLGP8_djk,2026-07-17T04:53:14Z,30,3.35,3.35,30,2026-07-17T19:18:03Z,30
2026-07-17T13:49:49Z,Path of Exile 2 | Farming Raven Touch Shard,JonTechie,https://www.youtube.com/watch?v=g128gCDBD9Y,2026-07-17T07:46:24Z,22,3.63,3.63,34,2026-07-17T19:18:03Z,34
2026-07-17T13:49:49Z,Path of Exile Plaguewraith Supporter pack showcase! Path of Exile 2 version,InfinityStoned,https://www.youtube.com/watch?v=MzfUDPwf-iM,2026-07-17T06:28:31Z,41,5.57,5.57,64,2026-07-17T19:18:03Z,64
2026-07-17T13:49:49Z,Path of Exile 2 Return of the Ancient Currency Printing,ShakeN_YT,https://www.youtube.com/watch?v=QEiYSPZJx30,2026-07-17T00:06:21Z,95,6.92,6.92,95,2026-07-17T13:49:49Z,95
2026-07-17T13:49:49Z,Все секреты Храма Ваал в Path of Exile 2 | Полный разбор механик,SoSeriousGame,https://www.youtube.com/watch?v=FacazpR8HMc,2026-07-17T06:05:07Z,770,99.42,100.79,1332,2026-07-17T19:18:03Z,1332
2026-07-17T13:49:49Z,[0.5] PoE 2 ICE NOVA INFERNALIST | ZAROKH(6 MAN) | Witch Build | Path of exile 2,SlayerD,https://www.youtube.com/watch?v=_Wf2EPBCufY,2026-07-16T21:14:59Z,2650,159.83,159.83,2650,2026-07-17T13:49:49Z,2650
2026-07-17T13:49:49Z,CONTINUING TO SEE IF PATH OF EXILE 2 IS THE BEST ARPG EVER MADE,Seer,https://www.youtube.com/watch?v=e3rSLeoqRFU,2026-07-16T23:49:59Z,2627,187.68,187.68,2627,2026-07-17T13:49:49Z,2627
2026-07-17T13:49:49Z,[NEW] Path of Exile Patch 3.29 | Supporter Pack MTX Showcase & Review (Works for Both PoE 1 & 2),MisoxShiru,https://www.youtube.com/watch?v=CmIgnFUV3_E,2026-07-17T05:55:51Z,1565,198.11,198.11,2297,2026-07-17T19:18:03Z,2297
2026-07-17T13:49:49Z,【Path of Exile 2】武器セット2の固有スキルを武器セット1で使うバグが草【PoE2】,ゲーミングナマケモノ,https://www.youtube.com/watch?v=uE6E6jlrfX4,2026-07-17T09:00:26Z,1965,327.5,327.5,1965,2026-07-17T13:49:49Z,1965
2026-07-17T13:49:49Z,The FINAL Elemental Whirling Assault Monk Build (PoE 2 0.5),Barricade,https://www.youtube.com/watch?v=CSRZ4c_DXTk,2026-07-17T01:44:14Z,5355,442.81,442.81,7040,2026-07-17T19:18:03Z,7040
2026-07-17T19:18:03Z,HINEKORA LOCK FOUND!! | SSF MARTIAL ARTIST - Path of Exile 2,AlwaysRogue,https://www.youtube.com/watch?v=JJDzcHaBexk,2026-07-17T03:22:54Z,35,2.2,2.2,35,2026-07-17T19:18:03Z,35
2026-07-17T19:18:03Z,Grim Pillars Spell Totem Oracle 0.5 Update - Path of Exile 2 Build Guide,Odealo,https://www.youtube.com/watch?v=eAYRDvLNgnQ,2026-07-17T14:00:05Z,52,8.67,8.67,52,2026-07-17T19:18:03Z,52
2026-07-17T19:18:03Z,"Арбалет, храм, идеальный сапфир - Path of Exile 2: Runes of Aldur #04 (За Копейщика)",WarlockTD,https://www.youtube.com/watch?v=_E4-o8I_AkY,2026-07-17T09:15:03Z,176,17.51,17.51,176,2026-07-17T19:18:03Z,176
2026-07-17T19:18:03Z,🔴INFINITE MANA RITUAL ANY GOOD? | Path Of Exile 2,Phalanx,https://www.youtube.com/watch?v=h6C215UpA-o,2026-07-17T16:45:23Z,280,46.67,46.67,370,2026-07-18T08:00:35Z,370
2026-07-17T19:18:03Z,The State of Path of Exile 2 - Full Review of 0.5 Return of the Ancients  after 500 Hours,cArn_,https://www.youtube.com/watch?v=oPQQ61m2DV4,2026-07-17T15:43:14Z,448,74.67,136.7,1850,2026-07-18T08:00:35Z,1850
2026-07-17T19:18:03Z,The Hammer Engine - BEST Build I Ever Played! | Path of Exile 2,Ulfhednar,https://www.youtube.com/watch?v=Nv4tqIiv8S8,2026-07-17T16:36:31Z,611,101.83,396.89,5519,2026-07-18T08:00:35Z,5519
2026-07-17T19:18:03Z,Ritual? - !build #SorcNation - Ask Any Question! - Path of Exile 2,OperatorOtter,https://www.youtube.com/watch?v=txlAMXm8ck0,2026-07-17T18:28:49Z,614,102.33,109.6,1056,2026-07-18T08:00:35Z,1056
2026-07-17T19:18:03Z,You're crafting backwards!! PoE 2 0.5 Price checking,Keyson,https://www.youtube.com/watch?v=Eav6FVAmCi4,2026-07-17T13:23:31Z,1058,176.33,176.33,1058,2026-07-17T19:18:03Z,1058
2026-07-17T19:18:03Z,Path of Exile 2 - Crafting Giga Jewels,OnesInTheChat,https://www.youtube.com/watch?v=NVUImHrJz3o,2026-07-17T14:30:34Z,1602,267.0,267.0,3703,2026-07-18T08:00:35Z,3703
2026-07-17T19:18:03Z,【PoE2 0.5】MY FIEST ABYSSAL LICH - Path of Exile 2 !build !moba !Discord,[CCG] Circus Circle Games,https://www.youtube.com/watch?v=2w6qFSRCPPM,2026-07-17T18:04:28Z,2268,378.0,378.0,2562,2026-07-18T08:00:35Z,2562
2026-07-17T19:18:03Z,Path of Exile 2 Arc Totem Grand Expeditions,Raxxanterax,https://www.youtube.com/watch?v=QZ1I_TIuXb4,2026-07-17T15:00:22Z,4411,735.17,735.17,5168,2026-07-18T08:00:35Z,5168
2026-07-18T02:53:00Z,"5090 rtx , 9950x3d , test , 4k , Path of Exile 2",bombardowca,https://www.youtube.com/watch?v=EmI1FBhTij8,2026-07-17T21:16:55Z,124,20.67,20.67,124,2026-07-18T02:53:00Z,124
2026-07-18T02:53:00Z,My Infernalist is Almost Perfect - Path of Exile 2,Cultist of Khorne,https://www.youtube.com/watch?v=K4ti7bR1xTQ,2026-07-17T21:00:59Z,124,20.67,20.67,124,2026-07-18T02:53:00Z,124
2026-07-18T02:53:00Z,PATH OF EXILE 2 INDONESIA GEMLING SPARK !!! APAKAH RAMAH UNTUK PC? #pathofexile2 #mediashareon,TUYUL DISKO,https://www.youtube.com/watch?v=wckeuYi7GGw,2026-07-17T21:16:12Z,149,24.83,24.83,149,2026-07-18T02:53:00Z,149
2026-07-18T02:53:00Z,Saints End Monastery Hideout in path of exile 2,Hajoos,https://www.youtube.com/watch?v=n9Z5S4wVK3s,2026-07-17T21:12:42Z,219,36.5,39.24,637,2026-07-18T13:26:40Z,637
2026-07-18T02:53:00Z,BEST ONE-BUTTON MOLTEN BLAST BUILD IN THE GAME! Path of Exile 2 Build | POE2 Build 0.5,KaidGames2,https://www.youtube.com/watch?v=plDXjTETQV0,2026-07-17T09:00:10Z,953,53.3,53.3,953,2026-07-18T02:53:00Z,953
2026-07-18T02:53:00Z,BEST Path of Exile 2 Mods 2026 / Price Checker + Build Planner + Loot Filter / Free Download,Kathryn,https://www.youtube.com/watch?v=DbqhVXchzW4,2026-07-17T21:31:39Z,348,58.0,58.0,734,2026-07-18T13:26:40Z,734
2026-07-18T02:53:00Z,TOP 10 *UPDATED* BEST BUILDS IN POE2 0.5! Path of Exile 2 Builds - POE 2 0.5 Builds,KaidGames2,https://www.youtube.com/watch?v=_ImMLG5DYg8,2026-07-17T20:00:34Z,571,83.07,83.07,1231,2026-07-18T13:26:40Z,1231
2026-07-18T02:53:00Z,12 Power Charge Falling Thunder | Path Of Exile 2,Dozzy,https://www.youtube.com/watch?v=BLzBBu422z0,2026-07-17T20:24:29Z,973,150.26,191.18,2661,2026-07-18T13:26:40Z,2661
2026-07-18T02:53:00Z,Path of Exile 2 - Crafting and Arbiter of Ash Today!,OnesInTheChat,https://www.youtube.com/watch?v=lUPwxu8f4Wg,2026-07-17T22:31:32Z,904,150.67,150.67,904,2026-07-18T13:26:40Z,904
2026-07-18T02:53:00Z,Path of Exile 2 | 150% Rarity Twister Spirit Walker! Divines Everywhere! (PoE 2 0.5 Huntress),SiahZ,https://www.youtube.com/watch?v=eYszzda6R78,2026-07-17T21:40:40Z,1588,264.67,264.67,1798,2026-07-18T13:26:40Z,1798
2026-07-18T02:53:00Z,PoE 2 - 100M DPS Low Life Monk - Giga Bonk Martial Artist - 0.5 Monk Build - Path of Exile 2,FGKorbyn21,https://www.youtube.com/watch?v=07r3xYydw38,2026-07-17T15:58:04Z,8245,755.33,755.33,10201,2026-07-18T08:00:35Z,10201
2026-07-18T02:53:00Z,Everything you need to know about POE 3.29 in less than 10 minutes,Zizaran,https://www.youtube.com/watch?v=rugOaj5h9sg,2026-07-17T12:23:27Z,25886,1786.14,1786.14,25886,2026-07-18T02:53:00Z,25886
2026-07-18T02:53:00Z,Save this Short for Next League!  #pathofexile2 #pathofexile #poe2 #gaming #poe,Nesiex,https://www.youtube.com/watch?v=Z9pG20wzpUk,2026-07-17T21:00:30Z,16154,2692.33,2855.48,46750,2026-07-18T13:26:40Z,46750
2026-07-18T08:00:35Z,Lvl 40 Corrupting CRY Smith of Kitava Path of Exile 2 Endgame stream,MightyMouthDFT,https://www.youtube.com/watch?v=H3J518AD0bI,2026-07-18T05:14:02Z,135,22.5,22.5,135,2026-07-18T08:00:35Z,135
2026-07-18T08:00:35Z,Easy Wand Craft! | PoE 2 Crafting #poe2 #pathofexile2 #shorts,Yuzo TV,https://www.youtube.com/watch?v=ao3qHnuSciM,2026-07-18T03:00:34Z,246,41.0,50.12,638,2026-07-18T19:11:38Z,638
2026-07-18T08:00:35Z,More Sekhemas Until it Drops! - Path of Exile 2,Wolfyowns,https://www.youtube.com/watch?v=mLw1b1cZ2qE,2026-07-18T01:56:31Z,336,55.37,97.89,1344,2026-07-18T19:11:38Z,1344
2026-07-18T08:00:35Z,I Turned Path of Exile 2 Into a GAME SHOW,Ydoc,https://www.youtube.com/watch?v=PNlUY6kcpTI,2026-07-18T04:57:18Z,588,98.0,266.68,3946,2026-07-19T03:24:33Z,3946
2026-07-18T08:00:35Z,Everything Explained About Low Budget Expedition Treasure Hunting - Currency Guide - Path of Exile 2,Master T,https://www.youtube.com/watch?v=t9DNsthvsmY,2026-07-17T23:55:18Z,2372,293.26,327.0,6083,2026-07-18T19:11:38Z,6083
2026-07-18T13:26:40Z,🎩Path of Exile 2🎩👓Кровавая ведьма с арбалетом на холоде.👓,mrBLO стримы,https://www.youtube.com/watch?v=p3h8mPOP6sM,2026-07-18T09:11:05Z,119,19.83,19.83,119,2026-07-18T13:26:40Z,119
2026-07-18T13:26:40Z,Path of Exile 2 - Druid Blasting  🐻🧙🏻‍♂️🎮    (PS5 Pro),CRiZZO,https://www.youtube.com/watch?v=R4XIw1LnHHc,2026-07-18T08:53:59Z,158,26.33,26.33,170,2026-07-18T19:11:38Z,170
2026-07-18T13:26:40Z,Path of Exile 2 Breach Guide | Everything You Need to Know,Ghost Activity,https://www.youtube.com/watch?v=KilYEYEMThs,2026-07-18T06:35:17Z,319,46.52,132.94,2768,2026-07-19T03:24:33Z,2768
2026-07-18T13:26:40Z,Path of Exile 2 Music - Ngakanu (Early Access Preview),Kamil Orman-Janowski,https://www.youtube.com/watch?v=Vyjslj7yaH4,2026-07-18T10:12:29Z,310,51.67,90.03,1300,2026-07-19T08:26:26Z,1300
2026-07-18T13:26:40Z,NEWEST Path of Exile 2 Mods 2026 / Price Checker + Build Planner + Loot Filter / Working Hack,ANKUSH THAKUR,https://www.youtube.com/watch?v=pl7NNsUnmeE,2026-07-18T09:36:14Z,398,66.33,79.98,767,2026-07-19T08:26:26Z,767
2026-07-18T13:26:40Z,Path of Exile 2 เข้าบิ้วได้แล้ว,Doraraz,https://www.youtube.com/watch?v=aczwgqTCnLU,2026-07-18T11:36:21Z,482,80.33,80.33,511,2026-07-19T08:26:26Z,511
2026-07-18T13:26:40Z,🔴INFINITE MANA GIGA RITUAL ANY GOOD? | Path Of Exile 2,Phalanx,https://www.youtube.com/watch?v=WTPVDkmJgi4,2026-07-18T10:58:39Z,535,89.17,89.17,612,2026-07-19T08:26:26Z,612
2026-07-18T13:26:40Z,โทเทมปุ่มเดียว Arc Totem Gemling Path of Exile 2 | Build Guide,ShafP,https://www.youtube.com/watch?v=ZlU20_VcHYk,2026-07-18T08:02:03Z,735,122.5,165.33,2224,2026-07-19T03:24:33Z,2224
2026-07-18T13:26:40Z,The FASTEST build I've played this league - WHIRLING Glacial Bolt Gemling - Build Guide [POE2 0.5],Phylaris POE,https://www.youtube.com/watch?v=7WCQ-xjkRNw,2026-07-18T02:10:16Z,7463,662.0,662.0,7463,2026-07-18T13:26:40Z,7463
2026-07-18T19:11:38Z,【Path of Exile 2】#122 父母の祖いって起源の塔へ　エンドゲームT15【POE2/ パスオブエグザイル2】,ごえもぉん,https://www.youtube.com/watch?v=aYWGLBFr26Q,2026-07-18T00:25:15Z,239,12.73,12.73,239,2026-07-18T19:11:38Z,239
2026-07-18T19:11:38Z,昭和のおじさんがのんびり適当にやる　Path of Exile 2　part32,tikaisan,https://www.youtube.com/watch?v=VAu9KnrsYgw,2026-07-18T12:12:12Z,91,13.02,13.02,91,2026-07-18T19:11:38Z,91
2026-07-18T19:11:38Z,12 Power Charge + Adonia's Ego LOW BUDGET! | Path Of Exile 2,Dozzy,https://www.youtube.com/watch?v=jiMUs-KKrcI,2026-07-18T00:32:00Z,1043,55.89,55.89,1043,2026-07-18T19:11:38Z,1043
2026-07-18T19:11:38Z,Oracle Mjölner Build - Path of Exile 2,WINTALITY,https://www.youtube.com/watch?v=_8BTSkXo8Eo,2026-07-18T13:59:08Z,511,85.17,140.12,2586,2026-07-19T08:26:26Z,2586
2026-07-18T19:11:38Z,🔴[LIVE] 💀First Time Ever Playing PATH OF EXILE 2 | Sorceress MAPS! | Playthrough [Day 22],RelativityRabbit,https://www.youtube.com/watch?v=t4ZpVbuZN-E,2026-07-18T16:00:15Z,1026,171.0,171.0,1060,2026-07-19T13:35:43Z,1060
2026-07-18T19:11:38Z,This was WAY HARDER than I thought... - Path of Exile 2 Goldfound Ep. 4,Zizaran,https://www.youtube.com/watch?v=luXoArUmQyM,2026-07-18T17:41:48Z,1841,306.83,774.35,11219,2026-07-19T13:35:43Z,11219
2026-07-18T19:11:38Z,Path of Exile 2 - Can We Reforge 24div Into 1300div?,OnesInTheChat,https://www.youtube.com/watch?v=k06iDnbeTLY,2026-07-18T14:30:09Z,2154,359.0,360.59,5936,2026-07-19T13:35:43Z,5936
2026-07-18T19:11:38Z,Быстрый и профитный фарм храма. Path of Exile 2,Qordes,https://www.youtube.com/watch?v=O2YyqNNYwzM,2026-07-18T16:14:02Z,2746,457.67,717.38,12960,2026-07-19T13:35:43Z,12960
2026-07-18T19:11:38Z,WHAT 200 DIVINE TABLETS SETUP GETS YOU | Path Of Exile 2 #poe2,Phalanx,https://www.youtube.com/watch?v=2NpWZG_D0vI,2026-07-18T14:29:47Z,5276,879.33,1493.0,24081,2026-07-19T08:26:26Z,24081
2026-07-19T03:24:33Z,"Ball lightning life stacker Blood Mage, Path of exile 2",Igna,https://www.youtube.com/watch?v=FjiycCpE_0M,2026-07-18T22:29:26Z,82,13.67,13.67,82,2026-07-19T03:24:33Z,82
2026-07-19T03:24:33Z,Yueri Plays Path of Exile 2 0.5 Temporalis Blood Mage,yueri Plays,https://www.youtube.com/watch?v=SNcACg994gg,2026-07-18T21:56:18Z,105,17.5,17.5,105,2026-07-19T03:24:33Z,105
2026-07-19T03:24:33Z,Path of Exile 2 - ICE SHOT DEADEYE🏹🧊 a different type of VIDEO | ROTA 0.5 DISS | JUICED 200% MAPS,DeathKing,https://www.youtube.com/watch?v=WIKxs_eaUEY,2026-07-18T18:55:07Z,436,51.35,51.35,726,2026-07-19T13:35:43Z,726
2026-07-19T03:24:33Z,This Breach Farm Beats Expedition | PoE2 0.5,ExFluent,https://www.youtube.com/watch?v=Zs_DTXbyRrc,2026-07-18T14:26:05Z,2588,199.47,199.47,2588,2026-07-19T03:24:33Z,2588
2026-07-19T03:24:33Z,TOP 6 NEW OP BUILDS IN POE 2 0.5.4! Path of Exile 2 Builds | POE 2 0.5 Builds,KaidGames2,https://www.youtube.com/watch?v=fTYiMavMG38,2026-07-18T20:00:11Z,1708,230.62,230.62,2712,2026-07-19T08:26:26Z,2712
2026-07-19T03:24:33Z,The Best Path of Exile 2 Builds in July | The Path 2 Exile Podcast Picks,MisoxShiru,https://www.youtube.com/watch?v=GrAdCg8xR84,2026-07-18T19:00:17Z,3230,384.32,384.32,5510,2026-07-19T13:35:43Z,5510
2026-07-19T03:24:33Z,Path of Exile 2 Arc Totem Grand Expeditions,Raxxanterax,https://www.youtube.com/watch?v=ICd-x06fvko,2026-07-18T23:47:06Z,6172,1028.67,1028.67,7051,2026-07-19T19:13:12Z,7051
2026-07-19T08:26:26Z,{2D VTUBER} REACTIONS THEN PATH OF EXILE 2,Gryphonknight,https://www.youtube.com/watch?v=wTNB9S4P5Zo,2026-07-19T03:51:07Z,99,16.5,16.5,99,2026-07-19T08:26:26Z,99
2026-07-19T08:26:26Z,Path of Exile 2 - Gemling Leveling 0.5,VIITERO,https://www.youtube.com/watch?v=ofTrWV0cncQ,2026-07-19T01:59:30Z,336,52.1,52.1,340,2026-07-19T19:13:12Z,340
2026-07-19T08:26:26Z,💥PATH OF EXILE 2💥 HARDCORE: ВОИН ТАЩИТ!! 🪨РАЗЛОМ ЗЕМЛИ🪨,MERENKOFF,https://www.youtube.com/watch?v=Cw5VMmflKDU,2026-07-19T02:35:05Z,382,63.67,63.67,382,2026-07-19T08:26:26Z,382
2026-07-19T08:26:26Z,🔥 5 Cool Path Of Exile 2 Community Builds To Check Out | Return of the Ancients 0.5 | S4 EP6,Jorgen,https://www.youtube.com/watch?v=7jyobRAiMsU,2026-07-19T07:19:08Z,442,73.67,620.1,9369,2026-07-20T03:38:22Z,9369
2026-07-19T08:26:26Z,BOW 16 Charges | Path Of Exile 2,Dozzy,https://www.youtube.com/watch?v=76NjRGfum3o,2026-07-19T05:42:27Z,541,90.17,144.52,1349,2026-07-20T03:38:22Z,1349
2026-07-19T08:26:26Z,HALLIG SHORTS LIVE // Path of Exile 2 // WITCH,Halligmann,https://www.youtube.com/watch?v=aiK34vq4vHE,2026-07-19T08:17:22Z,566,94.33,94.33,566,2026-07-19T08:26:26Z,566
2026-07-19T08:26:26Z,This Unique Item COMPLETELY TRANSFORMS Your Character in PoE 2!,MisoxShiru,https://www.youtube.com/watch?v=qDj0QNyBTpM,2026-07-19T06:41:46Z,1232,205.33,560.2,9779,2026-07-20T03:38:22Z,9779
2026-07-19T13:35:43Z,POE2 | Chaos Toads Lich T15+ End Game | Path of Exile 2 v0.5,Syxx6,https://www.youtube.com/watch?v=fg1KyP_ZGG0,2026-07-19T04:15:08Z,125,13.38,13.38,125,2026-07-19T13:35:43Z,125
2026-07-19T13:35:43Z,THIS SPARK BUILD JUST GOT MASSIVELY BUFFED! Path of Exile 2 Sorceress Build 0.5 (NEW META),KaidGames2,https://www.youtube.com/watch?v=6pPbSmTT3BE,2026-07-19T09:00:05Z,84,14.0,14.0,84,2026-07-19T13:35:43Z,84
2026-07-19T13:35:43Z,🔴[LIVE] ⚡️MJOLNIER ⚡️GEMLING LEGOINARE!!   | Path of exile 2 0.5 (Portrait),86ed,https://www.youtube.com/watch?v=21EEzy16FnM,2026-07-19T13:08:09Z,103,17.17,17.17,103,2026-07-19T13:35:43Z,103
2026-07-19T13:35:43Z,Path of Exile 2 -  Grand Expeditions and Upgrade my GEAR  🥶 🏹  (PC),CRiZZO,https://www.youtube.com/watch?v=_KHRGUaw188,2026-07-19T07:54:59Z,222,37.0,37.0,227,2026-07-19T19:13:12Z,227
2026-07-19T13:35:43Z,"Path Of Exile 2 Return Season 0,5,4 | Your Favorite Party breach sampe muntah - Morning Guys!",Wildan R,https://www.youtube.com/watch?v=Hnkh6l7ZKk4,2026-07-19T08:49:45Z,353,58.83,58.83,356,2026-07-19T19:13:12Z,356
2026-07-19T13:35:43Z,I Used The Best Free Path Of Exile 2 Bot in 2026! And Its Insane! | Poe 2 AutoBot V2,Teguh Dwijaya,https://www.youtube.com/watch?v=6TPCNO-qhCQ,2026-07-19T11:15:50Z,1075,179.17,179.17,1147,2026-07-20T03:38:22Z,1147
2026-07-19T13:35:43Z,【Path of Exile 2】ルーンファザーの眼でヒット時火スペルをたくさん出そう【スミスオブキタヴァ】【PoE2】,ゲーミングナマケモノ,https://www.youtube.com/watch?v=Nv1YZq-LLa0,2026-07-19T08:30:29Z,2180,363.33,363.33,3982,2026-07-20T03:38:22Z,3982
2026-07-19T13:35:43Z,Path of Exile 2 Arc Totem Gemling Legionnaire Build Guide,Raxxanterax,https://www.youtube.com/watch?v=aT6-DEI8vjI,2026-07-19T12:02:30Z,2598,433.0,1698.84,23271,2026-07-20T09:24:50Z,23271
2026-07-19T13:35:43Z,"[POE2] 정식출시 전 ""0.6 시즌"" 패치?? [패스오브엑자일2]",REPEX | 리펙스,https://www.youtube.com/watch?v=XtIcXK8Hnts,2026-07-19T00:45:13Z,6910,538.08,538.08,8605,2026-07-19T19:13:12Z,8605
2026-07-19T19:13:12Z,Обжигающее пламя - Path of Exile 2: Runes of Aldur #06 (За Копейщика),WarlockTD,https://www.youtube.com/watch?v=cnOfA6qF-H8,2026-07-19T09:15:04Z,176,17.65,17.65,176,2026-07-19T19:13:12Z,176
2026-07-19T19:13:12Z,TOP 6 BEST MINION BUILDS IN POE2 0.5! Path of Exile 2 Minion Build 0.5 (NEW META),KaidGames2,https://www.youtube.com/watch?v=Wmybrrh7yZs,2026-07-19T15:00:30Z,151,25.17,25.21,464,2026-07-20T09:24:50Z,464
2026-07-19T19:13:12Z,"Path of Exile 2. Hardcore. 0.5.4 MONK Martial Artist. Olroth, Origin of the Fall!",Dzhanzik,https://www.youtube.com/watch?v=7faBf58zM2g,2026-07-19T14:39:27Z,246,41.0,41.0,330,2026-07-20T09:24:50Z,330
2026-07-19T19:13:12Z,🔴GIGA JUICED EXPEDITION INFINITE MANA !build | Path Of Exile 2,Phalanx,https://www.youtube.com/watch?v=fIt49CvxuTk,2026-07-19T16:03:39Z,729,121.5,121.5,729,2026-07-20T14:19:19Z,729
2026-07-19T19:13:12Z,"I INVESTED A LOTS OF DIVINE INTO RITUAL I GOT LOTS OF LOOT, BUT.... | Path Of Exile 2",Phalanx,https://www.youtube.com/watch?v=q2QROT3YmZM,2026-07-19T10:00:12Z,1386,150.38,150.38,2045,2026-07-20T03:38:22Z,2045
2026-07-19T19:13:12Z,O RMT do Path of Exile 2 é TENSO,Fessor Lih,https://www.youtube.com/watch?v=5E4vj75Emlo,2026-07-19T14:15:38Z,1127,187.83,251.59,4021,2026-07-20T09:24:50Z,4021
2026-07-19T19:13:12Z,🔴[LIVE] 💀First Time Ever Playing PATH OF EXILE 2 | Sorceress MAPS! | Playthrough [Day 23],RelativityRabbit,https://www.youtube.com/watch?v=ByRy7OKuGTM,2026-07-19T14:21:16Z,1426,237.67,237.67,1475,2026-07-20T09:24:50Z,1475
2026-07-19T19:13:12Z,Хорошая была лига. Path of Exile 2 !build !tg,CARDIFF GAMING,https://www.youtube.com/watch?v=fBWgmiQ9Fdc,2026-07-19T14:21:53Z,4098,683.0,683.0,4350,2026-07-20T03:38:22Z,4350
2026-07-19T19:13:12Z,POE2 In 2026 - Better Than Diablo 4?,TheLazyPeon,https://www.youtube.com/watch?v=Mf3VWTDZx-0,2026-07-19T14:00:22Z,15867,2644.5,2644.5,41476,2026-07-20T09:24:50Z,41476
2026-07-20T03:38:22Z,🎩Path of Exile 2🎩👓Кровавая ведьма с арбалетом на холоде.👓,mrBLO стримы,https://www.youtube.com/watch?v=xGpXkk4e3-s,2026-07-19T19:12:15Z,271,32.13,32.13,277,2026-07-20T14:19:19Z,277
2026-07-20T03:38:22Z,Path Of Exile 2 -  Última Build até dia 25,Jookeer12,https://www.youtube.com/watch?v=vaM2I4IY2qo,2026-07-19T19:38:19Z,316,39.5,39.5,316,2026-07-20T14:19:19Z,316
2026-07-20T03:38:22Z,Palavrinha rápida sobre o Bom e o Ruim no Path of Exile 2,Romar,https://www.youtube.com/watch?v=PrYtNwvf8O8,2026-07-19T20:37:27Z,453,64.57,64.57,557,2026-07-20T09:24:50Z,557
2026-07-20T03:38:22Z,TOP 15 BEST BUILDS THAT ARE ACTUALLY FUN! Path of Exile 2 Builds | POE 2 Builds,KaidGames2,https://www.youtube.com/watch?v=IhpEeROEq94,2026-07-19T20:00:07Z,671,87.86,161.68,2962,2026-07-20T14:19:19Z,2962
2026-07-20T03:38:22Z,Path of Exile 2 - Doing Things!,OnesInTheChat,https://www.youtube.com/watch?v=z8phXgd2Kv4,2026-07-19T23:25:18Z,1047,174.5,174.5,1099,2026-07-20T19:48:55Z,1099
2026-07-20T03:38:22Z,Just playin' - !build #SorcNation - Ask Any Question! - Path of Exile 2,OperatorOtter,https://www.youtube.com/watch?v=u_wBi4v-pyU,2026-07-19T23:16:12Z,1449,241.5,241.5,1679,2026-07-20T19:48:55Z,1679
2026-07-20T03:38:22Z,[0.5] PoE 2 ARC GEMLING IS THE MOST OP - RETURN OF THE ANCIENTS - PoE 2 Builds,Path of Exile Builds,https://www.youtube.com/watch?v=O0Sfv7mnGXc,2026-07-19T13:14:31Z,8353,580.17,580.17,9558,2026-07-20T09:24:50Z,9558
2026-07-20T03:38:22Z,Path of Exile 2 Arc Totem Grand Expeditions,Raxxanterax,https://www.youtube.com/watch?v=AcISZUGGLjw,2026-07-20T02:10:29Z,4634,772.33,772.33,5724,2026-07-20T19:48:55Z,5724
2026-07-20T09:24:50Z,Path of Exile 2 - Sunder Earthshatter Titan | Warrior Leveling - PS5 Gameplay,Xsplzit,https://www.youtube.com/watch?v=EcPhK71NX8s,2026-07-20T04:54:55Z,99,16.5,16.5,102,2026-07-20T14:19:19Z,102
2026-07-20T09:24:50Z,"Yueri Plays Variety Game, Path of Exile 2, MECCHA CHAMELEON, LEAGUE OF LEGENDS",yueri Plays,https://www.youtube.com/watch?v=2nE0VOKQj2w,2026-07-19T19:00:28Z,282,19.57,19.57,284,2026-07-20T14:19:19Z,284
2026-07-20T09:24:50Z,"Path of Exile 2 LIVE #05 – Acte 2, build et équipement | FR",MisterWalky,https://www.youtube.com/watch?v=8eVqnC_opWQ,2026-07-20T00:51:36Z,169,19.76,19.76,175,2026-07-20T14:19:19Z,175
2026-07-20T09:24:50Z,PoE 2 Ice Nova Chronomancer - Mana Stacker Build | 0.5 Path of Exile 2,Byankuu,https://www.youtube.com/watch?v=S5JAwyL4b4s,2026-07-19T15:14:57Z,1827,100.58,100.58,1827,2026-07-20T09:24:50Z,1827
2026-07-20T09:24:50Z,🔴GIGA JUICED EXPEDITION INFINITE MANA !build | Path Of Exile 2,Phalanx,https://www.youtube.com/watch?v=p1xBSXcAxy8,2026-07-20T05:20:11Z,880,146.67,146.67,1069,2026-07-21T19:38:35Z,1069
2026-07-20T14:19:19Z,Path of Exile 2 [0.5.0] It is Frogging Time! - Liminal Coil Curse Stacking Frog Chronomancer,小育 Shadow Edwin,https://www.youtube.com/watch?v=_zk5LvKCFPY,2026-07-20T05:43:19Z,64,7.44,7.44,64,2026-07-20T14:19:19Z,64
2026-07-20T14:19:19Z,Plague Bearer Acolyte of Chayula Patch 0.5 Update - Path of Exile 2 Build Guide,Odealo,https://www.youtube.com/watch?v=WpqlNjJYWi0,2026-07-19T16:30:21Z,189,8.66,8.66,189,2026-07-20T14:19:19Z,189
2026-07-20T14:19:19Z,Path of Exile 2 Return of the Ancient Currency Printing,ShakeN_YT,https://www.youtube.com/watch?v=eiCbT7Kr8t8,2026-07-20T00:00:24Z,130,9.08,9.08,130,2026-07-20T14:19:19Z,130
2026-07-20T14:19:19Z,+1 PASİF SKİLL POİNTİNİ ALMAYI UNUTMA! - Path of Exile 2 (PoE2),Swordorin2,https://www.youtube.com/watch?v=ffavPIb3s2E,2026-07-19T22:28:15Z,206,13.0,13.0,206,2026-07-20T14:19:19Z,206
2026-07-20T14:19:19Z,昭和のおじさんがのんびり適当にやる　Path of Exile 2　part33,tikaisan,https://www.youtube.com/watch?v=9aK-os_hTKE,2026-07-20T10:43:50Z,118,19.67,19.67,129,2026-07-20T19:48:55Z,129
2026-07-20T14:19:19Z,[Path of Exile 2] #23 Путь к 100 лвл.  Храм не ломайся!,KoToMaTb,https://www.youtube.com/watch?v=AoQGm9ZwVTM,2026-07-20T10:50:10Z,133,22.17,22.17,133,2026-07-20T19:48:55Z,133
2026-07-20T14:19:19Z,[LIVE] Path of Exile 2 0.5 | Breach Farming Divines with Whirling Assault Monk🌀,mabu3,https://www.youtube.com/watch?v=m1h8AGqJlvY,2026-07-20T05:55:55Z,190,22.65,22.65,192,2026-07-20T19:48:55Z,192
2026-07-20T14:19:19Z,Oracle Autobomber Build Guide | Path of Exile 2,Wxzz,https://www.youtube.com/watch?v=beOxR0nUVRw,2026-07-19T15:21:06Z,916,39.88,39.88,916,2026-07-20T14:19:19Z,916
2026-07-20T14:19:19Z,🔴GIGA JUICED EXPEDITION INFINITE MANA !build | Path Of Exile 2,Phalanx,https://www.youtube.com/watch?v=JpXhKstJFVs,2026-07-20T11:29:35Z,1336,222.67,222.67,1363,2026-07-21T08:36:49Z,1363
2026-07-20T19:48:55Z,O Bem Venceu. Espanha Campeã! Bora de Path of Exile 2,Meirelestm,https://www.youtube.com/watch?v=bHxvNBiI5wQ,2026-07-20T05:15:57Z,189,12.99,12.99,189,2026-07-20T19:48:55Z,189
2026-07-20T19:48:55Z,Path of Exile 2 - Shorts live stream - Horizontal stream also live,Meelie LG,https://www.youtube.com/watch?v=C6kOa2OeAtg,2026-07-20T15:14:59Z,106,17.67,17.67,106,2026-07-20T19:48:55Z,106
2026-07-20T19:48:55Z,Path of Exile 2: Sekehma Balls 'til I get a Flame,Joseph's Bizarre Adventure,https://www.youtube.com/watch?v=C7gG99vKl44,2026-07-20T13:19:26Z,116,17.87,17.87,116,2026-07-20T19:48:55Z,116
2026-07-20T19:48:55Z,【Path of Exile 2】#124 チャレンジクリアのためリチュアルストーリ＆アビサルストーリ完結　エンドゲームT15【POE2/ パスオブエグザイル2】,ごえもぉん,https://www.youtube.com/watch?v=VZyS5WQrB2A,2026-07-20T10:03:33Z,202,20.7,20.7,202,2026-07-20T19:48:55Z,202
2026-07-20T19:48:55Z,Path of Exile 2 on Steam Machine with SteamOS 3.9,FreddysGamingBenchmarks,https://www.youtube.com/watch?v=CLNZoBxEuq4,2026-07-20T11:00:32Z,185,21.01,21.01,185,2026-07-20T19:48:55Z,185
2026-07-20T19:48:55Z,PATH OF EXILE 2 INDONESIA TACTICIAN LIMINAL COIL SKILL KODOK BUAT GENDONG @Asheeeen  #pathofexile2,TUYUL DISKO,https://www.youtube.com/watch?v=WIBKZHqeCgg,2026-07-20T16:55:28Z,169,28.17,28.17,169,2026-07-21T03:18:38Z,169
2026-07-20T19:48:55Z,His Foul Emergence Chronomancer | Path of Exile 2 (0.5) | Off-Meta Build Guide,Troy Tesko,https://www.youtube.com/watch?v=iJbzVpKvmBk,2026-07-20T17:00:17Z,288,48.0,431.93,8065,2026-07-21T14:05:10Z,8065
2026-07-20T19:48:55Z,[Path of Exile 2] #23 Путь к 100 лвл.  Храм не ломайся!,KoToMaTb,https://www.youtube.com/watch?v=kfanSBOQcI8,2026-07-20T14:19:09Z,358,59.67,59.67,358,2026-07-21T08:36:49Z,358
2026-07-20T19:48:55Z,Path of Exile 2 - Endgame Farm 0.5,VIITERO,https://www.youtube.com/watch?v=15egj1mrjf8,2026-07-20T15:35:12Z,557,92.83,92.83,557,2026-07-21T08:36:49Z,557
2026-07-20T19:48:55Z,Path of Exile 2 - Most Profitable Vaaling Session Ever,OnesInTheChat,https://www.youtube.com/watch?v=_PiaF0Me3pE,2026-07-20T14:30:32Z,2413,402.17,402.17,5884,2026-07-21T08:36:49Z,5884
2026-07-20T19:48:55Z,Path of Exile 2 Arc Totem Grand Expeditions,Raxxanterax,https://www.youtube.com/watch?v=QPv86zI_QnA,2026-07-20T17:41:03Z,6816,1136.0,1136.0,8017,2026-07-21T14:05:10Z,8017
2026-07-20T19:48:55Z,We summoned more minions than the game could handle! - Project Minionmaxxing - PoE2 #102,Empyriangaming,https://www.youtube.com/watch?v=BiWprnPJejw,2026-07-20T16:43:27Z,11259,1876.5,1876.5,11259,2026-07-20T19:48:55Z,11259
2026-07-21T03:18:38Z,Path of Exile 2 - My Druid Is Blasting Now  🐻🧙🏻‍♂️🎮    (PS5 Pro),CRiZZO,https://www.youtube.com/watch?v=-S4KUzXrE1g,2026-07-20T21:38:20Z,100,16.67,16.67,100,2026-07-21T03:18:38Z,100
2026-07-21T03:18:38Z,Path of Exile 2 Beta_20260720160718,jirayut pinsinchai,https://www.youtube.com/watch?v=e_QQKjfPiAM,2026-07-20T09:15:40Z,346,19.17,19.17,346,2026-07-21T03:18:38Z,346
2026-07-21T03:18:38Z,"Морская дева, Копьё Солярис и уникальное кольцо - Path of Exile 2: Runes of Aldur #07 (За Копейщика)",WarlockTD,https://www.youtube.com/watch?v=W3YbalhrQrY,2026-07-20T09:15:22Z,376,20.83,20.83,376,2026-07-21T03:18:38Z,376
2026-07-21T03:18:38Z,⚡ Path of Exile 2 LIVE | AM PRIMIT MESAJUL...ESTE INEVITABIL,iMisu,https://www.youtube.com/watch?v=_JtabMQOR5E,2026-07-20T23:46:51Z,134,22.33,22.33,134,2026-07-21T03:18:38Z,134
2026-07-21T03:18:38Z,BREACH FARM REHBERİ - Path of Exile 2 (PoE2),Swordorin2,https://www.youtube.com/watch?v=NFlr77XaEqg,2026-07-20T13:29:26Z,353,25.54,25.54,392,2026-07-21T08:36:49Z,392
2026-07-21T03:18:38Z,Path of Exile 2 is an EMOTIONAL ROLLER COASTER🤯| Ice Shot Deadeye🧊🏹| 0.5.4 ROTA,DeathKing,https://www.youtube.com/watch?v=_3DdCCk0d68,2026-07-20T19:18:57Z,271,33.9,43.09,739,2026-07-21T14:05:10Z,739
2026-07-21T03:18:38Z,💥PATH OF EXILE 2💥 HARDCORE: КАЧАЕМ УРОВНИ!! 🪨РАЗЛОМ ЗЕМЛИ🪨,MERENKOFF,https://www.youtube.com/watch?v=QYzeKXDvU2c,2026-07-20T21:22:15Z,238,39.67,39.67,243,2026-07-21T14:05:10Z,243
2026-07-21T03:18:38Z,My TOP 10 BEST 0.54 Spirit Walker Companion Builds & META Tier-List Guide!,Mattjestic Life,https://www.youtube.com/watch?v=d79ZP34RWDM,2026-07-20T14:00:39Z,879,66.09,66.09,1080,2026-07-21T08:36:49Z,1080
2026-07-21T03:18:38Z,🔴 Target ฟาร์ม Cranium ไม่ต้องมี IRR | Path of Exile 2 | Live,NoSugar,https://www.youtube.com/watch?v=cdGbQZkyLK4,2026-07-20T15:44:44Z,765,66.15,66.15,765,2026-07-21T14:05:10Z,765
2026-07-21T03:18:38Z,Twister 21 Charges + Adonia Buff | Path Of Exile 2,Dozzy,https://www.youtube.com/watch?v=Ti1qmY_n1a8,2026-07-21T00:27:19Z,664,110.67,198.08,2222,2026-07-21T19:38:35Z,2222
2026-07-21T03:18:38Z,Boots N' MageBlood - !build #SorcNation - Ask Any Question! - Path of Exile 2,OperatorOtter,https://www.youtube.com/watch?v=CfJZRcl8BqU,2026-07-21T02:40:26Z,876,146.0,192.0,1348,2026-07-21T19:38:35Z,1348
2026-07-21T03:18:38Z,Path of Exile 2 - Doing Things!,OnesInTheChat,https://www.youtube.com/watch?v=PRh7tkYt4iY,2026-07-20T22:44:05Z,979,163.17,163.17,979,2026-07-21T19:38:35Z,973
2026-07-21T08:36:49Z,Path Of Exile 2 - Upando e Farmando,Jookeer12,https://www.youtube.com/watch?v=IAXhoiOOsmc,2026-07-20T19:40:45Z,188,14.53,14.53,194,2026-07-21T14:05:10Z,194
2026-07-21T08:36:49Z,🎩Path of Exile 2🎩👓Кровавая ведьма с арбалетом на холоде.👓,mrBLO стримы,https://www.youtube.com/watch?v=L0Wav2rF4cU,2026-07-20T18:13:21Z,326,22.65,22.65,326,2026-07-21T14:05:10Z,326
2026-07-21T08:36:49Z,Explosive Grenade + Flash Grenade | Path Of Exile 2,Dozzy,https://www.youtube.com/watch?v=5DiuCDLRlt0,2026-07-20T23:30:27Z,285,31.3,42.39,753,2026-07-21T19:38:35Z,753
2026-07-21T08:36:49Z,【Path of Exile 2】0.5のプレイ感想、良いところ良くなかったところ【PoE2】,ゲーミングナマケモノ,https://www.youtube.com/watch?v=uHB5fs2QHsU,2026-07-21T08:00:09Z,254,42.33,414.38,3776,2026-07-22T03:16:58Z,3776
2026-07-21T08:36:49Z,HOW TO THINK IN PATH OF EXILE 2 (OPPORTUNITY COST),787prada,https://www.youtube.com/watch?v=zDsqKOrKUak,2026-07-21T03:47:29Z,2082,347.0,432.16,5833,2026-07-21T19:38:35Z,5833
2026-07-21T14:05:10Z,🔴 LIVE - dNextus - Path of Exile 2 Patch 0.5.4 - Билд тотемы Большая Экспедиция и симулякр!,dNextus,https://www.youtube.com/watch?v=g_cJoUOPR94,2026-07-21T01:44:14Z,135,10.93,10.93,135,2026-07-21T14:05:10Z,135
2026-07-21T14:05:10Z,Храм Ваал и большой поджог - Path of Exile 2: Runes of Aldur #08 (За Копейщика),WarlockTD,https://www.youtube.com/watch?v=B5E4RnRaPTw,2026-07-21T09:15:01Z,86,14.33,14.34,212,2026-07-22T03:16:58Z,212
2026-07-21T14:05:10Z,◤Path of Exile 2◢　脳筋ウォーリアーでまったりエンドゲーム、ちな膝はまだ痛い：３６　◤神ハクスラゲー◢,白金すん,https://www.youtube.com/watch?v=5ktrJvGs2i8,2026-07-21T02:33:26Z,367,31.83,31.83,367,2026-07-21T19:38:35Z,363
2026-07-21T14:05:10Z,"Path Of Exile 2 Return Season 0,5,4 | Morning Breach guys!",Wildan R,https://www.youtube.com/watch?v=HGkDzIykbiA,2026-07-21T07:57:33Z,250,40.8,40.8,252,2026-07-22T03:16:58Z,252
2026-07-21T14:05:10Z,⚡️ I Used The Best Free Path Of Exile 2 Bot in 2026! And Its Insane! | Poe 2 AutoBot,Fennek,https://www.youtube.com/watch?v=PRjzFKAj7Cg,2026-07-21T12:24:16Z,952,158.67,167.71,1215,2026-07-22T08:36:21Z,1215
2026-07-21T14:05:10Z,The Best Unique Wand in PoE 2 has No Damage Stats??,MisoxShiru,https://www.youtube.com/watch?v=iJi60MncZJo,2026-07-21T04:42:52Z,11900,1269.76,1331.92,19884,2026-07-21T19:38:35Z,19884
2026-07-21T19:38:35Z,Path Of Exile 2: The Rondel's Mings Mings Mings Build - MAPS,FragManSaul,https://www.youtube.com/watch?v=DpTWNsuAW8k,2026-07-21T15:15:00Z,84,14.0,14.0,84,2026-07-21T19:38:35Z,84
2026-07-21T19:38:35Z,BOSS RUSH PATH OF EXILE 2 АРБИТР ПЕПЛА 100 ЗАБЕГОВ ПРОФИТ И ЗАТРАТЫ PRISM OF BELIEF [ГАЙДЫ \ СОВЕТЫ],POE - Изобретатель,https://www.youtube.com/watch?v=oIM6gL6pLnY,2026-07-21T12:40:02Z,103,14.76,14.76,163,2026-07-22T08:36:21Z,163
2026-07-21T19:38:35Z,Yueri Plays Path of Exile 2 0.5 Temporalis Blood Mage， POE1 Waiting Room,yueri Plays,https://www.youtube.com/watch?v=dsJvUsoElE4,2026-07-21T11:19:17Z,137,16.46,16.46,137,2026-07-22T03:16:58Z,137
2026-07-21T19:38:35Z,"Diablo 4 kontra Path of Exile 2. Jedna gra zdobyła mój podziw, druga moje serce",Gram.pl,https://www.youtube.com/watch?v=8s7i6LNNEWs,2026-07-21T15:11:51Z,111,18.5,18.5,111,2026-07-21T19:38:35Z,111
2026-07-21T19:38:35Z,Falling Thunder + Blink | Path Of Exile 2,Dozzy,https://www.youtube.com/watch?v=0yUnl9habgw,2026-07-21T14:18:15Z,184,30.67,40.53,739,2026-07-22T08:36:21Z,739
2026-07-21T19:38:35Z,PoB and Jewels - !build #SorcNation - Ask Any Question! - Path of Exile 2,OperatorOtter,https://www.youtube.com/watch?v=YgVCEhZvYzg,2026-07-21T18:02:59Z,588,98.0,98.0,931,2026-07-22T08:36:21Z,931
2026-07-21T19:38:35Z,Most Relatable Path of Exile 2 Player EVER? More 0.5 SSF & PoE2 Pod Guesting!,Talkative Tri,https://www.youtube.com/watch?v=86Uziyp-Z68,2026-07-21T15:35:41Z,1659,276.5,276.5,1706,2026-07-22T08:36:21Z,1706
2026-07-21T19:38:35Z,Что выпало за 100 забегов на Атзири. Path of Exile 2,Qordes,https://www.youtube.com/watch?v=QvZBRwAD5XQ,2026-07-21T16:56:03Z,2442,407.0,595.24,7560,2026-07-22T08:36:21Z,7560
2026-07-22T03:16:58Z,FINISHING LEAGUE CHALLENGES!! | REAP BLOOD MAGE - Path of Exile 2,AlwaysRogue,https://www.youtube.com/watch?v=XGaG2YA4NjM,2026-07-22T01:55:06Z,76,12.67,14.5,98,2026-07-22T14:08:21Z,98
2026-07-22T03:16:58Z,Path Of Exile 2 [0.5] Giga Bonk Martial Artist - Flicker,MoneyRulezz,https://www.youtube.com/watch?v=D_HaJtJOfX0,2026-07-21T07:23:36Z,450,22.62,22.62,450,2026-07-22T03:16:58Z,450
2026-07-22T03:16:58Z,Path of Exile 2 - Endgame Farm 0.5,VIITERO,https://www.youtube.com/watch?v=Ja1sODsGLoc,2026-07-21T15:36:42Z,350,29.99,29.99,350,2026-07-22T08:36:21Z,350
2026-07-22T03:16:58Z,💥PATH OF EXILE 2💥 HARDCORE: ЭКСПЕДИЦИЯ С АЛЬДУРОМ? 🪨ВОИН РАЗЛОМ ЗЕМЛИ🪨,MERENKOFF,https://www.youtube.com/watch?v=j3j1yQDDQTg,2026-07-21T23:31:04Z,263,43.83,43.83,269,2026-07-22T14:08:21Z,269
2026-07-22T03:16:58Z,Path Of Exile 2 - Upando e Farmando,Jookeer12,https://www.youtube.com/watch?v=hDR-9SW-CuE,2026-07-21T20:51:34Z,297,46.24,46.24,297,2026-07-22T08:36:21Z,297
2026-07-22T03:16:58Z,【PoE2 0.5】MY FIEST ABYSSAL LICH - Path of Exile 2 !build !moba !Discord,[CCG] Circus Circle Games,https://www.youtube.com/watch?v=97CV9l5YGEQ,2026-07-21T19:35:00Z,987,128.19,128.19,1013,2026-07-22T08:36:21Z,1013
2026-07-22T03:16:58Z,Path of Exile 2 Arbiter of Divinity BLIND in SSF (Uncut aer0 Still Sane Too),Talkative Tri,https://www.youtube.com/watch?v=hwX07kasFvQ,2026-07-21T15:35:43Z,1844,157.77,157.77,1847,2026-07-22T08:36:21Z,1847
2026-07-22T03:16:58Z,EXPEDITION GUIDE SIMPLIFIED - 10x ALDUR'S SAGA RUN FOR PROFIT | Path Of Exile 2,Phalanx,https://www.youtube.com/watch?v=AnMNv16uXJw,2026-07-21T09:00:21Z,2944,161.08,161.08,2944,2026-07-22T03:16:58Z,2944
2026-07-22T03:16:58Z,NEW UPDATED 0 Button AFK IMMORTAL 0.5 Simulacrum Farming Build! 200% MORE DMG!,Mattjestic Life,https://www.youtube.com/watch?v=OU64_dhzV80,2026-07-21T14:00:14Z,2166,163.11,163.11,2765,2026-07-22T08:36:21Z,2765
2026-07-22T03:16:58Z,Path of Exile 2 | 150% Rarity Twister Spirit Walker! Divines Everywhere! (PoE 2 0.5 Huntress),SiahZ,https://www.youtube.com/watch?v=nxh6oJY7Auc,2026-07-21T21:29:57Z,1039,173.17,173.17,1056,2026-07-22T08:36:21Z,1056
2026-07-22T08:36:21Z,TUTORIAL DE EXPEDICIÓN DE PATH OF EXILE 2 | EXPEDICIÓN | GRAN EXPEDICIÓN | PUNTOS DE ATLAS Y MÁS!!,FidoJuegos,https://www.youtube.com/watch?v=YyIsHRwP2Hg,2026-07-21T22:15:00Z,85,8.21,8.21,124,2026-07-22T14:08:21Z,124
2026-07-22T08:36:21Z,Plant Druid Act 3 P3 (Shorts) | Path Of Exile 2,DrOctaviousJr,https://www.youtube.com/watch?v=6r2CH9E81D0,2026-07-22T01:22:48Z,117,16.19,16.19,117,2026-07-22T14:08:21Z,117
2026-07-22T08:36:21Z,TEMPLE/TRİAL OF CHAOS FARM REHBERİ - Path of Exile 2 (PoE2),Swordorin2,https://www.youtube.com/watch?v=TzbxA9dKAvY,2026-07-21T11:50:18Z,498,23.98,23.98,498,2026-07-22T08:36:21Z,498
2026-07-22T08:36:21Z,Билд Железное плечо. Воин лучник блокер | Path of Exile 2,CARDIFF GAMING,https://www.youtube.com/watch?v=X3_9iMFmNqw,2026-07-22T06:15:56Z,474,79.0,204.22,1608,2026-07-22T14:08:21Z,1608
2026-07-22T08:36:21Z,Path of Exile 2 BREAK SOON & Raw Raxx Still Sane Podcast,Talkative Tri,https://www.youtube.com/watch?v=2muEZ8M9-0c,2026-07-21T15:35:45Z,2644,155.44,155.44,2644,2026-07-22T08:36:21Z,2644
2026-07-22T08:36:21Z,"Who is Tangmazu, The Raven Trickster? | Path Of Exile 2 Lore",Lore Of Exile,https://www.youtube.com/watch?v=jWEySRnlWxs,2026-07-22T05:36:06Z,1503,250.5,536.44,4580,2026-07-22T14:08:21Z,4580
2026-07-22T14:08:21Z,Path of Exile 2 |🏹 Huntress Gameplay🏹Build that melts everything🏹,D2Trickster,https://www.youtube.com/watch?v=Yrby4bWWykg,2026-07-22T05:44:52Z,14,1.67,1.67,14,2026-07-22T14:08:21Z,14
2026-07-22T14:08:21Z,"🔴 Lost 2M gold path of exile 2, how is it possible? | #poe2indonesia",Elandnor,https://www.youtube.com/watch?v=xdt0DHpJRGg,2026-07-22T01:38:07Z,22,1.76,1.76,22,2026-07-22T14:08:21Z,22
2026-07-22T14:08:21Z,Path of Exile 2 | deutsch | 💪🏼 Prügeln bis zum Umfallen! 🛡️ | Angespielt,FRT Angespielt,https://www.youtube.com/watch?v=gbao-JxWJpg,2026-07-22T06:00:33Z,15,1.84,1.84,15,2026-07-22T14:08:21Z,15
2026-07-22T14:08:21Z,How to ACTUALLY have fun playing Path of Exile 2 (LIVE),Orytan,https://www.youtube.com/watch?v=hvXpIO6HMd8,2026-07-21T23:33:53Z,28,1.92,1.92,28,2026-07-22T14:08:21Z,28
2026-07-22T14:08:21Z,[POE2]  광속돌개바람 하이엔드  // Path of Exile 2 피오이2 POE2 패스오브엑자일2,동화속인연,https://www.youtube.com/watch?v=caDu1mJV-sc,2026-07-22T03:56:39Z,33,3.24,3.24,33,2026-07-22T14:08:21Z,33
2026-07-22T14:08:21Z,[Path of Exile 2] My Slam Titan Build: Twisted Empyrean Ice Fissures,Precaso,https://www.youtube.com/watch?v=PrJKXUf-hSs,2026-07-22T02:01:31Z,62,5.12,5.12,62,2026-07-22T14:08:21Z,62
2026-07-22T14:08:21Z,Path of Exile 2 - Druid Blasting Now  🥶🧙🏻‍♂️🎮    (PS5 Pro),CRiZZO,https://www.youtube.com/watch?v=cey57nZTgBo,2026-07-21T23:45:28Z,114,7.93,7.93,114,2026-07-22T14:08:21Z,114
2026-07-22T14:08:21Z,13k Mana Shaman - Path of Exile 2,Yoshi_Online,https://www.youtube.com/watch?v=sFEpOS5sXbc,2026-07-22T09:22:16Z,90,15.0,15.0,90,2026-07-22T14:08:21Z,90
2026-07-22T14:08:21Z,OMEN OF LiGHT / ABYSS FARM REHBERİ - Path of Exile 2 Türkçe Rehber (PoE2),Swordorin2,https://www.youtube.com/watch?v=LFdEBSyKSs0,2026-07-22T11:58:06Z,104,17.33,32.72,459,2026-07-23T08:37:57Z,459
2026-07-22T14:08:21Z,🔴LIVE Path Of Exile 2 | เก็บชาเล้นก่อนพักลีก,Dozzy,https://www.youtube.com/watch?v=AyFbkCb71IE,2026-07-21T23:56:58Z,267,18.82,18.82,267,2026-07-22T14:08:21Z,267
2026-07-22T14:08:21Z,"Path of Exile 2, League of Legends, and Days Gone Today!",OnesInTheChat,https://www.youtube.com/watch?v=OI89kmk9lLU,2026-07-21T23:08:55Z,822,54.83,54.83,822,2026-07-22T14:08:21Z,822
2026-07-22T14:08:21Z,[0.5] PoE 2 ULTIMATE BUILD - LOW LIFE ARC GEMLING - RETURN OF THE ANCIENTS - PoE 2 Builds,Path of Exile Builds,https://www.youtube.com/watch?v=8Dm76Wqdquo,2026-07-22T13:07:08Z,590,98.33,652.85,7879,2026-07-23T08:37:57Z,7879
2026-07-22T14:08:21Z,I Used The Best Free Path Of Exile 2 Bot in 2026! And Its Insane! | Poe 2 AutoBot ✅,Teguh Dwijaya,https://www.youtube.com/watch?v=Md_Yz2eSWNI,2026-07-22T11:45:00Z,958,159.67,159.67,1208,2026-07-23T08:37:57Z,1208
2026-07-22T14:08:21Z,2 DAYS LEFT TO FIND VOICES!,MisoxShiru,https://www.youtube.com/watch?v=TcKOuX9GFhE,2026-07-22T12:27:55Z,1846,307.67,307.67,1846,2026-07-22T14:08:21Z,1846
2026-07-22T19:27:25Z,Path of Exile 2 2026 07 22   20 40 25 01,Oz Cover,https://www.youtube.com/watch?v=wSE4jNatkdc,2026-07-22T13:53:17Z,7,1.17,1.17,7,2026-07-22T19:27:25Z,7
2026-07-22T19:27:25Z,Path of Exile 2: NEW Rage Berserk Poison Bleed Bow Build! | 60% Movement Speed | Insane Damage!,South,https://www.youtube.com/watch?v=d5GhsZoWEeE,2026-07-22T13:20:20Z,8,1.31,1.31,8,2026-07-22T19:27:25Z,8
2026-07-22T19:27:25Z,Path of Exile 2 | Trial of Chaos Divine Orb Farming,JonTechie,https://www.youtube.com/watch?v=5mXsi2OWaHg,2026-07-22T09:56:43Z,13,1.37,1.37,13,2026-07-22T19:27:25Z,13
2026-07-22T19:27:25Z,[ Path Of Exile 2 ] Concept chara,Voenderg,https://www.youtube.com/watch?v=oJEjjZ8kXW8,2026-07-22T17:29:04Z,9,1.5,1.5,9,2026-07-22T19:27:25Z,9
2026-07-22T19:27:25Z,Path of Exile 2: Every fight ends with a BOOM!,Bajie Ironforge,https://www.youtube.com/watch?v=YW3T_tjdnuk,2026-07-22T14:01:41Z,11,1.83,1.83,11,2026-07-22T19:27:25Z,11
2026-07-22T19:27:25Z,Path of Exile 2 - Poison Pathfinder Build,Okabei,https://www.youtube.com/watch?v=J5Mpq06UGmo,2026-07-22T15:32:57Z,16,2.67,2.67,16,2026-07-22T19:27:25Z,16
2026-07-22T19:27:25Z,เคล็ดลับหา Tier Waystone  | Path of Exile 2,KORNNGAP ,https://www.youtube.com/watch?v=sTiKds-01Co,2026-07-22T07:53:46Z,34,2.94,2.94,34,2026-07-22T19:27:25Z,34
2026-07-22T19:27:25Z,[POE2] 환영200%효율170% 돌개바람 빌드 // Path of Exile 2 피오이2 POE2 패스오브엑자일2,동화속인연,https://www.youtube.com/watch?v=rs3blvHVGcc,2026-07-22T16:43:45Z,19,3.17,5.06,54,2026-07-23T03:23:39Z,54
2026-07-22T19:27:25Z,Path of Exile 2 |🏹 Huntress Gameplay🏹Build that melts everything🏹,D2Trickster,https://www.youtube.com/watch?v=6ue8dFxGpOc,2026-07-22T17:08:43Z,20,3.33,3.33,20,2026-07-22T19:27:25Z,20
2026-07-22T19:27:25Z,Plant Druid Act 3 P4 (Shorts) | Path Of Exile 2,DrOctaviousJr,https://www.youtube.com/watch?v=eaAAkj74Rdw,2026-07-22T14:21:44Z,28,4.67,4.67,28,2026-07-22T19:27:25Z,28
2026-07-22T19:27:25Z,[BEST 2026] Path Of Exile 2 Free Hack | Path Of Exile 2 Hacks & Path Of Exile 2 Cheats - 2026,Jackson Baez,https://www.youtube.com/watch?v=czmVWpRH59A,2026-07-22T18:38:51Z,108,18.0,18.64,163,2026-07-23T08:37:57Z,163
2026-07-22T19:27:25Z,"Вернулся в Path of Exile 2 спустя 1,5 года! Как играть?",Liestup,https://www.youtube.com/watch?v=y542BMCmQP8,2026-07-22T15:01:47Z,123,20.5,20.5,141,2026-07-23T03:23:39Z,141
2026-07-22T19:27:25Z,Последние квесты и первые карты - Path of Exile 2: Runes of Aldur #09 (За Копейщика),WarlockTD,https://www.youtube.com/watch?v=NXeJBCEmNIk,2026-07-22T09:15:16Z,217,21.27,21.27,217,2026-07-22T19:27:25Z,217
2026-07-22T19:27:25Z,Path of Exile 2 - Temple  and Expeditions: Druid  🥶🧙🏻‍♂️🎮    (PS5 Pro),CRiZZO,https://www.youtube.com/watch?v=DeUFx0gFVEU,2026-07-22T14:35:20Z,152,25.33,25.33,163,2026-07-23T08:37:57Z,163
2026-07-22T19:27:25Z,🔴 Ritual ก็ได้ 🫩 | Path of Exile 2 | Live,NoSugar,https://www.youtube.com/watch?v=KKPX-0uRniQ,2026-07-22T15:42:23Z,356,59.33,59.33,356,2026-07-23T14:14:20Z,356
2026-07-22T19:27:25Z,🔴[LIVE] 💀First Time Ever Playing PATH OF EXILE 2 | Sorceress MAPS! | Playthrough [Day 24],RelativityRabbit,https://www.youtube.com/watch?v=hmE6jRHsznI,2026-07-22T15:51:07Z,715,119.17,119.17,774,2026-07-23T14:14:20Z,774
2026-07-22T19:27:25Z,How I made 6000 Divines: with broken amulet craft in Poe2 -0.5,ASaVeQ,https://www.youtube.com/watch?v=y33hrOrSilE,2026-07-22T11:42:02Z,4021,518.39,518.39,4021,2026-07-22T19:27:25Z,4021
2026-07-22T19:27:25Z,Putting Viewers in CRAZY Maps and Rating Their Builds in Path of Exile 2 - Season 2 FINALE,DarthMicrotransaction TV,https://www.youtube.com/watch?v=d82Wg0NNxUc,2026-07-22T17:08:49Z,8456,1409.33,4654.93,74302,2026-07-23T14:14:20Z,74302
2026-07-23T03:23:39Z,Trinity Flicker Chayula Endgame Build | runes of aldur path of exile 2,GreatswordTV,https://www.youtube.com/watch?v=NCEIxeKzztU,2026-07-22T21:56:01Z,31,5.17,27.63,594,2026-07-23T19:25:41Z,594
2026-07-23T03:23:39Z,Real PROBLEMS with Path of Exile 2 Runes of Aldur | Discussion + Reaction,Hax,https://www.youtube.com/watch?v=-oWulY7gkhU,2026-07-22T19:32:03Z,78,9.92,9.92,78,2026-07-23T03:23:39Z,78
2026-07-23T03:23:39Z,#27【Path of Exile 2: 'Return of the Ancients'】続・ソラリスを救いたい【おぶちゃんねる】#パスオブエグザイル2 #ゲーム実況,おぶちゃんねる,https://www.youtube.com/watch?v=4c8NfDT1An8,2026-07-23T00:00:07Z,71,11.83,11.83,71,2026-07-23T03:23:39Z,71
2026-07-23T03:23:39Z,KAPAN RAKIATA FLOW / GARUKAN ? SPIRITWALKER QUEST ENDGAME | Path of Exile 2,andrey holiday,https://www.youtube.com/watch?v=2Ei7A5AtLE8,2026-07-22T21:52:09Z,107,17.83,17.83,110,2026-07-23T08:37:57Z,110
2026-07-23T03:23:39Z,PATH OF EXILE 2 новая шкурка за Mercenary,medvedj_,https://www.youtube.com/watch?v=mJx_mkV5T4U,2026-07-23T01:24:33Z,116,19.33,19.33,136,2026-07-23T19:25:41Z,136
2026-07-23T03:23:39Z,BEST Path of Exile 2 Mods 2026 / Price Checker + Build Planner + Loot Filter / Free Download,YAKEE TV,https://www.youtube.com/watch?v=CQiHLDW-3uc,2026-07-22T21:03:17Z,153,24.13,24.13,163,2026-07-23T19:25:41Z,163
2026-07-23T03:23:39Z,🎩Path of Exile 2🎩👓Кровавая ведьма с арбалетом на холоде.👓,mrBLO стримы,https://www.youtube.com/watch?v=0K2WtKlSbTM,2026-07-23T00:52:42Z,272,45.33,45.33,278,2026-07-23T19:25:41Z,278
2026-07-23T03:23:39Z,"Path of Exile 2, League of Legends, and Days Gone Today!",OnesInTheChat,https://www.youtube.com/watch?v=W4FBUFVA4oo,2026-07-22T23:41:47Z,531,88.5,88.5,535,2026-07-23T19:25:41Z,535
2026-07-23T03:23:39Z,Crit Ring Craft: The Mod You Can Only Get From the Genesis Tree  #poe2  #pathofexile2 #shorts,Niter,https://www.youtube.com/watch?v=lNuJfBk0H-w,2026-07-22T19:54:58Z,3326,444.76,444.76,6950,2026-07-23T14:14:20Z,6950
2026-07-23T03:23:39Z,This Path of Exile 2 News is Pretty Huge,Talkative Tri,https://www.youtube.com/watch?v=YZPrvKQZulQ,2026-07-22T20:26:44Z,5000,719.55,719.55,10849,2026-07-23T19:25:41Z,10849
2026-07-23T08:37:57Z,[SHORT] Path Of Exile 2 - Mumpung ada waktu sambil chill tipis tipis,gomiewok,https://www.youtube.com/watch?v=KSdkYbArqKc,2026-07-23T06:14:25Z,70,11.67,11.67,70,2026-07-23T14:14:20Z,70
2026-07-23T08:37:57Z,[POE2] 신규 서포터 팩 2종 / 가격 및 구성 아이템 안내!! [패스오브엑자일2],REPEX | 리펙스,https://www.youtube.com/watch?v=QAMMkD2AWqk,2026-07-23T08:00:20Z,88,14.67,244.81,2396,2026-07-24T03:17:53Z,2396
2026-07-23T08:37:57Z,Path of Exile 2 - Guia Iniciante Ep 07 - Terminou a Campanha? Comece o Endgame Assim,Mano Imp,https://www.youtube.com/watch?v=uGRt5vFHlTI,2026-07-22T21:30:27Z,166,14.92,14.92,250,2026-07-23T19:25:41Z,250
2026-07-23T08:37:57Z,Nvidia Just Fixed Path of Exile 2's Biggest Performance Issue! (Download Link in Description),Kingdom Twelve,https://www.youtube.com/watch?v=L2WBAcxgA90,2026-07-23T02:57:21Z,97,16.17,90.83,2211,2026-07-24T03:17:53Z,2211
2026-07-23T08:37:57Z,Um dia comum Farmando de Gemling - Path of Exile 2,Leonhart Games,https://www.youtube.com/watch?v=tMKJ0T6y88k,2026-07-23T03:28:54Z,489,81.5,81.5,504,2026-07-24T03:17:53Z,504
2026-07-23T14:14:20Z,Path Of Exile 2 - Upando e Farmando,Jookeer12,https://www.youtube.com/watch?v=8BEbJvjTmzw,2026-07-22T20:27:12Z,228,12.82,12.82,228,2026-07-23T19:25:41Z,228
2026-07-23T14:14:20Z,Yueri Plays Path of Exile 2 0.5 Temporalis Blood Mage， POE1 Waiting Room,yueri Plays,https://www.youtube.com/watch?v=UPxeqxKeYzc,2026-07-23T11:11:07Z,274,45.67,45.67,290,2026-07-24T08:34:12Z,290
2026-07-23T14:14:20Z,🚨 NVIDIA Hotfix 610.82 OFICIAL | ¿Vale la pena instalarlo?,Uruguay OC,https://www.youtube.com/watch?v=KwBgkY4tp-g,2026-07-22T21:51:50Z,1315,80.3,80.3,1315,2026-07-23T14:14:20Z,1315
2026-07-23T14:14:20Z,ปฐพีกัมปนาท Hardcore | Path of Exile 2,BIRDBORNE,https://www.youtube.com/watch?v=V7QTgAYM-LQ,2026-07-22T19:53:44Z,1625,88.59,88.59,1625,2026-07-23T14:14:20Z,1625
2026-07-23T14:14:20Z,I Used The Best Free Path Of Exile 2 Bot in 2026! And Its Insane! | Poe 2 AutoBot,Surviving Animation,https://www.youtube.com/watch?v=GJ-A9fV1s5E,2026-07-23T12:11:31Z,1112,185.33,195.55,1415,2026-07-23T19:25:41Z,1415
2026-07-23T19:25:41Z,Path of Exile 2 -  Grand Expeditions and Upgrade my GEAR  🥶 🏹  (PC),CRiZZO,https://www.youtube.com/watch?v=lY9U2CvD3-c,2026-07-23T19:01:25Z,44,7.33,7.33,47,2026-07-24T08:34:12Z,47
2026-07-23T19:25:41Z,I Compared Diablo 4 and Path of Exile 2... Here's the Winner,Werglia,https://www.youtube.com/watch?v=WwliipeZkAU,2026-07-23T18:18:49Z,69,11.5,46.97,781,2026-07-24T13:55:47Z,781
2026-07-23T19:25:41Z,"Охота Хильды, ритуалы и разломы - Path of Exile 2: Runes of Aldur #10 (За Копейщика)",WarlockTD,https://www.youtube.com/watch?v=MCPFVWv9Tig,2026-07-23T09:15:01Z,162,15.92,15.92,283,2026-07-24T08:34:12Z,283
2026-07-23T19:25:41Z,РЕШИЛ ПРОВЕРИТЬ УДАЧУ PATH OF EXILE 2 АРБИТР ПЕПЛА КОРМИТ? ДОРОГАЯ ПРИЗМА УБЕЖДЕНИЙ [ГАЙДЫ \ СОВЕТЫ],POE - Изобретатель,https://www.youtube.com/watch?v=rEDM8ns7Tuw,2026-07-23T14:30:04Z,100,16.67,16.67,219,2026-07-24T13:55:47Z,219
2026-07-23T19:25:41Z,Path of Exile 2┃🌪️ Twister Deletes Everything! 💀          -                 #poe2 #shorts #fyp,Jerryz7 ,https://www.youtube.com/watch?v=kmd18H_o1us,2026-07-23T16:00:39Z,279,46.5,63.17,720,2026-07-24T13:55:47Z,720
2026-07-23T19:25:41Z,【Path of Exile 2】POE2 初心者プレイヤーが一回は絶対死ぬ、ボス技　 #PoE2　#PathOfExile2　#ゲーム実況,あきちゃんは引きこもりたい,https://www.youtube.com/watch?v=eH-W03o00Is,2026-07-23T10:58:15Z,394,46.59,46.59,396,2026-07-24T03:17:53Z,396
2026-07-23T19:25:41Z,[0.5] TOP 10 PoE 2 BUILDS FOR PATH OF EXILE RETURN OF THE ANCIENTS - PoE 2 Builds #pathofexile2,Path of Exile Builds,https://www.youtube.com/watch?v=Y9gZS_EHi1s,2026-07-23T14:33:18Z,2015,335.83,718.66,12606,2026-07-24T13:55:47Z,12606
2026-07-24T03:17:53Z,AFK Simulacrum until Voices Day1 - Path of Exile 2,Wolfyowns,https://www.youtube.com/watch?v=j9Mo6KSxPVc,2026-07-24T01:22:26Z,20,3.33,70.11,1279,2026-07-24T19:37:00Z,1279
2026-07-24T03:17:53Z,Path of Exile 2  League 5  Let’s Play 51,MarioGaming,https://www.youtube.com/watch?v=sqL_SnTCcO4,2026-07-23T13:00:28Z,54,3.78,3.78,56,2026-07-24T08:34:12Z,56
2026-07-24T03:17:53Z,Path of Exile 2 Return of the Ancient Currency Printing,ShakeN_YT,https://www.youtube.com/watch?v=jMlV65XJCJs,2026-07-23T18:35:50Z,37,4.25,4.25,42,2026-07-24T08:34:12Z,42
2026-07-24T03:17:53Z,🔴 Live | Path of Exile 2:  เดินเคาะโล่ แบบอัลตร้าสมูท 👊👊,Khun Pob,https://www.youtube.com/watch?v=72uviQ_oFHQ,2026-07-23T15:07:40Z,68,5.59,5.59,68,2026-07-24T08:34:12Z,68
2026-07-24T03:17:53Z,Path of Exile 2 LIVE #09 – Vipère vaincue et découverte de l’acte 4 | FR,MisterWalky,https://www.youtube.com/watch?v=e6_wlKt-S64,2026-07-23T22:27:15Z,41,6.83,6.83,41,2026-07-24T13:55:47Z,41
2026-07-24T03:17:53Z,[Path of Exile 2] Don't Forget the Characters You Made: End of League Opinion,Precaso,https://www.youtube.com/watch?v=czcFc6q7RtE,2026-07-23T15:51:15Z,108,9.44,9.44,136,2026-07-24T13:55:47Z,136
2026-07-24T03:17:53Z,🔴[LIVE] 💀First Time Ever Playing PATH OF EXILE 2 | Sorceress MAPS! | Playthrough [Day 25],RelativityRabbit,https://www.youtube.com/watch?v=FHYegAc_qPQ,2026-07-23T16:49:51Z,449,42.9,42.9,468,2026-07-24T13:55:47Z,468
2026-07-24T03:17:53Z,Path of Exile 2 - Doing Things Today!,OnesInTheChat,https://www.youtube.com/watch?v=aRQ2YIk6pCU,2026-07-23T21:40:54Z,398,66.33,66.33,491,2026-07-24T19:37:00Z,491
2026-07-24T03:17:53Z,PoE 2 - Endgame Juicing Guide for Beginners - Find More Divines!,Lolcohol,https://www.youtube.com/watch?v=jXN3GzcOc-c,2026-07-23T15:53:09Z,2574,225.54,225.54,4143,2026-07-24T13:55:47Z,4143
2026-07-24T08:34:12Z,Path Of Exile 2:Huntress/Ritualist - I took Mings off and OMG I'm a BEAST - MAPS,FragManSaul,https://www.youtube.com/watch?v=QwzuRgs4v_Q,2026-07-23T20:53:50Z,113,9.68,19.67,133,2026-07-25T13:46:15Z,133
2026-07-24T08:34:12Z,FRACTURİNG ORB FARM REHBERİ! SUMMONİNG CİRCLE - Path of Exile 2 Türkçe Rehber (PoE2),Swordorin2,https://www.youtube.com/watch?v=_yOsXVcLe6g,2026-07-23T20:41:19Z,282,23.73,23.73,391,2026-07-24T13:55:47Z,391
2026-07-24T08:34:12Z,Chains of Command va me HARD CARRY. Désolé la team je joue en mode facile cette league. PoE 3.29 fr,Le Chat En Costume,https://www.youtube.com/watch?v=ugz18Fm1cgM,2026-07-23T14:00:06Z,1780,95.86,95.86,2105,2026-07-24T13:55:47Z,2105
2026-07-24T08:34:12Z,Path of Exile 1: Curse of the Allflame Challenge Rewards,Path of Exile,https://www.youtube.com/watch?v=5_05mNyIg-c,2026-07-24T01:39:08Z,52613,7605.24,7605.24,52613,2026-07-24T08:34:12Z,52613
2026-07-24T13:55:47Z,"[Path of Exile 2] #25 Путь к 100 лвл. Копим маяки  второй раз,  сюжет Делириума проходим.",KoToMaTb,https://www.youtube.com/watch?v=ux8xHD3xVEk,2026-07-24T07:12:34Z,27,4.02,4.02,27,2026-07-24T13:55:47Z,27
2026-07-24T13:55:47Z,Path of exile 2 PS5 Pro,Injaw1972,https://www.youtube.com/watch?v=kAcjlsfUtS8,2026-07-24T10:48:11Z,42,7.0,7.0,42,2026-07-24T13:55:47Z,42
2026-07-24T13:55:47Z,Path of exile 2 !!! HardcoreThe Witch and her crew are Back..Cruise time Part 10,Reasonable Gamer,https://www.youtube.com/watch?v=72p0Y6RFxZo,2026-07-24T06:15:05Z,55,7.16,7.16,57,2026-07-24T19:37:00Z,57
2026-07-24T13:55:47Z,Path of Exile 2 -  Last Stream until PoE 1 3.29???   🥶 🏹  (PC),CRiZZO,https://www.youtube.com/watch?v=4NixCcQWYWM,2026-07-24T05:43:49Z,70,8.54,8.54,70,2026-07-24T13:55:47Z,70
2026-07-24T13:55:47Z,เก็บเวลเอนเกมหัววัน Hardcore | Path of Exile 2,BIRDBORNE,https://www.youtube.com/watch?v=C8egQ0ncoMY,2026-07-24T10:47:06Z,1410,235.0,235.0,1434,2026-07-25T03:16:10Z,1434
2026-07-24T13:55:47Z,Что выпало за 100 забегов в Симулякр. Path of Exile 2,Qordes,https://www.youtube.com/watch?v=NegceaBiKRw,2026-07-24T12:52:07Z,1770,295.0,1084.45,11564,2026-07-25T08:14:03Z,11564
2026-07-24T13:55:47Z,⚡ How to Craft an Endgame Crit Helmet | Step-by-Step Guide | PoE 2 0.5,Diztoh,https://www.youtube.com/watch?v=QuW8BOSpPpo,2026-07-23T13:15:22Z,10086,408.78,408.78,10086,2026-07-24T13:55:47Z,10086
2026-07-24T19:37:00Z,Act 4 with a Plant Druid? (Shorts) | Path Of Exile 2,DrOctaviousJr,https://www.youtube.com/watch?v=n_EkDi8CFpo,2026-07-24T12:07:39Z,33,4.41,4.41,33,2026-07-24T19:37:00Z,33
2026-07-24T19:37:00Z,Path of Exile 2 (0.5.4) - Gemling COC Blink Spam Mana Tank,geocine,https://www.youtube.com/watch?v=465TPGnPGC4,2026-07-24T12:00:39Z,34,4.47,4.47,34,2026-07-24T19:37:00Z,34
2026-07-24T19:37:00Z,Path of Exile 2 - Shorts live stream - Horizontal stream also live,Meelie LG,https://www.youtube.com/watch?v=_VgLvNVINZs,2026-07-24T15:09:28Z,31,5.17,5.17,31,2026-07-24T19:37:00Z,31
2026-07-24T19:37:00Z,Item Filterlar Hakkında Her Bilgiler | Path of Exile 2,Ludo Epigrafi,https://www.youtube.com/watch?v=E3BUPr8HI5s,2026-07-24T15:12:02Z,34,5.67,5.67,34,2026-07-24T19:37:00Z,34
2026-07-24T19:37:00Z,Path of Exile 2 Return of the Ancient Currency Printing,ShakeN_YT,https://www.youtube.com/watch?v=SHFdTI6z3f8,2026-07-24T16:30:38Z,39,6.5,6.5,62,2026-07-25T03:16:10Z,62
2026-07-24T19:37:00Z,⚡ Path of Exile 2 LIVE | VARIANTA MEA DE CRACK ICE ARROW P2,iMisu,https://www.youtube.com/watch?v=3aeyBzzRxko,2026-07-23T23:30:33Z,145,7.21,7.21,145,2026-07-24T19:37:00Z,145
2026-07-24T19:37:00Z,"Вернулся в Path of Exile 2 спустя 1,5 года! Как играть?",Liestup,https://www.youtube.com/watch?v=v55xzcuE5qw,2026-07-24T13:49:03Z,65,10.83,10.83,65,2026-07-24T19:37:00Z,65
2026-07-24T19:37:00Z,อัพเดทสุดท้าย IRR 100%+ Infernalist Wardstack CI Guide | Path of Exile 2,DewDoGamer,https://www.youtube.com/watch?v=-5fQ1af7zJo,2026-07-24T15:13:36Z,76,12.67,15.76,268,2026-07-25T08:14:03Z,268
2026-07-24T19:37:00Z,PATH OF EXILE 2 INDONESIA AJARIN AKU FARMING DI TEMPLE DONG PUH.. SBLM BESOK POE1  #pathofexile2,TUYUL DISKO,https://www.youtube.com/watch?v=ZyiwRiGBFT8,2026-07-24T11:17:54Z,291,34.98,34.98,291,2026-07-25T03:16:10Z,291
2026-07-24T19:37:00Z,PoE 2 Has a Jewel Problem,Jazzarus,https://www.youtube.com/watch?v=b5HLdIVE8Ak,2026-07-24T02:00:31Z,727,41.29,41.29,727,2026-07-24T19:37:00Z,727
2026-07-24T19:37:00Z,🔴 Ritual อีกที ก่อนไปตัวใหม่ | Path of Exile 2 | Live,NoSugar,https://www.youtube.com/watch?v=Kbx_hCptQ-E,2026-07-24T15:53:55Z,521,86.83,86.83,523,2026-07-25T08:14:03Z,523
2026-07-24T19:37:00Z,Path of Exile 2 - How to Craft Cat Belts,OnesInTheChat,https://www.youtube.com/watch?v=Pv2FVRRTONw,2026-07-24T14:30:28Z,1235,205.83,205.83,2216,2026-07-25T08:14:03Z,2216
2026-07-24T19:37:00Z,🔴[GIGA JUICED EXPEDITIONS] NOT STOPPING UNTIL MIRROR | Path Of Exile 2,Phalanx,https://www.youtube.com/watch?v=zFsNbG_lDrc,2026-07-24T13:41:38Z,1411,235.17,235.17,1428,2026-07-25T08:14:03Z,1428
2026-07-24T19:37:00Z,Is Rarity Still a Problem in Patch 0.5? w/ @snoobae8553 - The Path 2 Exile Podcast Ep. 53,MisoxShiru,https://www.youtube.com/watch?v=oQ-5Hm2wpNY,2026-07-24T01:37:13Z,5556,308.73,308.73,5556,2026-07-24T19:37:00Z,5556
2026-07-25T03:16:10Z,Path of Exile 2  League 5 boss fight 37 #shorts,MarioGaming,https://www.youtube.com/watch?v=fshbaTZziUI,2026-07-24T19:00:28Z,60,7.26,7.26,132,2026-07-25T13:46:15Z,132
2026-07-25T03:16:10Z,Path of Exile 2 Return of the Ancients #061 (Zweite Rune? Level 96 Arc Totem Gemling),Tenpinmaster,https://www.youtube.com/watch?v=7JdJY1ocoV8,2026-07-24T23:29:48Z,66,11.0,11.0,71,2026-07-25T08:14:03Z,71
2026-07-25T03:16:10Z,Древние Врата и прокачка атласа - Path of Exile 2: Runes of Aldur #11 (За Копейщика),WarlockTD,https://www.youtube.com/watch?v=s3JgxFB332s,2026-07-24T09:15:01Z,216,11.99,11.99,216,2026-07-25T03:16:10Z,216
2026-07-25T03:16:10Z,Path of Exile 2 Trial of Chaos Bot,BestBotsMaker,https://www.youtube.com/watch?v=eXTxDhFMOso,2026-07-24T13:15:38Z,185,13.21,13.21,192,2026-07-25T08:14:03Z,192
2026-07-25T03:16:10Z,TEK HARİTA 1150+ SPLİNTER! DELİRİUM/SİMULACRUM FARM REHBERİ! - Path of Exile 2 Türkçe Rehber (PoE2),Swordorin2,https://www.youtube.com/watch?v=JI9gv3cFyEc,2026-07-24T10:20:32Z,288,17.01,17.01,288,2026-07-25T03:16:10Z,288
2026-07-25T03:16:10Z,⚡ Path of Exile 2  LIVE | LEVELING,iMisu,https://www.youtube.com/watch?v=2_kq-CR__qk,2026-07-24T23:46:31Z,120,20.0,20.0,125,2026-07-25T13:46:15Z,125
2026-07-25T03:16:10Z,"League of Legends, Path of Exile 2, Days Gone Today!",OnesInTheChat,https://www.youtube.com/watch?v=yqjI8GDQzf8,2026-07-24T23:11:10Z,241,40.17,40.17,275,2026-07-25T13:46:15Z,275
2026-07-25T03:16:10Z,🎩Path of Exile 2🎩👓Кровавая ведьма с арбалетом на холоде.👓,mrBLO стримы,https://www.youtube.com/watch?v=ckyFLd5vcPA,2026-07-24T21:32:47Z,376,62.67,62.67,377,2026-07-25T13:46:15Z,377
2026-07-25T03:16:10Z,🔴[LIVE] 💀First Time Ever Playing PATH OF EXILE 2 | Sorceress MAPS! | Playthrough [Day 26],RelativityRabbit,https://www.youtube.com/watch?v=QS9Ed5eKSPE,2026-07-24T17:46:50Z,919,96.85,96.85,928,2026-07-25T13:46:15Z,928
2026-07-25T03:16:10Z,【PoE2 0.5】MY FIEST ABYSSAL LICH - Path of Exile 2 !build !moba !Discord,[CCG] Circus Circle Games,https://www.youtube.com/watch?v=zSAnhDAN8-E,2026-07-24T18:20:51Z,2047,229.43,229.43,2158,2026-07-25T13:46:15Z,2158
2026-07-25T03:16:10Z,[PoE 3.29] 10+ GREAT League Starter Builds for Curse of the Allflame - Path of Exile,ronarray,https://www.youtube.com/watch?v=oaSihU9KnSU,2026-07-24T12:34:34Z,49417,3363.17,3363.17,54193,2026-07-25T08:14:03Z,54193
2026-07-25T08:14:03Z,🔴LIVE - | Path of Exile 2 | Sorceress Build! Lightning That Makes Balls Of FIRE?,SuperNoob,https://www.youtube.com/watch?v=Ljv0whqXySM,2026-07-25T03:29:36Z,53,8.83,8.83,61,2026-07-25T19:15:53Z,61
2026-07-25T08:14:03Z,Act 4 with a Plant Druid? (Shorts) | Path Of Exile 2,DrOctaviousJr,https://www.youtube.com/watch?v=zVU0E6Jj2hQ,2026-07-25T04:31:29Z,81,13.5,13.5,84,2026-07-25T19:15:53Z,84
2026-07-25T08:14:03Z,◤Path of Exile 2◢　殴って解決スタ鯖ライフ☆未だ知識ド浅脳筋ウォーリアーのエンドゲーム攻略：３８　◤もぉ１か月経ちました◢,白金すん,https://www.youtube.com/watch?v=LyesEeAaq2I,2026-07-25T06:09:38Z,88,14.67,14.67,94,2026-07-25T19:15:53Z,94
2026-07-25T08:14:03Z,*BEST* Path Of Exile 2 Cheat 2026 | ESP + Aimbot + Auto Loot | Free Undetected Mod Menu 🎯,DR4X 7X,https://www.youtube.com/watch?v=V6cil19gRw0,2026-07-24T23:33:34Z,147,16.95,17.52,249,2026-07-25T13:46:15Z,249
2026-07-25T08:14:03Z,🔥PATH OF EXILE 2🔥💯 EXTENSIBLE 💯 🔴​ DROPS! 🔴​  PATH OF EXILE CURSE OF THE ALL FLAME,FidoJuegos,https://www.youtube.com/watch?v=inzS4h4baQo,2026-07-25T04:37:50Z,156,26.0,26.0,167,2026-07-25T19:15:53Z,167
2026-07-25T08:14:03Z,Path of Exile 2 - A BUILD MAIS BRABA DO MONK Ajudando a Galera & Hoje tem Path of Exile 1,Mano Imp,https://www.youtube.com/watch?v=J4D1OGm000U,2026-07-24T19:27:35Z,752,58.87,58.87,752,2026-07-25T13:46:15Z,752
2026-07-25T13:46:15Z,Path of Exile 2 Day 5 Interluding Casual Player,FluffeyPanda's World,https://www.youtube.com/watch?v=fjvsuN2Cp3o,2026-07-25T09:08:46Z,33,5.5,5.5,38,2026-07-25T19:15:53Z,38
2026-07-25T13:46:15Z,Path of Exile 2 -  PoE 2 PoE 2 PoE 2 ONLY   🥶 🏹  (PC),CRiZZO,https://www.youtube.com/watch?v=FnaervLy9_8,2026-07-25T05:16:22Z,50,5.88,5.88,53,2026-07-25T19:15:53Z,53
2026-07-25T13:46:15Z,"🔥Path of Exile 2🔥Айсшот дедайка, фарм диванов",Suneaterchannel,https://www.youtube.com/watch?v=mWb9qBhhkuo,2026-07-25T10:42:46Z,52,8.67,8.67,55,2026-07-25T19:15:53Z,55
2026-07-25T13:46:15Z,Бездна и Искупление - Path of Exile 2: Runes of Aldur [12] (За Копейщика),WarlockTD,https://www.youtube.com/watch?v=0nqvklQ4JBI,2026-07-25T09:15:21Z,77,12.83,15.59,156,2026-07-25T19:15:53Z,156
2026-07-25T13:46:15Z,【PoE2】いろいろ教えて！完全初見！今さら始めるPath of Exile 2「狼堂キライ」,狼堂キライ「怠惰の魔王」,https://www.youtube.com/watch?v=ZJsm2QgVnH4,2026-07-25T06:23:14Z,240,32.5,32.5,248,2026-07-25T19:15:53Z,248
2026-07-25T13:46:15Z,🔴[GIGA JUICED EXPEDITIONS] NOT STOPPING UNTIL MIRROR DAY 2 | Path Of Exile 2,Phalanx,https://www.youtube.com/watch?v=Zq9LW1IZGUQ,2026-07-25T09:51:02Z,448,74.67,74.67,516,2026-07-25T19:15:53Z,516
2026-07-25T13:46:15Z,It finally happened!,MisoxShiru,https://www.youtube.com/watch?v=o--ADI8tOSk,2026-07-24T18:47:30Z,9772,514.88,514.88,9772,2026-07-25T13:46:15Z,9772
2026-07-25T13:46:15Z,⚡ Endgame Crit Helmet | Step-by-Step Guide | PoE 2 0.5 #pathofexile2 #shorts,Diztoh,https://www.youtube.com/watch?v=vnbuz6Efbvk,2026-07-24T22:00:03Z,13666,866.57,866.57,13666,2026-07-25T13:46:15Z,13666
2026-07-25T19:15:53Z,Grinding and Setting Currency ON FIRE Path of Exile 2 Endgame stream,MightyMouthDFT,https://www.youtube.com/watch?v=I1pqms-Vxh8,2026-07-25T06:28:36Z,27,2.11,2.11,27,2026-07-25T19:15:53Z,27
2026-07-25T19:15:53Z,Nachtwacht Path of Exile 2 Icemage Chronomancer Interlude #2club,2clubTV,https://www.youtube.com/watch?v=fI9LJMdvG_o,2026-07-25T15:42:49Z,14,2.33,2.33,14,2026-07-25T19:15:53Z,14
2026-07-25T19:15:53Z,Drops? Path of Exile League Launch! Cold dot?,Dcapie,https://www.youtube.com/watch?v=HlYiOHu6SmM,2026-07-25T01:59:08Z,50,2.89,2.89,50,2026-07-25T19:15:53Z,50
2026-07-25T19:15:53Z,Path of Exile 2 Return of the Ancient Currency Printing,ShakeN_YT,https://www.youtube.com/watch?v=_L05MQ-QLm4,2026-07-25T16:32:47Z,26,4.33,4.33,42,2026-07-26T03:30:18Z,42
2026-07-25T19:15:53Z,Path of Exile 2 Arbitrage in under 5 minutes,Path of Stonks,https://www.youtube.com/watch?v=IsGV2rIJEE4,2026-07-25T04:54:52Z,63,4.39,4.39,63,2026-07-25T19:15:53Z,63
2026-07-25T19:15:53Z,Path of Exile 2 플리커 무한 권능 충전,유현정,https://www.youtube.com/watch?v=z74H5Skhjug,2026-07-25T05:44:52Z,67,4.96,4.96,67,2026-07-25T19:15:53Z,67
2026-07-25T19:15:53Z,Raise Shield (Path Of Exile 2 Shield Skills),Ginger Gaming Mentor,https://www.youtube.com/watch?v=wUI72cnzm44,2026-07-25T10:00:28Z,55,5.94,5.94,55,2026-07-25T19:15:53Z,55
2026-07-25T19:15:53Z,Open 20x Curse of the Allflame Mystery Box | Path of Exile 2 #poe2 #pathofexile2 #pathofexile #poe1,Slumpgod6,https://www.youtube.com/watch?v=I3oOH4oY_i8,2026-07-25T12:37:27Z,128,19.28,19.28,128,2026-07-25T19:15:53Z,128
2026-07-25T19:15:53Z,Whirling Assault Destroys The Bodach! ⚔️ #poe2 #pathofexile2 #gaming,Okyem Steam Deck Gaming,https://www.youtube.com/watch?v=iHJiEbUpOoE,2026-07-25T10:00:25Z,508,54.87,54.87,508,2026-07-25T19:15:53Z,508
2026-07-25T19:15:53Z,Path of Exile 2 - Prism of Belief Identifying,OnesInTheChat,https://www.youtube.com/watch?v=hwtXeYF0d6M,2026-07-25T14:30:05Z,1356,226.0,226.0,1356,2026-07-25T19:15:53Z,1356
2026-07-26T03:30:18Z,Path of Exile 2 Ep 4 — Nothing Can Stop Us Now 💪🔥,DrockinitTV,https://www.youtube.com/watch?v=7GyVkMJPZs8,2026-07-26T01:44:34Z,1,0.17,1.03,7,2026-07-26T08:33:17Z,7
2026-07-26T03:30:18Z,Path of Exile 2 Beta_O que estou fazendo de errado.,Shamballa gameplay 💀,https://www.youtube.com/watch?v=oFrKkTZyvFY,2026-07-25T19:51:26Z,2,0.26,0.26,2,2026-07-26T03:30:18Z,2
2026-07-26T03:30:18Z,Path of Exile 2 Beta_20260726015601,kim_chh,https://www.youtube.com/watch?v=cInWgR_vrDI,2026-07-25T17:07:50Z,3,0.29,0.29,3,2026-07-26T03:30:18Z,3
2026-07-26T03:30:18Z,"Path of Exile 2 - T1 map, Steaming Springs. Manassa, the Serpent Queen",Morratut,https://www.youtube.com/watch?v=WkXY2QRs4YQ,2026-07-25T22:15:01Z,2,0.33,0.33,2,2026-07-26T03:30:18Z,2
2026-07-26T03:30:18Z,Path of Exile 2 HC - Fix it,Костя (F_ckingFun),https://www.youtube.com/watch?v=AlrK0s2Ft-Y,2026-07-25T22:20:17Z,3,0.5,0.5,3,2026-07-26T03:30:18Z,3
2026-07-26T03:30:18Z,Path of Exile 2 Beta_20260726002010,Igmatius78,https://www.youtube.com/watch?v=phRdxYVSKMY,2026-07-25T22:24:08Z,3,0.5,0.5,3,2026-07-26T03:30:18Z,3
2026-07-26T03:30:18Z,Path of Exile 2 Beta_20260725172250,Rosana Moreno,https://www.youtube.com/watch?v=7l70hUOw8is,2026-07-25T21:31:03Z,4,0.67,0.67,4,2026-07-26T03:30:18Z,4
2026-07-26T03:30:18Z,Path of Exile 2 |🏹 Huntress Gameplay🏹Build that melts everything🏹,D2Trickster,https://www.youtube.com/watch?v=gsMF5auwO_U,2026-07-26T02:38:18Z,6,1.0,1.0,6,2026-07-26T03:30:18Z,6
2026-07-26T03:30:18Z,Path of Exile 2 |🏹 Huntress Gameplay🏹Build that melts everything🏹,D2Trickster,https://www.youtube.com/watch?v=MY28WxoriUo,2026-07-26T00:04:44Z,8,1.33,1.33,8,2026-07-26T03:30:18Z,8
2026-07-26T03:30:18Z,ZERAMOS STAR WARS... E AGORA? O ENDGAME DE PATH OF EXILE 2 VAI NOS PRENDER? | #ProdyAGE AO VIVO PTBR,#ProdyAGE,https://www.youtube.com/watch?v=2ffdWuXZVFA,2026-07-26T03:03:54Z,9,1.5,3.0,18,2026-07-26T08:33:17Z,18
2026-07-26T03:30:18Z,JOGANDO SEM PRESSA: paramos tudo para ouvir UNA | Path of Exile 2 - Parte 4,Fischer — Tempo Perdido,https://www.youtube.com/watch?v=pyerdwrLwxo,2026-07-25T19:00:39Z,19,2.24,2.24,19,2026-07-26T03:30:18Z,19
2026-07-26T03:30:18Z,Path of Exile 2: Sekehma 'til I get a Flame Pt2,Joseph's Bizarre Adventure,https://www.youtube.com/watch?v=g7mhZUU8R0U,2026-07-25T22:07:49Z,21,3.5,3.5,21,2026-07-26T03:30:18Z,21
2026-07-26T03:30:18Z,Фарм простых карт _ в (Path of Exile 2),SERZH BROWN / ИГРЫ,https://www.youtube.com/watch?v=CaKgG6gGCaQ,2026-07-25T19:50:05Z,28,3.65,3.65,28,2026-07-26T03:30:18Z,28
2026-07-26T03:30:18Z,⚡ Path of Exile 2  LIVE | OPTIMIZAM SI FARMAM,iMisu,https://www.youtube.com/watch?v=JBvFOIRlr3Q,2026-07-25T22:06:24Z,81,13.5,13.5,81,2026-07-26T03:30:18Z,81
2026-07-26T03:30:18Z,الدرليجسي | بث مباشر 51  باث اوف اكزايل 2 | path of exile 2 return of the ancients,BIG-POTATOO بيج بوتيتو,https://www.youtube.com/watch?v=6AcfBWegOPw,2026-07-25T23:15:56Z,175,29.17,29.17,175,2026-07-26T03:30:18Z,175
2026-07-26T03:30:18Z,100x SİMULACRUM RUN YAPTIM! - Path of Exile 2 Türkçe Rehber (PoE2),Swordorin2,https://www.youtube.com/watch?v=fS5OXwbI_QI,2026-07-25T18:23:32Z,309,33.91,33.91,309,2026-07-26T03:30:18Z,309
2026-07-26T03:30:18Z,Is Crafting Worth It in Path of Exile 2?,LilBotQ,https://www.youtube.com/watch?v=ubs0UZm-YSw,2026-07-25T23:43:40Z,247,41.17,41.17,247,2026-07-26T03:30:18Z,247
2026-07-26T03:30:18Z,Path of Exile 2 - Crafting Today!,OnesInTheChat,https://www.youtube.com/watch?v=Kamh77ieIcM,2026-07-25T23:10:38Z,647,107.83,107.83,647,2026-07-26T03:30:18Z,647
2026-07-26T03:30:18Z,Farming Expedition without Deep Pockets - Grim Pillars Oracle Build Guide,DEADRABB1T,https://www.youtube.com/watch?v=M3gYaIsH6_Y,2026-07-25T18:00:03Z,2926,307.86,307.86,2926,2026-07-26T03:30:18Z,2926
2026-07-26T08:33:17Z,100% kryt blood mage Path of Exile 2 build,FioletowaGalkaGAMES,https://www.youtube.com/watch?v=P4KXOEcIC1A,2026-07-26T08:13:56Z,2,0.33,0.33,2,2026-07-26T08:33:17Z,2
2026-07-26T08:33:17Z,Path of Exile 2  Vaal Atziri 2026 07 26   13 24 16 01,Rex Warren,https://www.youtube.com/watch?v=S5Bqrh57628,2026-07-26T05:58:29Z,2,0.33,0.33,2,2026-07-26T08:33:17Z,2
2026-07-26T08:33:17Z,Path of Exile 2 2026 07 25   00 43 45 19 DVR,템플러의 이중생활,https://www.youtube.com/watch?v=tBDZWZYbwo8,2026-07-26T08:32:51Z,2,0.33,3.0,18,2026-07-26T13:41:19Z,18
2026-07-26T08:33:17Z,Path of Exile 2 - SSF Gemling Leggionaire #01,Kin of the Cosmos,https://www.youtube.com/watch?v=HcNNDBL1ceI,2026-07-26T04:43:37Z,7,1.17,1.17,7,2026-07-26T08:33:17Z,7
2026-07-26T08:33:17Z,Act 4 with a Plant Druid P2 | Path Of Exile 2,DrOctaviousJr,https://www.youtube.com/watch?v=sYdZ2J-KK7E,2026-07-26T02:16:31Z,8,1.27,1.27,8,2026-07-26T08:33:17Z,8
2026-07-26T08:33:17Z,AFK Simulacrum until Voices Day2 - Path of Exile 2,Wolfyowns,https://www.youtube.com/watch?v=HmKvjc-TxRw,2026-07-26T07:49:01Z,12,2.0,22.18,328,2026-07-27T03:38:04Z,328
2026-07-26T08:33:17Z,Path of Exile 2 Marial Artist Farming Divines!,Trickster Teo,https://www.youtube.com/watch?v=ITh0VlVpzdk,2026-07-26T04:47:14Z,18,3.0,3.0,24,2026-07-26T13:41:19Z,24
2026-07-26T08:33:17Z,+4 MİNİON SKİLLS SOLAR AMULET CRAFT REHBERİ - Path of Exile 2 Türkçe Rehber (PoE2),Swordorin2,https://www.youtube.com/watch?v=32vpVx_pXZI,2026-07-26T07:59:24Z,20,3.33,14.0,158,2026-07-26T19:18:40Z,158
2026-07-26T08:33:17Z,100% Cold Galvanic Shards Ritualist - Path of Exile 2 - 0.5,BillyWatersBoomin62,https://www.youtube.com/watch?v=KwvJ4NjT4sk,2026-07-26T07:09:52Z,29,4.83,10.12,120,2026-07-26T19:18:40Z,120
2026-07-26T08:33:17Z,"Вандрот, чернокровный поработитель - Path of Exile 2: Runes of Aldur [13] (За Копейщика)",WarlockTD,https://www.youtube.com/watch?v=OOvU3Jlwf08,2026-07-26T07:15:04Z,30,5.0,17.86,230,2026-07-27T03:38:04Z,230
2026-07-26T08:33:17Z,Path of Exile 2 - to LVL 100 Druid Grim Pillars   🥶🧙🏻‍♂️🎮    (PS5 Pro),CRiZZO,https://www.youtube.com/watch?v=YTB2x7YFaso,2026-07-26T05:16:50Z,49,8.17,8.17,50,2026-07-26T13:41:19Z,50
2026-07-26T08:33:17Z,"Grinding,Crafting,Yapping Path of Exile 2 Endgame stream",MightyMouthDFT,https://www.youtube.com/watch?v=s1JDM-H7a7w,2026-07-26T03:52:53Z,81,13.5,13.5,81,2026-07-26T13:41:19Z,81
2026-07-26T08:33:17Z,Act 4 with a Plant Druid P2 (Shorts) | Path Of Exile 2,DrOctaviousJr,https://www.youtube.com/watch?v=tw6DxnodcVA,2026-07-26T02:16:13Z,101,16.07,16.07,101,2026-07-26T13:41:19Z,101
2026-07-26T08:33:17Z,إرث القدماء | بث مباشر 51 | Path of Exile 2 | عودة القدماء,BIG-POTATOO بيج بوتيتو,https://www.youtube.com/watch?v=NmoGpq43BXE,2026-07-26T03:43:38Z,100,16.67,16.67,100,2026-07-26T13:41:19Z,100
2026-07-26T08:33:17Z,Are You The Villain in Path Of Exile 2?,Lore Of Exile,https://www.youtube.com/watch?v=iXu7umN3gbA,2026-07-26T07:03:35Z,1033,172.17,596.46,9095,2026-07-27T03:38:04Z,9095
2026-07-26T08:33:17Z,Path of Exile | Winter Orb Assassin Is Insane! League Start Day 2 (PoE 3.29 Shadow),SiahZ,https://www.youtube.com/watch?v=QQgvWz9kMxU,2026-07-26T01:37:43Z,2432,351.13,351.13,2570,2026-07-26T13:41:19Z,2570
2026-07-26T08:33:17Z,PoE 2 Not Ready for This Unique Ring!,MisoxShiru,https://www.youtube.com/watch?v=YkTpEfAu3UY,2026-07-26T06:38:15Z,2181,363.5,1112.22,19682,2026-07-27T03:38:04Z,19682
2026-07-26T08:33:17Z,Path of Exile KF Totems League Launch Day 2,Raxxanterax,https://www.youtube.com/watch?v=RlJSEuljLi0,2026-07-26T06:21:22Z,8447,1407.83,1407.83,9416,2026-07-26T19:18:40Z,9416
2026-07-26T13:41:19Z,🔴LIVE - | Path of Exile 2 | Shaman Build In The Works!,SuperNoob,https://www.youtube.com/watch?v=GaA8mIo8deU,2026-07-26T07:26:50Z,58,9.29,9.29,58,2026-07-26T13:41:19Z,58
2026-07-26T13:41:19Z,【PoE2】完全初見2日目！いろいろ教えて！Path of Exile 2「狼堂キライ」,狼堂キライ「怠惰の魔王」,https://www.youtube.com/watch?v=FE8ur9dgW3k,2026-07-26T06:28:38Z,116,16.09,16.09,116,2026-07-26T13:41:19Z,116
2026-07-26T13:41:19Z,Death Aura | La vie d'un exilé #2 | Path of Exile Curse of the Allflame,Chtitou,https://www.youtube.com/watch?v=dBD7syvi1ec,2026-07-26T09:52:08Z,242,40.33,44.41,917,2026-07-27T10:00:32Z,917
2026-07-26T13:41:19Z,I Used The Best Free Path Of Exile 2 Bot in 2026! And Its Insane! | Poe 2 AutoBot 🔥,queenie magarazito,https://www.youtube.com/watch?v=KN1sanbv8uw,2026-07-26T09:41:32Z,1191,198.5,198.5,1193,2026-07-27T10:00:32Z,1193
2026-07-26T13:41:19Z,【Path of Exile 2】ゼロから始めるビルドの作り方【PoE2】,ゲーミングナマケモノ,https://www.youtube.com/watch?v=Fo_hn16ETDc,2026-07-26T10:27:58Z,1325,220.83,334.08,3940,2026-07-27T10:00:32Z,3940
2026-07-26T13:41:19Z,Some Of The BEST Off-Meta Builds in PoE2 0.5,Perra Gaming,https://www.youtube.com/watch?v=VGQ8TB9hQFY,2026-07-26T10:05:29Z,1802,300.33,664.76,12764,2026-07-27T10:00:32Z,12764
2026-07-26T19:18:40Z,100 DIVINES - EASY LOW CORTISOL CONSTANT NO STRESS - Path of Exile 2 🐸 #poe2 #pathofexile2,Yuzo TV,https://www.youtube.com/watch?v=VH2UFJJU7JI,2026-07-26T17:06:06Z,81,13.5,47.38,650,2026-07-27T14:47:57Z,650
2026-07-26T19:18:40Z,"Prima experiență în PoE 2, LIVE! Path of Exile 2 România EP.9",IamNFI,https://www.youtube.com/watch?v=yjxKiuZ3kDo,2026-07-26T15:27:53Z,92,15.33,15.33,92,2026-07-27T10:00:32Z,92
2026-07-26T19:18:40Z,🎩Path of Exile 2🎩👓Кровавая ведьма с арбалетом на холоде.👓,mrBLO стримы,https://www.youtube.com/watch?v=rUnssWUZ4dw,2026-07-26T17:23:49Z,97,16.17,16.17,114,2026-07-27T14:47:57Z,114
2026-07-26T19:18:40Z,Act 4 with a Plant Druid P3 (Shorts) | Path Of Exile 2,DrOctaviousJr,https://www.youtube.com/watch?v=spAWKT-bpNA,2026-07-26T15:05:55Z,164,27.33,27.33,166,2026-07-27T14:47:57Z,166
2026-07-26T19:18:40Z,PATH OF EXILE 2 Steam Machine Performance: 2160P 1440P 1080P,Deck Wizard,https://www.youtube.com/watch?v=yACGYHVXigs,2026-07-26T14:15:30Z,609,101.5,101.5,1495,2026-07-27T10:00:32Z,1495
2026-07-26T19:18:40Z,🔴[LIVE] 💀First Time Ever Playing PATH OF EXILE 2 | Sorceress MAPS! | Playthrough [Day 27],RelativityRabbit,https://www.youtube.com/watch?v=WNCmC5F3ohY,2026-07-26T16:05:41Z,859,143.17,143.17,898,2026-07-27T14:47:57Z,898
2026-07-26T19:18:40Z,Re【PoE2 0.5】MY FIEST ABYSSAL LICH - Path of Exile 2 !build !moba !Discord,[CCG] Circus Circle Games,https://www.youtube.com/watch?v=rBrTU-2zEX4,2026-07-26T18:45:16Z,1021,170.17,170.17,1342,2026-07-27T19:42:10Z,1342
2026-07-26T19:18:40Z,Path of Exile 2 - Streamer Client Gone Wild,OnesInTheChat,https://www.youtube.com/watch?v=SdbYbiJ_Q44,2026-07-26T14:30:19Z,1552,258.67,299.33,4771,2026-07-27T10:00:32Z,4771
2026-07-26T19:18:40Z,[Path of Exile 3.29] ⚔️ Cyclone Shockwave Slayer ⚔️ Day 1/2 Update,Sanavixx,https://www.youtube.com/watch?v=1DyPar_uUxw,2026-07-26T07:14:28Z,4466,370.01,370.01,6222,2026-07-27T03:38:04Z,6222
2026-07-26T19:18:40Z,Luminary Day 2 Creating Ultimate ManyShot,CaptainLance9,https://www.youtube.com/watch?v=5ad1OTB3Awk,2026-07-26T06:12:36Z,25725,1963.56,1963.56,25725,2026-07-26T19:18:40Z,25725
2026-07-27T03:38:04Z,⚡ Path of Exile 2  LIVE | OPTIMIZAM SI FARMAM 3,iMisu,https://www.youtube.com/watch?v=Syg6s5szD60,2026-07-26T23:59:44Z,73,12.17,12.17,81,2026-07-27T19:42:10Z,81
2026-07-27T03:38:04Z,الدرليجسي | بث مباشر 52  باث اوف اكزايل 2 | path of exile 2 return of the ancients,BIG-POTATOO بيج بوتيتو,https://www.youtube.com/watch?v=kzYUASqmdhU,2026-07-27T01:12:48Z,145,24.17,24.17,158,2026-07-27T14:47:57Z,158
2026-07-27T03:38:04Z,Minha Jornada Para Dominar Path of Exile! #2,Breno MMO,https://www.youtube.com/watch?v=oX2a1IvNsiI,2026-07-26T11:00:11Z,1240,74.56,74.56,1379,2026-07-27T10:00:32Z,1379
2026-07-27T03:38:04Z,Re 【PoE2 0.5】MY FIEST ABYSSAL LICH - Path of Exile 2 !build !moba !Discord,[CCG] Circus Circle Games,https://www.youtube.com/watch?v=lRIPiFkrsSA,2026-07-27T00:57:52Z,481,80.17,80.17,542,2026-07-27T19:42:10Z,542
2026-07-27T10:00:32Z,Ice Nova/Frostbolt Infernalist Is INSANE! - Path of Exile 2,MECHuddy,https://www.youtube.com/watch?v=rzltuhGBgUk,2026-07-26T19:00:37Z,66,4.4,6.48,160,2026-07-27T19:42:10Z,160
2026-07-27T10:00:32Z,Path of Exile 2 Return of the Ancient Currency Printing,ShakeN_YT,https://www.youtube.com/watch?v=u5BapqVwsTk,2026-07-26T16:25:57Z,103,5.86,5.86,103,2026-07-27T10:00:32Z,103
2026-07-27T10:00:32Z,PATH OF EXILE 2 - RUNES OF ALDUR #34 (PT-BR / XBOX SERIES X),Eu Jota Gamer,https://www.youtube.com/watch?v=eibl4HusUxE,2026-07-26T21:41:00Z,83,6.73,6.73,83,2026-07-27T10:00:32Z,83
2026-07-27T10:00:32Z,"[POE 3.29] Day 2 Recap, HH ? Ignite Penance Brand Elementalist",Zeeboub,https://www.youtube.com/watch?v=PoDz6Si4rnA,2026-07-26T21:45:52Z,1035,84.53,84.53,1301,2026-07-27T14:47:57Z,1301
2026-07-27T14:47:57Z,Path of Exile 2 2026 07 27   17 35 08 01,위폰트,https://www.youtube.com/watch?v=FWukUd0WZt8,2026-07-27T10:09:14Z,36,6.0,6.0,36,2026-07-27T14:47:57Z,36
2026-07-27T14:47:57Z,Path of Exile 2. Hardcore. 0.5.4 MONK Martial Artist. The Aberration!,Dzhanzik,https://www.youtube.com/watch?v=2vd0QQD9Aw8,2026-07-27T13:54:50Z,38,6.33,12.83,83,2026-07-28T02:54:44Z,83
2026-07-27T14:47:57Z,Path of Exile 2 - Ritual Tribute Farming    🥶🧙🏻‍♂️🎮    (PS5 Pro),CRiZZO,https://www.youtube.com/watch?v=COvgBD2AddU,2026-07-27T03:48:06Z,88,8.0,8.0,92,2026-07-27T19:42:10Z,92
2026-07-27T14:47:57Z,🎩Path of Exile 2🎩👓Кровавая ведьма с арбалетом на холоде.👓,mrBLO стримы,https://www.youtube.com/watch?v=nHTtpNzMBx0,2026-07-27T10:10:49Z,58,9.67,9.67,64,2026-07-27T19:42:10Z,64
2026-07-27T14:47:57Z,Глубины Бездны и Сосуд Кулемака - Path of Exile 2: Runes of Aldur [14] (За Копейщика),WarlockTD,https://www.youtube.com/watch?v=6_WuSfTJ6hs,2026-07-27T07:00:14Z,114,14.62,14.73,240,2026-07-28T02:54:44Z,240
2026-07-27T14:47:57Z,Path of Exile 2. Hardcore. 0.5.4 MONK Martial Artist. The Arbiter of Divinity!,Dzhanzik,https://www.youtube.com/watch?v=UzIolCu42Qk,2026-07-27T14:18:29Z,132,22.0,40.0,443,2026-07-28T08:43:18Z,443
2026-07-27T14:47:57Z,Path of Exile 2 - Cultivating Away Currency,OnesInTheChat,https://www.youtube.com/watch?v=mqp_vmXMSVM,2026-07-27T14:30:23Z,148,24.67,288.83,3817,2026-07-28T08:43:18Z,3817
2026-07-27T14:47:57Z,ВЫ НЕ ГЕРОЙ Path of Exile 2,Giga Grizzly,https://www.youtube.com/watch?v=cNwYP1DDEWQ,2026-07-27T07:41:11Z,382,53.71,53.71,459,2026-07-28T02:54:44Z,459
2026-07-27T14:47:57Z,Самые дорогие уникальные предметы лиги 0.5 в Path of Exile 2,Qordes,https://www.youtube.com/watch?v=_IbYBPrGc2Y,2026-07-27T14:05:18Z,1325,220.83,1259.33,15137,2026-07-28T08:43:18Z,15137
2026-07-27T14:47:57Z,PoE2 0.5 Horrible League Start? - Path of Exile 2 Pod w/ CoC,Talkative Tri,https://www.youtube.com/watch?v=T6ZKYgSewZo,2026-07-27T12:00:14Z,1474,245.67,528.11,6012,2026-07-28T02:54:44Z,6012
2026-07-27T19:42:10Z,Path of Exile 2,びゃあさんch,https://www.youtube.com/watch?v=mQ4814ViQDQ,2026-07-27T15:25:12Z,37,6.17,6.17,37,2026-07-27T19:42:10Z,37
2026-07-27T19:42:10Z,Spearfield (Path Of Exile 2 Spear Skills),Ginger Gaming Mentor,https://www.youtube.com/watch?v=iSYAlifJ2ug,2026-07-27T10:00:00Z,62,6.39,6.39,62,2026-07-27T19:42:10Z,62
2026-07-27T19:42:10Z,#28【Path of Exile 2: 'Return of the Ancients'】モルテン×ソラリスで救えてる？【おぶちゃんねる】#パスオブエグザイル2 #ゲーム実況,おぶちゃんねる,https://www.youtube.com/watch?v=S07_Fg1OSCU,2026-07-27T15:20:33Z,67,11.17,11.17,81,2026-07-28T02:54:44Z,81
2026-07-27T19:42:10Z,Act 4 with a Plant Druid P4 (Shorts) | Path Of Exile 2,DrOctaviousJr,https://www.youtube.com/watch?v=S9TgfceAMgY,2026-07-27T14:16:38Z,177,29.5,29.5,181,2026-07-28T08:43:18Z,181
2026-07-27T19:42:10Z,Path of Exile Boat crafting is too easy....,Slaydra,https://www.youtube.com/watch?v=Jb__53Kvuzw,2026-07-27T15:42:33Z,652,108.67,108.67,904,2026-07-28T08:43:18Z,904
2026-07-27T19:42:10Z,ลองสตรีมแล้วฟาร์มเวล Hardcore | Path of Exile 2,BIRDBORNE,https://www.youtube.com/watch?v=EvroviZOcCg,2026-07-27T16:08:00Z,800,133.33,133.33,876,2026-07-28T08:43:18Z,876
2026-07-27T19:42:10Z,Destiny 2 Died | So What Will You Play Next?,Chablo 91,https://www.youtube.com/watch?v=42Kb2VC7nhw,2026-07-27T16:36:35Z,1667,277.83,277.83,1667,2026-07-27T19:42:10Z,1667
2026-07-28T02:54:44Z,Path of Exile 2 - Viggo Mortensen Tribute Group,XanderSweetman,https://www.youtube.com/watch?v=54XRplEuNtw,2026-07-27T21:47:04Z,38,6.33,6.33,38,2026-07-28T14:22:01Z,38
2026-07-28T02:54:44Z,Path of Exile 2 - Доживу ли до Карт (HC),AVE Yarrik,https://www.youtube.com/watch?v=i35N7OHfZYw,2026-07-27T20:04:41Z,67,9.8,9.8,73,2026-07-28T14:22:01Z,73
2026-07-28T02:54:44Z,"Path of Exile 2. Hardcore. 0.5.4 MONK Martial Artist. Phya, Sentinel of the Cradle!",Dzhanzik,https://www.youtube.com/watch?v=dg1Jrtly_jU,2026-07-27T14:15:16Z,145,11.46,11.46,148,2026-07-28T08:43:18Z,148
2026-07-28T02:54:44Z,"Path of Exile 2. Hardcore. 0.5.4 MONK Martial Artist. Phyx, Sentinel of the Spark!",Dzhanzik,https://www.youtube.com/watch?v=QSqHXoI0mlA,2026-07-27T14:09:57Z,155,12.16,12.16,160,2026-07-28T08:43:18Z,160
2026-07-28T02:54:44Z,🎩Path of Exile 2🎩👓Кровавая ведьма с арбалетом на холоде.👓,mrBLO стримы,https://www.youtube.com/watch?v=ZK8TR8Ld8r8,2026-07-27T19:49:23Z,172,24.26,24.26,172,2026-07-28T14:22:01Z,172
2026-07-28T02:54:44Z,Path of Exile League Starter Build Guide New Class Luminary Path of Exile Curse of AllFlame : LA,Slaydra,https://www.youtube.com/watch?v=PinRtLztwIE,2026-07-27T07:49:48Z,468,24.53,24.53,468,2026-07-28T02:54:44Z,468
2026-07-28T02:54:44Z,48 HARİTA RİTUAL OMEN FARM! - Path of Exile 2 Türkçe (PoE2),Swordorin2,https://www.youtube.com/watch?v=GEo6FwJ9-hU,2026-07-27T19:42:16Z,191,26.5,26.5,281,2026-07-28T08:43:18Z,281
2026-07-28T02:54:44Z,☠️🔥Path of Exile Curse of the Allflame LIVE,Slaydra,https://www.youtube.com/watch?v=L0lSxusyQiM,2026-07-27T15:42:34Z,396,35.35,35.35,405,2026-07-28T08:43:18Z,405
2026-07-28T02:54:44Z,【PoE2 0.5】SSFハードコア2章クリアを目指す！【Path of Exile 2】,はう,https://www.youtube.com/watch?v=vFG7MMgrvIo,2026-07-27T11:30:14Z,610,39.59,39.59,610,2026-07-28T02:54:44Z,610
2026-07-28T08:43:18Z,Path of Exile 2 : Build Monk (พระ) หมัดระเบิด + COC (ความสนุกลำดับ 1 ในใจแมว),แมวหลวง Ch,https://www.youtube.com/watch?v=qwyWHoey-as,2026-07-27T19:31:11Z,76,5.76,8.38,158,2026-07-28T14:22:01Z,158
2026-07-28T08:43:18Z,Acte 4 : le build atteint ses limites – Path of Exile 2 LIVE #10 FR,MisterWalky,https://www.youtube.com/watch?v=MFjLdEYNKcQ,2026-07-28T08:25:23Z,41,6.83,7.0,45,2026-07-28T19:39:37Z,45
2026-07-28T08:43:18Z,Path of Exile 2 무한 떨천 플리커,유현정,https://www.youtube.com/watch?v=IwbU8RuGzrM,2026-07-28T03:21:14Z,49,8.17,8.17,59,2026-07-28T19:39:37Z,59
2026-07-28T08:43:18Z,Path of Exile 2 - Build Crafting & Community Day!,MrSoul,https://www.youtube.com/watch?v=AkrCWZOLLd4,2026-07-28T04:08:29Z,73,12.17,12.17,75,2026-07-28T19:39:37Z,75
2026-07-28T08:43:18Z,◤Path of Exile 2◢　殴って解決スタ鯖ライフ☆脳筋～ビルドぉ～見直しましたぁ♪：３９　◤もぉ１か月経ちました◢,白金すん,https://www.youtube.com/watch?v=aB79IHD04Hk,2026-07-28T06:27:04Z,90,15.0,15.0,118,2026-07-28T19:39:37Z,118
2026-07-28T08:43:18Z,Path of Exile Curse of Allflame New Luminary Class Quick Build Guide (leveling),Slaydra,https://www.youtube.com/watch?v=obpySgfhFas,2026-07-27T16:30:14Z,1131,69.74,69.74,1131,2026-07-28T08:43:18Z,1131
2026-07-28T08:43:18Z,[BEST 2026] Path Of Exile 2 Free Hack | Path Of Exile 2 Hacks & Path Of Exile 2 Cheats - 2026,DS Pancharas,https://www.youtube.com/watch?v=WUTgPO0Le1w,2026-07-28T08:05:27Z,653,108.83,358.33,2269,2026-07-29T03:13:48Z,2269
2026-07-28T08:43:18Z,Big Jewel Crafting - !build #SorcNation - Ask Any Question! - Path of Exile 2,OperatorOtter,https://www.youtube.com/watch?v=LDuxNyI5cBs,2026-07-28T03:40:16Z,659,109.83,109.83,873,2026-07-28T19:39:37Z,873
2026-07-28T08:43:18Z,"Finding Strats, Worb - !build !filter poe1 - part 2",Fubgun,https://www.youtube.com/watch?v=IRLZh93WcX4,2026-07-28T02:33:55Z,6891,1119.31,1119.31,7790,2026-07-28T19:39:37Z,7790
2026-07-28T14:22:01Z,Path of Exile 2 first Run,Dr.Oz_11,https://www.youtube.com/watch?v=SdwB7ewm_aE,2026-07-28T10:05:10Z,17,2.83,2.83,17,2026-07-28T14:22:01Z,17
2026-07-28T14:22:01Z,[Path of Exile 2] POE2 초보 석궁 레인저 진짜 공략 없이 1장 클리어 가능할까?,LootSmith,https://www.youtube.com/watch?v=aYR07Aoh6bU,2026-07-28T10:16:52Z,21,3.5,3.5,21,2026-07-28T14:22:01Z,21
2026-07-28T14:22:01Z,Path of Exile 2 Return of the Ancient Currency Printing,ShakeN_YT,https://www.youtube.com/watch?v=-LJDCn7XYxk,2026-07-27T23:35:16Z,65,4.4,4.4,65,2026-07-28T14:22:01Z,65
2026-07-28T14:22:01Z,Volcano (Path Of Exile 2 Primal Skills),Ginger Gaming Mentor,https://www.youtube.com/watch?v=6U79UMWjOHU,2026-07-28T10:00:02Z,43,7.17,9.42,148,2026-07-29T03:13:48Z,148
2026-07-28T14:22:01Z,TRY THIS TRIFUSION BUILD! | Path of Exiles 2 (Portrait),KrewBracks,https://www.youtube.com/watch?v=CbBf3xaE6kk,2026-07-27T22:24:18Z,125,7.83,7.83,125,2026-07-28T14:22:01Z,125
2026-07-28T14:22:01Z,Зарок Вечный и Делириум - Path of Exile 2: Runes of Aldur [15] (За Копейщика),WarlockTD,https://www.youtube.com/watch?v=xY_jRBfWQJE,2026-07-28T07:15:25Z,82,11.53,11.53,165,2026-07-29T03:13:48Z,165
2026-07-28T14:22:01Z,I Broke Myself Actually Playing Path of Exile 2... Ethically [PoE2 0.5],Talkative Tri,https://www.youtube.com/watch?v=E-VEL-e-mns,2026-07-28T13:00:10Z,421,70.17,350.88,4568,2026-07-29T08:48:12Z,4568
2026-07-28T14:22:01Z,I Used The Best Free Path Of Exile 2 Bot in 2026! And Its Insane! | Poe 2 AutoBot ⚡ 100% WORKING,Dziennik Kowala | ZORIABRESK,https://www.youtube.com/watch?v=yqa2b0FJU8U,2026-07-28T08:18:36Z,887,146.44,146.44,887,2026-07-29T03:13:48Z,887
2026-07-28T14:22:01Z,Luminary Day 4 Currency Strats Time HMMM (pt 2),CaptainLance9,https://www.youtube.com/watch?v=TftVjSwE5i0,2026-07-28T01:46:04Z,5065,402.01,402.01,5335,2026-07-28T19:39:37Z,5335
2026-07-28T19:39:37Z,Path of Exile 2 - Мапки на Наемнике (HC),AVE Yarrik,https://www.youtube.com/watch?v=iBgbAfc16KA,2026-07-28T16:53:52Z,74,12.33,12.33,86,2026-07-29T14:21:44Z,86
2026-07-28T19:39:37Z,Path of Exile 2 - A Noob's Review of 0.5,RabidBlue,https://www.youtube.com/watch?v=QAOWyCW2hYM,2026-07-28T18:00:28Z,128,21.33,80.02,758,2026-07-29T14:21:44Z,758
2026-07-28T19:39:37Z,Build Update #2 | Freezing Pulse Totems | Path of Exile 3.29,ImSidVicious,https://www.youtube.com/watch?v=LSxRKkx3M_k,2026-07-27T23:47:03Z,550,27.67,27.67,550,2026-07-28T19:39:37Z,550
2026-07-28T19:39:37Z,💥PATH OF EXILE 2💥 HARDCORE: КАЧАЕМ КРУШИТЕЛЯ!!! 🔥ВОИН РАЗЛОМ ЗЕМЛИ🔥,MERENKOFF,https://www.youtube.com/watch?v=OitlMhOa3SQ,2026-07-28T14:19:41Z,223,37.17,37.17,239,2026-07-29T08:48:12Z,239
2026-07-28T19:39:37Z,🎩Path of Exile 2🎩👓Кровавая ведьма с арбалетом на холоде.👓,mrBLO стримы,https://www.youtube.com/watch?v=170YLQiUGmE,2026-07-28T18:30:05Z,269,44.83,44.83,321,2026-07-29T14:21:44Z,321
2026-07-28T19:39:37Z,Path of exile Curse of Allflame Whats Inside Message in a bottles?,Slaydra,https://www.youtube.com/watch?v=N2CuCXToN9A,2026-07-28T01:58:09Z,1049,59.3,59.3,1049,2026-07-28T19:39:37Z,1049
2026-07-28T19:39:37Z,Uber Variant Completed - !build #SorcNation - Ask Any Question! - Path of Exile 2,OperatorOtter,https://www.youtube.com/watch?v=GSBlPbHTFLg,2026-07-28T18:15:57Z,637,106.17,106.17,1150,2026-07-29T14:21:44Z,1150
2026-07-28T19:39:37Z,This NEW League Is Breaking PoE Players,Exiled Again,https://www.youtube.com/watch?v=tbk51G8qgxA,2026-07-28T13:01:22Z,24644,3712.81,3712.81,51785,2026-07-29T08:48:12Z,51785
2026-07-29T03:13:48Z,Plant Druid: Almost At The Interlude (Shorts) | Path Of Exile 2,DrOctaviousJr,https://www.youtube.com/watch?v=ayHGXKCaKWc,2026-07-29T01:01:12Z,21,3.5,3.5,21,2026-07-29T03:13:48Z,21
2026-07-29T03:13:48Z,The Easiest Profit Craft in Path of Exile 2 0.5,TheMidTierGamer,https://www.youtube.com/watch?v=jGWr_yqCIA8,2026-07-29T01:13:21Z,26,4.33,4.34,69,2026-07-29T19:24:35Z,69
2026-07-29T03:13:48Z,Path of Exile 2 Return of the Ancient Currency Printing,ShakeN_YT,https://www.youtube.com/watch?v=5shB-sZp9zE,2026-07-28T16:19:00Z,62,5.68,5.68,62,2026-07-29T03:13:48Z,62
2026-07-29T03:13:48Z,AFK Simulacrum until Voices Day3 - Path of Exile 2,Wolfyowns,https://www.youtube.com/watch?v=2z4ldL09Yxs,2026-07-29T01:21:29Z,37,6.17,82.36,1175,2026-07-29T19:24:35Z,1175
2026-07-29T03:13:48Z,Path Of Exile 2:Huntress/Ritualist - Cast on Block BUILD Preview - MAPS,FragManSaul,https://www.youtube.com/watch?v=3xtoc9-Pn1A,2026-07-29T01:20:46Z,38,6.33,6.44,56,2026-07-29T14:21:44Z,56
2026-07-29T03:13:48Z,الدرليجسي | بث مباشر 54  باث اوف اكزايل 2 | path of exile 2 return of the ancients,BIG-POTATOO بيج بوتيتو,https://www.youtube.com/watch?v=EeA3fIcAjQU,2026-07-29T02:53:15Z,204,34.0,39.33,250,2026-07-29T19:24:35Z,250
2026-07-29T03:13:48Z,Path of Exile 2 and Days Gone Permadeath Today!,OnesInTheChat,https://www.youtube.com/watch?v=G0V9it8eVgk,2026-07-28T23:36:38Z,541,90.17,90.17,597,2026-07-29T19:24:35Z,597
2026-07-29T03:13:48Z,【PoE2 0.5】MY FIEST ABYSSAL LICH - Path of Exile 2 !build !moba !Discord,[CCG] Circus Circle Games,https://www.youtube.com/watch?v=SdOCrHxe-iY,2026-07-28T18:19:34Z,1800,202.16,202.16,1924,2026-07-29T14:21:44Z,1924
2026-07-29T03:13:48Z,Massive Curse of the Allflame Mystery Box Opening | Path of Exile,Robsafari,https://www.youtube.com/watch?v=YRNi5UaUofs,2026-07-28T15:00:08Z,2529,206.82,206.82,2904,2026-07-29T08:48:12Z,2904
2026-07-29T03:13:48Z,"""ГГГ УБИВАЮТ ПОЕ 1 РАДИ ПОЕ 2"" | Path of Exile 3.29 Curse of the Allflame",poe bota_лучшее,https://www.youtube.com/watch?v=k7AjCZ_nqNk,2026-07-28T13:00:35Z,8315,584.73,584.73,9764,2026-07-29T08:48:12Z,9764
2026-07-29T08:48:12Z,Path of Exile 2 first Run,Dr.Oz_11,https://www.youtube.com/watch?v=RdBHfUR4Vyo,2026-07-29T05:37:44Z,42,7.0,7.0,42,2026-07-29T08:48:12Z,42
2026-07-29T08:48:12Z,Insane Weapon Craft! Cyclone Shockwave Slayer Day 4 | Path of Exile 3.29,Ghost Activity,https://www.youtube.com/watch?v=kakMF5djo5w,2026-07-28T15:00:12Z,147,8.26,8.26,147,2026-07-29T08:48:12Z,147
2026-07-29T08:48:12Z,Path of Exile 2 sera le GOTY 2026 !,PixHell-Fusion,https://www.youtube.com/watch?v=bHEB15yiTw0,2026-07-28T15:00:29Z,321,18.04,18.04,321,2026-07-29T08:48:12Z,321
2026-07-29T08:48:12Z,[NEW] Path Of Exile 2 Free Hack 2026 / Path Of Exile 2 Hacks & Path Of Exile 2 Cheats / 2026,Ene G,https://www.youtube.com/watch?v=IA3FmsKfNIc,2026-07-29T08:34:42Z,207,34.5,321.17,1927,2026-07-30T02:46:35Z,1927
2026-07-29T08:48:12Z,NEW #1 POE 2 DIVINE Making Methods That Make 300+ Divines Per Hour | WORKS EVERY LEAGUE!,Mattjestic Life,https://www.youtube.com/watch?v=d0zJW6rzMiw,2026-07-28T14:00:30Z,4736,251.98,251.98,4736,2026-07-29T08:48:12Z,4736
2026-07-29T08:48:12Z,The ES Helmet Craft You Should Be Doing | PoE 2,Keyson,https://www.youtube.com/watch?v=HQIfKiKzpaY,2026-07-28T20:00:14Z,4105,320.72,320.72,5062,2026-07-29T14:21:44Z,5062
2026-07-29T08:48:12Z,[PoE 3.29] EARLY Strategy to Farm ~1 Divine per 2 Maps - Atlas Tree Farming Guide - Path of Exile,ronarray,https://www.youtube.com/watch?v=DtJ3BiIRQJ4,2026-07-28T22:52:33Z,8392,845.32,849.64,13158,2026-07-29T14:21:44Z,13158
2026-07-29T14:21:44Z,Path of Exile 2 - Return Of The Ancients 0.5 : Martial artist Infinity power charge build,IamPonzhu,https://www.youtube.com/watch?v=MwYwSt73Hbk,2026-07-29T04:35:43Z,70,7.17,7.17,76,2026-07-29T19:24:35Z,76
2026-07-29T14:21:44Z,PATH OF EXILE 2 ➤ ПЕРВОЕ ПРОХОЖДЕНИЕ | 0.5 стрим 26,CyberBros,https://www.youtube.com/watch?v=oVEwAhxTEpo,2026-07-29T12:55:53Z,46,7.67,8.95,58,2026-07-29T19:24:35Z,58
2026-07-29T14:21:44Z,Plant Druid: Interlude Time (Shorts) | Path Of Exile 2,DrOctaviousJr,https://www.youtube.com/watch?v=OMxYif1kju0,2026-07-29T11:40:12Z,67,11.17,22.33,134,2026-07-30T02:46:35Z,134
2026-07-29T14:21:44Z,👉 El mejor Guerrero de Path of Exile 2 haciendo de las suyas,DonPipeloTV,https://www.youtube.com/watch?v=6Xoab2cENgc,2026-07-29T13:33:23Z,99,16.5,17.33,115,2026-07-30T02:46:35Z,115
2026-07-29T14:21:44Z,I Made Werewolf Work on Spirit Walker... And It's Crazy | PoE 2 0.5,Jazzarus,https://www.youtube.com/watch?v=-Yi07MUTHNE,2026-07-29T00:45:37Z,406,29.85,31.37,585,2026-07-29T19:24:35Z,585
2026-07-29T14:21:44Z,Wie bekommt man einen Dängel blau?,Ra_daengel,https://www.youtube.com/watch?v=P4MdLWtOQuY,2026-07-29T10:25:27Z,523,87.17,87.17,628,2026-07-30T02:46:35Z,628
2026-07-29T14:21:44Z,Path of Exile KF Totems League Launch Day 5,Raxxanterax,https://www.youtube.com/watch?v=UkhxonhXIvE,2026-07-28T22:52:34Z,4565,294.78,294.78,4565,2026-07-29T14:21:44Z,4565
2026-07-29T19:24:35Z,Infernalist Warping Menace vs 200% Deli | Update 0.5 - Path of Exile 2,Sibilyan,https://www.youtube.com/watch?v=-GuFY8uUNRQ,2026-07-29T04:00:20Z,58,3.77,3.77,58,2026-07-29T19:24:35Z,58
2026-07-29T19:24:35Z,{2D VTUBER} ACT 4 OF PATH OF EXILE 2,Gryphonknight,https://www.youtube.com/watch?v=O4Oev0kecWg,2026-07-29T11:34:07Z,32,4.08,4.08,32,2026-07-29T19:24:35Z,32
2026-07-29T19:24:35Z,Path of Exile 2 | Headhunter Gamble | 1000 Belts + 1000 Orb of Chance + 1000 Omen of the Ancients,DrillerGG,https://www.youtube.com/watch?v=bXV7IHHvLWU,2026-07-29T16:22:38Z,44,7.33,7.4,77,2026-07-30T02:46:35Z,77
2026-07-29T19:24:35Z,100x RAVEN TRİCKSTER YAPTIM! - Path of Exile 2 Türkçe Rehber (PoE2),Swordorin2,https://www.youtube.com/watch?v=KA8NN0FHSZY,2026-07-29T12:31:00Z,185,26.84,26.84,292,2026-07-30T02:46:35Z,292
2026-07-29T19:24:35Z,How to make 230 Divines in Trials of Chaos Path Of Exile 2 [PoE2 0.5],Masterer Mitch,https://www.youtube.com/watch?v=Tg2DV1ioZBc,2026-07-29T05:56:38Z,1012,75.15,75.15,1012,2026-07-29T19:24:35Z,1012
2026-07-29T19:24:35Z,🔴[LIVE] 💀First Time Ever Playing PATH OF EXILE 2 | Sorceress MAPS! | Playthrough [Day 28],RelativityRabbit,https://www.youtube.com/watch?v=Gn4hWsj2goU,2026-07-29T16:59:21Z,930,155.0,155.0,1083,2026-07-30T08:35:50Z,1083
2026-07-29T19:24:35Z,【PoE2 0.5】MY FIEST ABYSSAL LICH - Path of Exile 2 !build !moba !Discord,[CCG] Circus Circle Games,https://www.youtube.com/watch?v=s68oOpvk04Y,2026-07-29T16:49:24Z,1035,172.5,172.5,1312,2026-07-30T08:35:50Z,1312
2026-07-29T19:24:35Z,Path of Exile 2 Cheat 2026: Best Free Cheat Menu & Hacks (PoE 2),Reza Zulfikar,https://www.youtube.com/watch?v=9IKKAQDfgcI,2026-07-29T16:25:04Z,1204,200.67,200.67,1252,2026-07-30T08:35:50Z,1252
2026-07-29T19:24:35Z,Path of Exile 2 - Is Tower Hopping a Money Maker?,OnesInTheChat,https://www.youtube.com/watch?v=1xTg9bysa78,2026-07-29T14:30:17Z,1238,206.33,206.33,2531,2026-07-30T02:46:35Z,2531
2026-07-30T02:46:35Z,Path of Exile 2  League 5 boss fight 41 #shorts,MarioGaming,https://www.youtube.com/watch?v=k4EM234_kJY,2026-07-29T19:00:27Z,40,5.15,5.15,40,2026-07-30T02:46:35Z,40
2026-07-30T02:46:35Z,Ce combat de boss est une blague sur Poe 2 #poe2 #gaming #fail,Bradley236-gaming,https://www.youtube.com/watch?v=jTJZuQwR4hk,2026-07-29T18:05:45Z,137,15.78,15.78,175,2026-07-30T08:35:50Z,175
2026-07-30T02:46:35Z,Miałyśmy tylko jeden cel | Path of Exiles 2,Leucanthe StaraGra,https://www.youtube.com/watch?v=NwqRZX2Ww44,2026-07-29T13:00:29Z,338,24.55,24.55,338,2026-07-30T02:46:35Z,338
2026-07-30T02:46:35Z,New Build - Good Takes & Poe 2,KingKongor,https://www.youtube.com/watch?v=-0J3y3302no,2026-07-29T15:43:44Z,343,31.05,31.05,375,2026-07-30T08:35:50Z,375
2026-07-30T02:46:35Z,โค้ดคีย์เกม POE2 หลุด 9 คีย์ แชทบอกหวานเจี๊ยบบบ #poe2  #pathofexile2  #giveaway,MyKissMe,https://www.youtube.com/watch?v=sDgRu6oDF2c,2026-07-30T02:00:29Z,346,57.67,245.4,1617,2026-07-30T08:35:50Z,1617
2026-07-30T02:46:35Z,PoE 2 . Секретный рецепт Loreweave? Эксперимент с 840 кольцами  | Path of Exile 2 | guide | build,VoronOFF,https://www.youtube.com/watch?v=wmt2JC_JUJk,2026-07-29T15:46:46Z,1210,110.03,113.69,1912,2026-07-30T08:35:50Z,1912
2026-07-30T02:46:35Z,PoE 2: The Ultimate Delirium Juice Guide #PathOfExile2 # PoE2 #Delirium,Ray Calloway,https://www.youtube.com/watch?v=egTZp_3ZGpg,2026-07-29T20:03:46Z,769,114.54,114.54,802,2026-07-30T08:35:50Z,802
2026-07-30T02:46:35Z,Luminary is OP and its getting BUFFED?,Ben,https://www.youtube.com/watch?v=hfe-nkBt1u4,2026-07-29T08:28:59Z,6736,368.22,368.22,6736,2026-07-30T02:46:35Z,6736
2026-07-30T02:46:35Z,Самые дорогие династические камни и уникальные руны лиги 0.5 в Path of Exile 2,Qordes,https://www.youtube.com/watch?v=mT-lLB5MDRI,2026-07-29T15:21:55Z,7054,618.17,618.17,8603,2026-07-30T08:35:50Z,8603
2026-07-30T02:46:35Z,Sushi Gets Trolled by Landmines in PoE,Exiled Again,https://www.youtube.com/watch?v=KngASTepXWg,2026-07-29T15:31:40Z,42214,3752.81,3752.81,52311,2026-07-30T08:35:50Z,52311
2026-07-30T08:35:50Z,Path of exile 2 !!! HardcoreThe Witch and her crew are Back..Island Hopping Part 11,Reasonable Gamer,https://www.youtube.com/watch?v=0-VKKDEhubQ,2026-07-30T05:26:32Z,71,11.83,11.83,78,2026-07-30T14:15:14Z,78
2026-07-30T08:35:50Z,Path of Exile 2 first Run,Dr.Oz_11,https://www.youtube.com/watch?v=jeFvVONhko4,2026-07-30T02:51:26Z,84,14.0,14.0,86,2026-07-30T14:15:14Z,86
2026-07-30T08:35:50Z,◤Path of Exile 2◢　殴って解決スタ鯖脳筋ライフ☆ドリヤニクエ終わらせてぇデリリウム進めますかぁ：４０　◤初見知識０スタート◢,白金すん,https://www.youtube.com/watch?v=s-or86PYHJ4,2026-07-30T05:27:20Z,97,16.17,16.17,113,2026-07-30T19:40:45Z,113
2026-07-30T08:35:50Z,⚡ Path of Exile 2  LIVE | IN SEARA ASTA TRAIESC,iMisu,https://www.youtube.com/watch?v=00uYJuSX5iM,2026-07-29T23:16:00Z,151,16.18,16.18,153,2026-07-30T14:15:14Z,153
2026-07-30T08:35:50Z,🎩Path of Exile 2🎩👓Кровавая ведьма с арбалетом на холоде.👓,mrBLO стримы,https://www.youtube.com/watch?v=m-sZ2q3kCMo,2026-07-30T00:28:55Z,442,54.46,54.46,445,2026-07-30T14:15:14Z,445
2026-07-30T08:35:50Z,【PoE2｜HCSSF】Lv78｜T4～：はじめてのふりっかあすとらいく｜マーシャルアーティスト｜Path of Exile 2 Runes of Aldur,GPDちゃんねる,https://www.youtube.com/watch?v=T5g7dSvNVrw,2026-07-29T15:25:49Z,991,57.73,57.73,991,2026-07-30T08:35:50Z,991
2026-07-30T08:35:50Z,"🔴 PoE 2 Live | Crafting, Speedruns, Build Help & Chill Q&A",Keyson,https://www.youtube.com/watch?v=QY6A0QEUAGg,2026-07-30T06:09:16Z,467,77.83,77.83,510,2026-07-30T19:40:45Z,510
2026-07-30T08:35:50Z,☠️🔥Diablo IV LIVE + Path of Exile 2 HC Collab Then ??? !builds,Slaydra,https://www.youtube.com/watch?v=pEC2YRb3nOI,2026-07-30T04:28:01Z,798,133.0,133.0,846,2026-07-30T19:40:45Z,846
2026-07-30T08:35:50Z,The Best ED Contagion Build EVER - EDC Flameblast Gemling Build Guide,DEADRABB1T,https://www.youtube.com/watch?v=rHl15NrWVIU,2026-07-29T18:18:23Z,19730,1380.59,1380.59,19730,2026-07-30T08:35:50Z,19730
2026-07-30T08:35:50Z,Path of Exile 2: Shaders and Device Removed Issues Fixed,Path of Exile,https://www.youtube.com/watch?v=XDEJLOHcdWw,2026-07-30T05:54:46Z,41293,6882.17,15383.9,183482,2026-07-30T19:40:45Z,183482
2026-07-30T14:15:14Z,Path of Exile 2 Return of the Ancient Currency Printing,ShakeN_YT,https://www.youtube.com/watch?v=tQ7ZZfCh8FE,2026-07-30T01:02:09Z,73,5.52,5.52,73,2026-07-30T14:15:14Z,73
2026-07-30T14:15:14Z,Frost Darts (Path Of Exile 2 Elemental Skills),Ginger Gaming Mentor,https://www.youtube.com/watch?v=4Bnp7lv5LkM,2026-07-30T10:00:23Z,71,11.83,13.54,131,2026-07-30T19:40:45Z,131
2026-07-30T14:15:14Z,"Атзири, Красная царица - Path of Exile 2: Runes of Aldur [17] (За Копейщика)",WarlockTD,https://www.youtube.com/watch?v=toRwcnCd9XU,2026-07-30T07:15:20Z,94,13.43,13.43,145,2026-07-30T19:40:45Z,145
2026-07-30T14:15:14Z,+4 SPELL SKİLLS ABSENT SPİRİT AMULET CRAFT REHBERİ - Path of Exile 2 Türkçe Rehber (PoE2),Swordorin2,https://www.youtube.com/watch?v=sIftq6IoyzY,2026-07-30T06:10:08Z,111,13.73,13.73,182,2026-07-30T19:40:45Z,182
2026-07-30T14:15:14Z,노빠구 보스전!!!![타이탄]  #poe2 #패스오브엑자일2 #타이탄 #poe2builds  #pathofexile2,After G,https://www.youtube.com/watch?v=XTIyiictLAQ,2026-07-30T11:21:17Z,146,24.33,24.33,357,2026-07-31T03:29:26Z,357
2026-07-30T14:15:14Z,ПРОХОЖУ ВПЕРВЫЕ ★ ВОЛШЕБНИЦА БАХАЕТ ПЕРВЫЙ АКТ ★ PATH OF EXILE 2,Mechanize,https://www.youtube.com/watch?v=0hKHqXomvmo,2026-07-30T03:26:14Z,341,31.53,66.61,481,2026-07-31T14:20:36Z,481
2026-07-30T14:15:14Z,LEVEL 1 TO MAPS IN 5:12 MARTIAL ARTIST GLACIAL CASCADE/STORM WAVE | Path Of Exile 2,Phalanx,https://www.youtube.com/watch?v=O4rWFkHAa98,2026-07-29T21:00:01Z,560,32.46,32.46,560,2026-07-30T14:15:14Z,560
2026-07-30T14:15:14Z,[POE2] 올플레임의 저주 '미스터리 박스' 리뷰!!! [패스오브엑자일2],REPEX | 리펙스,https://www.youtube.com/watch?v=LcRtxda_VbM,2026-07-30T07:45:39Z,898,138.3,138.3,898,2026-07-30T14:15:14Z,898
2026-07-30T14:15:14Z,Finally! NVIDIA & GGG Fix PoE 2 Crashes #shorts,Scorpius,https://www.youtube.com/watch?v=vulheGBEtWE,2026-07-30T10:28:44Z,969,161.5,299.44,2755,2026-07-30T19:40:45Z,2755
2026-07-30T14:15:14Z,POTĘŻNE INFO o Path of Exile 2! Problem z SHADEREM NAPRAWIONY!!!!!!!!,Prozu,https://www.youtube.com/watch?v=xYu2f7KPG1s,2026-07-30T11:02:52Z,1757,292.83,499.68,5557,2026-07-31T03:29:26Z,5557
2026-07-30T14:15:14Z,POE2’s Performance Just Got a Massive FIX,Scorpius,https://www.youtube.com/watch?v=q1-pkAYDc9A,2026-07-30T08:28:38Z,2296,382.67,382.67,2296,2026-07-30T14:15:14Z,2296
2026-07-30T14:15:14Z,Crafting My Magic Find Righteous Fire Helmet with Allflame - Path of Exile 1,Spicysushi PoE,https://www.youtube.com/watch?v=KtDT7HPZqYs,2026-07-30T11:16:33Z,5193,865.5,1429.76,18631,2026-07-31T03:29:26Z,18631
2026-07-30T19:40:45Z,PoE 2 Act 4 permanent campaign rewards,POE2guides,https://www.youtube.com/watch?v=a0vpg6MYscs,2026-07-30T08:39:10Z,128,11.61,11.61,128,2026-07-30T19:40:45Z,128
2026-07-30T19:40:45Z,#30【Path of Exile 2: 'Return of the Ancients'】初見マーセナリーを教えてください。【おぶちゃんねる】#パスオブエグザイル2 #ゲーム実況,おぶちゃんねる,https://www.youtube.com/watch?v=qI9Vyl11msE,2026-07-30T14:59:20Z,76,12.67,12.67,76,2026-07-30T19:40:45Z,76
2026-07-30T19:40:45Z,"🔴 เล่นยาว 50 วัน  | Path of Exile 2 | วันที่ 16 คุณรู้จัก ""โพไซดอน"" มั้ย",2055 Capital,https://www.youtube.com/watch?v=pgU8E-sCaLU,2026-07-30T07:52:25Z,154,13.04,13.04,154,2026-07-30T19:40:45Z,154
2026-07-30T19:40:45Z,Path of Exile 2 | أخيرًا حل أكبر مشكلتين في الأداء!,Hajoos,https://www.youtube.com/watch?v=BddGLiUFtzw,2026-07-30T13:00:28Z,168,25.18,30.73,445,2026-07-31T03:29:26Z,445
2026-07-30T19:40:45Z,LANÇAMENTO OFICIAL DE PATH OF EXILE 2 - O QUE VAI VIR? DATAS E RUMORES,3p Venom,https://www.youtube.com/watch?v=UDk89-N_mS4,2026-07-30T15:30:38Z,337,56.17,104.51,1381,2026-07-31T08:56:53Z,1381
2026-07-30T19:40:45Z,Can You Beat PoE 2 with One Shots Only?,Lolcohol,https://www.youtube.com/watch?v=XaIfPvhyBaU,2026-07-30T16:00:06Z,713,118.83,966.62,16381,2026-07-31T08:56:53Z,16381
2026-07-30T19:40:45Z,COACH @XTheFarmerX_POE2  PUT ME IN THE TEST!  | PoE Allflame League,CaptainLance9,https://www.youtube.com/watch?v=plVOcTehX6w,2026-07-30T16:20:04Z,760,126.67,253.82,4217,2026-07-31T08:56:53Z,4217
2026-07-30T19:40:45Z,Which Diablo-Like Should You Play in 2026?,Rhykker,https://www.youtube.com/watch?v=zpE-45D7W-s,2026-07-30T18:29:03Z,2518,419.67,1702.78,20462,2026-07-31T08:56:53Z,20462
2026-07-30T19:40:45Z,"Path of Exile 2 Still Worth It. You In? (News, Reacts, Chat)",Talkative Tri,https://www.youtube.com/watch?v=J9uy0pcQqjk,2026-07-30T16:44:43Z,2609,434.83,434.83,2937,2026-07-31T08:56:53Z,2937
2026-07-31T03:29:26Z,Path of Exile 2 - Patch 0.5 Was Good For Blasters & Casuals... Right?,1 More Tri,https://www.youtube.com/watch?v=ZZSEASUwr5M,2026-07-30T15:30:05Z,365,30.44,31.47,549,2026-07-31T08:56:53Z,549
2026-07-31T03:29:26Z,💥PATH OF EXILE 2💥 HARDCORE: ПРИВОДИМСЯ В ПОРЯДОК 🔥ВОИН РАЗЛОМ ЗЕМЛИ🔥,MERENKOFF,https://www.youtube.com/watch?v=mslynHcksxk,2026-07-30T21:23:21Z,214,35.07,35.07,219,2026-07-31T14:20:36Z,219
2026-07-31T03:29:26Z,The biggest problem plaguing PoE 2 right now,MisoxShiru,https://www.youtube.com/watch?v=qJguGyAs-4w,2026-07-31T03:05:13Z,222,37.0,434.17,5595,2026-07-31T19:41:43Z,5595
2026-07-31T03:29:26Z,[Path of Exile 2] Fix ai freeze e un segreto in bella vista,ReVoGaming,https://www.youtube.com/watch?v=IDs20zqnt_8,2026-07-30T16:25:14Z,478,43.18,43.18,538,2026-07-31T08:56:53Z,538
2026-07-31T03:29:26Z,Path of Exile 2 is Just a Casino w/@Redvilespoe – The Path 2 Exile Podcast Ep. 54,MisoxShiru,https://www.youtube.com/watch?v=S0yIMjlPobc,2026-07-31T01:32:06Z,732,122.0,325.09,4757,2026-07-31T19:41:43Z,4757
2026-07-31T03:29:26Z,Path of Exile 2 - Burning Currency Today?,OnesInTheChat,https://www.youtube.com/watch?v=O_rVfgkZQfI,2026-07-30T23:10:46Z,771,128.5,128.5,884,2026-07-31T14:20:36Z,884
2026-07-31T03:29:26Z,"[PoE] Str Stack Jugg Became a Monster - Cheap Sublime Setup, How to Craft Items and More",Carnarius,https://www.youtube.com/watch?v=Fu2_M5cFUW4,2026-07-30T21:53:23Z,1830,305.0,305.0,1830,2026-07-31T03:29:26Z,1830
2026-07-31T03:29:26Z,Path of Exile KF Totems League Launch Day 6,Raxxanterax,https://www.youtube.com/watch?v=utYXkQr-3kU,2026-07-30T18:26:59Z,4117,455.38,455.38,4167,2026-07-31T08:56:53Z,4167
2026-07-31T03:29:26Z,"""There is no loot..."" | The PoE Report Podcast #12 | Path of Exile: Curse of the Allflame",Dreamcore,https://www.youtube.com/watch?v=4siHzZUqF_Q,2026-07-30T13:22:22Z,18142,1285.04,1285.04,18142,2026-07-31T03:29:26Z,18142
2026-07-31T03:29:26Z,PoEGuy Hits The Jackpot With 3 Mirrors In 1 Day,Exiled Again,https://www.youtube.com/watch?v=2vkt43Yq65M,2026-07-30T14:01:16Z,58707,4358.52,4358.52,58707,2026-07-31T03:29:26Z,58707
2026-07-31T08:56:53Z,⚡ Path of Exile 2  LIVE | O NOUA ZI SI UN NOU MINI PROIECT,iMisu,https://www.youtube.com/watch?v=YG_G30i0OzY,2026-07-30T21:49:24Z,115,10.34,10.34,115,2026-07-31T14:20:36Z,115
2026-07-31T08:56:53Z,INFINITE CRITICAL HITS(?) PATH OF EXILE 2 RETURN OF THE ANCIENTS,Lids Vids,https://www.youtube.com/watch?v=nGHxCCHXzdU,2026-07-31T04:07:46Z,134,22.33,22.33,145,2026-07-31T19:41:43Z,145
2026-07-31T08:56:53Z,[BEST 2026] Path Of Exile 2 Free Hack | Path Of Exile 2 Hacks & Path Of Exile 2 Cheats - 2026,Ene G,https://www.youtube.com/watch?v=1TTmZMtKSTE,2026-07-31T06:50:32Z,138,23.0,23.0,138,2026-07-31T19:41:43Z,138
2026-07-31T08:56:53Z,PoE 2 Endgame Is Becoming More Work Than Fun,Jazzarus,https://www.youtube.com/watch?v=uAsCsF5ZBiU,2026-07-31T01:30:36Z,642,86.31,86.31,1098,2026-07-31T19:41:43Z,1098
2026-07-31T08:56:53Z,Path of Exile 2 -  Abyss Farming with Iceshot for NEW GEAR  🥶 🏹  (PC),CRiZZO,https://www.youtube.com/watch?v=1HgONoaPFks,2026-07-31T05:31:38Z,535,89.17,89.17,579,2026-07-31T19:41:43Z,579
2026-07-31T08:56:53Z,This is THE BEST Unique Item in PoE 2,MisoxShiru,https://www.youtube.com/watch?v=kGFvjuywMoQ,2026-07-31T07:06:28Z,1015,169.17,732.77,9224,2026-07-31T19:41:43Z,9224
2026-07-31T08:56:53Z,PoE2 Made Me Quit PoE1... Here's Why,Talkative Tri,https://www.youtube.com/watch?v=dyhaBftIPMM,2026-07-30T23:31:38Z,6186,656.61,656.61,7979,2026-07-31T14:20:36Z,7979
2026-07-31T14:20:36Z,PoE 2: GGG's Latest Video Proves Why They Are the Best,TheBugWarrior,https://www.youtube.com/watch?v=2TASFq-Fhog,2026-07-30T22:45:02Z,99,6.35,6.35,99,2026-07-31T14:20:36Z,99
2026-07-31T14:20:36Z,🔴LIVE - | Path of Exile 2 | Sorceress Build! Looking At A different Farming Guide!,SuperNoob,https://www.youtube.com/watch?v=Rjn13NxVlec,2026-07-31T05:23:37Z,110,12.29,12.29,110,2026-07-31T19:41:43Z,110
2026-07-31T14:20:36Z,Сокровища Атзири и хирургия Ваал - Path of Exile 2: Runes of Aldur [18] (За Копейщика),WarlockTD,https://www.youtube.com/watch?v=-8ah4ICRes0,2026-07-31T07:15:20Z,92,12.98,12.98,126,2026-07-31T19:41:43Z,126
2026-07-31T14:20:36Z,🎩Path of Exile 2🎩👓Кровавая ведьма с арбалетом на холоде.👓,mrBLO стримы,https://www.youtube.com/watch?v=uK-CpWq2qUE,2026-07-30T22:44:45Z,411,26.35,26.35,411,2026-07-31T14:20:36Z,411
2026-07-31T14:20:36Z,[BEST 2026] Path Of Exile 2 Free Hack | Path Of Exile 2 Hacks & Path Of Exile 2 Cheats - 2026,ZONA_MUSIC15,https://www.youtube.com/watch?v=Bnv8iEPY--Q,2026-07-31T13:39:57Z,224,37.33,37.33,224,2026-08-01T03:28:23Z,224
2026-07-31T14:20:36Z,POE 2 Arregla un BUG y Pasa ESTO...,DonPipeloTV,https://www.youtube.com/watch?v=ABxmkRUe91s,2026-07-31T00:21:21Z,1605,114.74,114.74,1605,2026-07-31T14:20:36Z,1605
2026-07-31T14:20:36Z,Twórcy Path of Exile 2 NAPRAWILI Wydajność PoE2! Koniec Ścinek i Spadków FPS?,Darthian,https://www.youtube.com/watch?v=lXe19w5VCXg,2026-07-31T07:59:34Z,823,129.59,129.59,1266,2026-07-31T19:41:43Z,1266
2026-07-31T14:20:36Z,Path of Exile KF Totems Endgame,Raxxanterax,https://www.youtube.com/watch?v=FBeVxUHLKgU,2026-07-30T23:46:41Z,4257,292.27,292.27,4257,2026-07-31T14:20:36Z,4257
2026-07-31T19:41:43Z,Path of Exile 2 Return of the Ancient Currency Printing,ShakeN_YT,https://www.youtube.com/watch?v=UqzeyiyNc-4,2026-07-31T10:03:12Z,41,4.25,4.25,41,2026-07-31T19:41:43Z,41
2026-07-31T19:41:43Z,Path of Exile 2 Crafting 101!,JuxtAPoser,https://www.youtube.com/watch?v=r_3hbtjdg0Y,2026-07-31T15:26:27Z,29,4.83,4.83,60,2026-08-01T08:27:48Z,60
2026-07-31T19:41:43Z,+4 SPELL SKİLLS CoC ABSENT AMULET CRAFT REHBERİ - Path of Exile 2 Türkçe Rehber (PoE2),Swordorin2,https://www.youtube.com/watch?v=Qsn55FGAg3k,2026-07-31T05:23:55Z,159,11.12,11.12,159,2026-07-31T19:41:43Z,159
2026-07-31T19:41:43Z,🔴 เล่นยาว 50 วัน  | Path of Exile 2 | วันที่ 17 ตะลอนทัวร์กับมังกรหนังเหี่ยว,2055 Capital,https://www.youtube.com/watch?v=l-BkwomsV50,2026-07-31T11:14:47Z,168,19.88,19.88,168,2026-08-01T03:28:23Z,168
2026-07-31T19:41:43Z,КАК ЭТО ПОБЕЖДАТЬ? ★ ПРОХОЖУ ВПЕРВЫЕ ★ PATH OF EXILE 2,Mechanize,https://www.youtube.com/watch?v=TKqDEGNEzXg,2026-07-31T09:17:08Z,309,29.68,58.0,374,2026-08-01T13:39:02Z,374
2026-07-31T19:41:43Z,🔴[LIVE] 💀First Time Ever Playing PATH OF EXILE 2 | Sorceress MAPS! | Playthrough [Day 29],RelativityRabbit,https://www.youtube.com/watch?v=oFOD8K8gFoI,2026-07-31T15:07:08Z,1014,169.0,169.0,1059,2026-08-01T08:27:48Z,1059
2026-07-31T19:41:43Z,Bu Sefer Ekip Gerçekten Tebriği Hak Ediyor! | Path of Exile 2,Flower,https://www.youtube.com/watch?v=26eEL50fLyk,2026-07-31T07:00:27Z,2514,198.14,198.14,2514,2026-07-31T19:41:43Z,2514
2026-07-31T19:41:43Z,Path of Exile 2 - I Spent 5000 Divines on Nothing,OnesInTheChat,https://www.youtube.com/watch?v=QBA_TU_KjMs,2026-07-31T14:30:24Z,1840,306.67,306.67,4110,2026-08-01T08:27:48Z,4110
2026-07-31T19:41:43Z,"The New Patch Was a Complete Miss, Going Over 3.29.1 - Path of Exile 1",Fubgun,https://www.youtube.com/watch?v=yt59LOpc4wY,2026-07-31T13:07:46Z,18134,2761.76,2761.76,28528,2026-08-01T03:28:23Z,28528
2026-08-01T03:28:23Z,Вроде нащупал фарм Path of Exile 2!,Liestup,https://www.youtube.com/watch?v=X2vD60hMxig,2026-07-31T16:18:32Z,45,4.03,4.03,45,2026-08-01T03:28:23Z,45
2026-08-01T03:28:23Z,Бюджетный крафт Колчана в Path of Exile 2 : Минимум затрат -  максимум урона,Tigerplays,https://www.youtube.com/watch?v=81oYnlAp7k0,2026-07-31T16:23:47Z,51,4.6,4.6,58,2026-08-01T08:27:48Z,58
2026-08-01T03:28:23Z,Path of Exile 2 - Bloody Amazon🩸BRINGER OF RAIN IS PHENOMENAL | ROTA 0.5 Huntress Build Guide,DeathKing,https://www.youtube.com/watch?v=LHCnlQFSzcQ,2026-07-31T17:25:07Z,73,7.26,7.26,84,2026-08-01T08:27:48Z,84
2026-08-01T03:28:23Z,Plant Druid: Interlude P2 Continued (Shorts) | Path Of Exile 2,DrOctaviousJr,https://www.youtube.com/watch?v=kaa1cfFruCo,2026-08-01T02:16:56Z,106,17.67,17.67,112,2026-08-01T13:39:02Z,112
2026-08-01T03:28:23Z,💥PATH OF EXILE 2💥 HARDCORE: ОПЯТЬ ИЩЕМ ПРОТЕЗЫ В ХРАМЕ!! 🔥ВОИН РАЗЛОМ ЗЕМЛИ🔥,MERENKOFF,https://www.youtube.com/watch?v=2jNY0xvqeAg,2026-07-31T22:13:19Z,109,18.17,18.17,115,2026-08-01T13:39:02Z,115
2026-08-01T03:28:23Z,"NEDEN QUARTERSTAFF, CROSSBOW VS. CRAFTTAN KAÇINMALISIN? - Path of Exile 2 Türkçe Rehber (PoE2)",Swordorin2,https://www.youtube.com/watch?v=G90byKKnq8k,2026-07-31T13:09:52Z,304,21.25,21.25,304,2026-08-01T03:28:23Z,304
2026-08-01T03:28:23Z,[07.24.2026] Path of Exile 2,Avoiding The VODs,https://www.youtube.com/watch?v=TEcuep6142Q,2026-07-31T13:12:32Z,438,30.71,30.71,438,2026-08-01T03:28:23Z,438
2026-08-01T03:28:23Z,How to Reroll Expedition Rumors in Path of Exile 2 #PathOfExile2 #PoE2 #Expedition,Ray Calloway,https://www.youtube.com/watch?v=0E-yHzafUqs,2026-07-31T20:03:43Z,473,63.82,63.82,596,2026-08-01T08:27:48Z,596
2026-08-01T03:28:23Z,Path of Exile 2 and Days Gone Today!,OnesInTheChat,https://www.youtube.com/watch?v=78FbB1rLxus,2026-07-31T22:31:03Z,503,83.83,83.83,536,2026-08-01T13:39:02Z,536
2026-08-01T03:28:23Z,The WORST PART about Crafting in PoE 2,MisoxShiru,https://www.youtube.com/watch?v=fDKfMT39h0I,2026-08-01T01:53:04Z,627,104.5,315.24,3662,2026-08-01T13:39:02Z,3662
2026-08-01T03:28:23Z,Is There Too Much Path of Exile Right Now? Podcast ft. @Lolcohol,Blazeworks TV,https://www.youtube.com/watch?v=8-yx4LkrZFo,2026-07-31T15:00:11Z,1906,152.85,152.85,2256,2026-08-01T08:27:48Z,2256
2026-08-01T03:28:23Z,Endgame Atlas Tips and Tricks to make BANK [Path of Exile 2],Phylaris POE,https://www.youtube.com/watch?v=PG90HeJtJ28,2026-07-31T21:28:09Z,1121,186.71,278.65,4509,2026-08-01T13:39:02Z,4509
2026-08-01T03:28:23Z,Who is The King in the Mists? | Path Of Exile 2 Lore,Lore Of Exile,https://www.youtube.com/watch?v=YzJV5CcG038,2026-07-31T23:40:11Z,1560,260.0,358.2,4999,2026-08-01T13:39:02Z,4999
2026-08-01T08:27:48Z,"Path of Exile 2 Beta, .5 Hysseg's Claw Build",Fictional Flint,https://www.youtube.com/watch?v=_7H1wxdKxZY,2026-08-01T03:30:13Z,17,2.83,4.18,66,2026-08-01T19:16:35Z,66
2026-08-01T08:27:48Z,Path of Exile 2 Beta_20260801013515,Myungha Lee,https://www.youtube.com/watch?v=ZVZTgwopL0s,2026-07-31T16:45:35Z,51,3.25,3.25,51,2026-08-01T08:27:48Z,51
2026-08-01T08:27:48Z,Path of Exile 2 Return of the Ancient Currency Printing,ShakeN_YT,https://www.youtube.com/watch?v=BhfHps6Xtj8,2026-08-01T00:11:56Z,50,6.05,6.05,50,2026-08-01T13:39:02Z,50
2026-08-01T08:27:48Z,Path of exile 2 !!! HardcoreThe Witch and her crew are Back..Killing the Chief Part 12,Reasonable Gamer,https://www.youtube.com/watch?v=dd91LSbjxTo,2026-08-01T05:49:33Z,47,7.83,7.83,47,2026-08-01T08:27:48Z,47
2026-08-01T08:27:48Z,Lets Get After it Path of Exile 2 Endgame stream,MightyMouthDFT,https://www.youtube.com/watch?v=SJ8_v2g3VVg,2026-08-01T00:28:16Z,83,10.38,10.38,85,2026-08-01T13:39:02Z,85
2026-08-01T08:27:48Z,左下的無光深淵 新軍團珠寶如何獲得？　POE1 Path of Exile 亡焰咒海,惡魔貓和幾吉和點點DevilCatwith2cats,https://www.youtube.com/watch?v=ij4AERZMx9g,2026-08-01T07:03:56Z,1280,213.33,1166.65,14246,2026-08-01T19:16:35Z,14246
2026-08-01T13:39:02Z,Path of Exile 2 Gemling Mirage Archer Werewolf Snipe,POE-UberPetes,https://www.youtube.com/watch?v=9s-D8ic5h2M,2026-08-01T07:37:56Z,5,0.83,0.83,8,2026-08-01T19:16:35Z,8
2026-08-01T13:39:02Z,Path Of Exile 2 - First meeting with the Chaos Test Master |4k60fps| (PlayStation 5),Vault Of Console Games,https://www.youtube.com/watch?v=ywvgf1RQKyQ,2026-08-01T09:00:18Z,6,1.0,1.0,8,2026-08-01T19:16:35Z,8
2026-08-01T13:39:02Z,"The Real Reasons Why ""The Vision"" FAILED || A Path of Exile 2 Video.",Exil3dVision,https://www.youtube.com/watch?v=eLzRMlj9QA8,2026-08-01T07:36:56Z,12,1.99,1.99,17,2026-08-01T19:16:35Z,17
2026-08-01T13:39:02Z,[ Path Of Exile 2 ] Endgame,Voenderg,https://www.youtube.com/watch?v=aje7D0cYOtI,2026-08-01T01:27:27Z,30,2.46,2.46,30,2026-08-01T13:39:02Z,30
2026-08-01T13:39:02Z,🔴LIVE - | Path of Exile 2 | Sorceress Build! Have You Seen My Mirror?,SuperNoob,https://www.youtube.com/watch?v=Xlk1dX5sN8k,2026-08-01T03:45:37Z,80,8.09,8.09,82,2026-08-01T19:16:35Z,82
2026-08-01T13:39:02Z,Path of Exile 2 first Run,Dr.Oz_11,https://www.youtube.com/watch?v=6VOdUyFVsH8,2026-08-01T03:31:34Z,110,10.86,18.83,115,2026-08-02T03:27:54Z,115
2026-08-01T13:39:02Z,Ультиматум - Path of Exile 2: Runes of Aldur • 19 (За Копейщика),WarlockTD,https://www.youtube.com/watch?v=5U8h1ia83Lc,2026-08-01T07:15:03Z,73,11.41,11.41,73,2026-08-01T13:39:02Z,73
2026-08-01T13:39:02Z,Path of Exile 2 - Grand Expedition Time   🥶🧙🏻‍♂️🎮    (PS5 Pro),CRiZZO,https://www.youtube.com/watch?v=058ctRMEolo,2026-08-01T07:34:16Z,201,33.06,33.06,216,2026-08-01T19:16:35Z,216
2026-08-01T13:39:02Z,🎩Path of Exile 2🎩👓Кровавая ведьма с арбалетом на холоде.👓,mrBLO стримы,https://www.youtube.com/watch?v=VM2FbnxEbRU,2026-08-01T00:09:17Z,535,39.64,39.64,535,2026-08-01T13:39:02Z,535
2026-08-01T19:16:35Z,Path of Exile 2 | Interlude 2 - 3 | Season 1 | The Trials of The Red Queen | Part 33 FINALE,Paragon,https://www.youtube.com/watch?v=evAUzczZ-s8,2026-08-01T11:19:43Z,4,0.5,0.5,4,2026-08-01T19:16:35Z,4
2026-08-01T19:16:35Z,Path of Exile 2 | Interlude 2 - 3 | Season 1 | The Trials of The Red Queen | Part 32,Paragon,https://www.youtube.com/watch?v=XEvaZMxgKFk,2026-08-01T10:13:40Z,7,0.77,0.77,7,2026-08-01T19:16:35Z,7
2026-08-01T19:16:35Z,Path of Exile 2 Beta_20260801213504,chitsungloh,https://www.youtube.com/watch?v=IdBr76MgfiA,2026-08-01T13:10:44Z,5,0.82,0.82,5,2026-08-01T19:16:35Z,5
2026-08-01T19:16:35Z,Path of Exile 2 | Witch Series Ep 2 - Rust King & Rotten Druid Boss Fights!,Ghost Raven,https://www.youtube.com/watch?v=0-2jdxAXTaU,2026-08-01T14:17:09Z,7,1.17,1.17,7,2026-08-01T19:16:35Z,7
2026-08-01T19:16:35Z,Path of Exile 2 - Viper Napuatzi,Saxoneh,https://www.youtube.com/watch?v=t7xxr-QvvKg,2026-08-01T12:38:52Z,16,2.41,2.41,16,2026-08-01T19:16:35Z,16
2026-08-01T19:16:35Z,Path Of Exile 2 #pathofexile2 #gameplay,The Quero Gaming,https://www.youtube.com/watch?v=jVldXh3YX4w,2026-08-01T12:41:15Z,30,4.55,6.16,91,2026-08-02T03:27:54Z,91
2026-08-01T19:16:35Z,Path Of Exile 2 Return Of The Ancients 2 New Character,LSneverEND,https://www.youtube.com/watch?v=mu6wYDJGfDE,2026-08-01T14:02:35Z,75,12.5,12.5,75,2026-08-02T03:27:54Z,75
2026-08-01T19:16:35Z,Path of Exile 2 first Run,Dr.Oz_11,https://www.youtube.com/watch?v=-wmqMhtOjPI,2026-08-01T14:16:51Z,95,15.83,15.83,95,2026-08-01T19:16:35Z,95
2026-08-01T19:16:35Z,[NEW] Path of Exile 2 Cheat 2026 / Best Free Cheat Menu & Hacks / Download 2026 (work!),ZONA_MUSIC15,https://www.youtube.com/watch?v=mIwryWdUs7c,2026-08-01T14:02:10Z,119,19.83,19.83,119,2026-08-02T03:27:54Z,119
2026-08-01T19:16:35Z,Path of Exile 2 - Can We Craft A GIGA Bow?,OnesInTheChat,https://www.youtube.com/watch?v=CWpXgC5jNYY,2026-08-01T14:30:27Z,1535,255.83,259.38,3966,2026-08-02T08:30:33Z,3966
2026-08-01T19:16:35Z,The BEST & Most FUN Slam Build | Path Of Exile 2: 0.5,Perra Gaming,https://www.youtube.com/watch?v=QD2ggdmV47s,2026-08-01T14:56:10Z,1754,292.33,369.78,5574,2026-08-02T08:30:33Z,5574
2026-08-01T19:16:35Z,그래서 이 제작을 시작했습니다 [그이제] Path of Exile 2,반지깎는노인,https://www.youtube.com/watch?v=ZuLKKgSM_6k,2026-08-01T17:01:56Z,2137,356.17,356.17,2344,2026-08-02T08:30:33Z,2344
2026-08-02T03:27:54Z,Path of Exile 2 - Ritual Farming  🥶🧙🏻‍♂️🎮    (PS5 Pro),CRiZZO,https://www.youtube.com/watch?v=ZNKnzbLK_Xo,2026-08-01T18:56:01Z,61,7.15,10.33,62,2026-08-02T13:39:33Z,62
2026-08-02T03:27:54Z,Plant Druid: Interlude P3 (Shorts) | Path Of Exile 2,DrOctaviousJr,https://www.youtube.com/watch?v=ghUrQndxRb8,2026-08-02T01:42:49Z,63,10.5,10.5,68,2026-08-02T08:30:33Z,68
2026-08-02T03:27:54Z,"PATH OF EXILE 2 INDONESIA 0 RESISTANCE, 0 MANA.. APAKAH AKU BISA BERTAHAN?  #pathofexile2",TUYUL DISKO,https://www.youtube.com/watch?v=JwplB8n8ncU,2026-08-01T10:42:14Z,209,12.47,12.47,209,2026-08-02T03:27:54Z,209
2026-08-02T03:27:54Z,Can we get lucky today Path of Exile 2 Endgame stream,MightyMouthDFT,https://www.youtube.com/watch?v=c2Crl68Dh3M,2026-08-02T01:10:31Z,94,15.67,15.67,106,2026-08-02T13:39:33Z,106
2026-08-02T03:27:54Z,Diablo 2 : Resurrected ►  Крафт Кровавых Перчаток - Стоит ли оно того?,Tigerplays,https://www.youtube.com/watch?v=tysYjEebfUI,2026-08-01T17:41:10Z,381,38.96,38.96,381,2026-08-02T03:27:54Z,381
2026-08-02T03:27:54Z,🎩Path of Exile 2🎩👓Кровавая ведьма с арбалетом на холоде.👓,mrBLO стримы,https://www.youtube.com/watch?v=TAzNw3-2wxA,2026-08-01T21:26:47Z,300,49.84,49.84,322,2026-08-02T19:17:54Z,322
2026-08-02T03:27:54Z,🔴[LIVE] 💀First Time Ever Playing PATH OF EXILE 2 | Sorceress MAPS! | Playthrough [Day 30],RelativityRabbit,https://www.youtube.com/watch?v=T4Gcs-NSbcc,2026-08-01T16:34:19Z,689,63.25,63.25,701,2026-08-02T08:30:33Z,701
2026-08-02T03:27:54Z,MANDARAM UM PC PARA PROVAR UM BUG!,Nekomantes,https://www.youtube.com/watch?v=PouFM1kZIWA,2026-08-02T00:00:36Z,634,105.67,110.72,1364,2026-08-02T19:17:54Z,1364
2026-08-02T03:27:54Z,5 Rules to MAXIMIZE PoE 2 Expedition Runes #PathOfExile2 #Expedition #PoE2,Ray Calloway,https://www.youtube.com/watch?v=KW4gARIr0Nw,2026-08-01T20:41:28Z,742,109.54,109.54,1086,2026-08-02T13:39:33Z,1086
2026-08-02T03:27:54Z,"[POE 2] Rarity Bot in 0.5: The Good, The Bad & The Ugly",MazBro,https://www.youtube.com/watch?v=KhiU5My6iAI,2026-08-01T22:13:49Z,748,124.67,214.53,3916,2026-08-02T19:17:54Z,3916
2026-08-02T03:27:54Z,Path of Exile 2 - душ(ев)ное прохождение,Посиделки у монитора ,https://www.youtube.com/watch?v=OARv5sGGXlQ,2026-08-01T19:40:48Z,1070,137.44,137.44,1142,2026-08-02T13:39:33Z,1142
2026-08-02T03:27:54Z,Isso Mudou TUDO no Path of Exile 2,Fessor Lih,https://www.youtube.com/watch?v=_yp571LOllQ,2026-08-01T23:15:19Z,1268,211.33,347.42,6648,2026-08-02T19:17:54Z,6648
2026-08-02T03:27:54Z,Расскажи мне про Path of Exile | Интервью с Cardiff Gaming,BFS - by FbIR Stories,https://www.youtube.com/watch?v=Nuc75WnsAzM,2026-08-01T17:08:04Z,3676,355.83,355.83,6733,2026-08-02T13:39:33Z,6733
2026-08-02T08:30:33Z,My witch build is what?!  | Path of Exile 2 Leveling Chaos!,Searc Gaming,https://www.youtube.com/watch?v=k4O-yYHzs-A,2026-08-02T06:25:31Z,54,9.0,9.95,72,2026-08-02T13:39:33Z,72
2026-08-02T08:30:33Z,SABADOU! HOJE É DIA DE ZERAR PATH OF EXILE 2! 🔥 | FINAL AO VIVO? #ProdyAGE,#ProdyAGE,https://www.youtube.com/watch?v=7GWzjXfA2tA,2026-08-02T02:15:11Z,68,10.87,10.87,68,2026-08-02T08:30:33Z,68
2026-08-02T08:30:33Z,🔴LIVE - | Path of Exile 2 | Sorceress Build! Farming Rituals For That Mirror! Part 2,SuperNoob,https://www.youtube.com/watch?v=mTv4MD-xnbk,2026-08-02T05:17:31Z,104,17.33,17.33,107,2026-08-02T13:39:33Z,107
2026-08-02T08:30:33Z,PoE 2 | Nova Projectiles ✅ und ❌,Baskenater,https://www.youtube.com/watch?v=b8P0DoiUNyo,2026-08-02T08:00:17Z,158,26.33,123.33,1224,2026-08-03T03:30:06Z,1224
2026-08-02T08:30:33Z,THC Hardcore Private League - Disciple of Varashta Day 2 - Endgame,Blazeworks TV,https://www.youtube.com/watch?v=wuUgCtrzu2U,2026-08-01T22:36:09Z,575,58.04,58.04,575,2026-08-02T08:30:33Z,575
2026-08-02T08:30:33Z,Path of Exile 2 Made Him Quit PoE 1...,Jazzarus,https://www.youtube.com/watch?v=Cl4hrZmFy1w,2026-08-02T02:00:34Z,594,91.39,103.86,1575,2026-08-02T19:17:54Z,1575
2026-08-02T08:30:33Z,Facebreaker Luminary - 2 hit Uber Maven | 3.29 Path of Exile,Alohaa,https://www.youtube.com/watch?v=lCtxGj3jUtw,2026-08-01T15:10:21Z,4369,252.01,252.01,4369,2026-08-02T08:30:33Z,4369
2026-08-02T08:30:33Z,Is Build Diversity DEAD? - Jewels - The State of the Meta | PoE 2,MisoxShiru,https://www.youtube.com/watch?v=fsHNpg42qRQ,2026-08-02T04:28:54Z,1998,333.0,539.79,7404,2026-08-02T19:17:54Z,7404
2026-08-02T13:39:33Z,Разломы и последний зверь - Path of Exile 2: Runes of Aldur • 20 (За Копейщика),WarlockTD,https://www.youtube.com/watch?v=F2TN7yAksyM,2026-08-02T07:15:10Z,76,11.86,11.86,128,2026-08-02T19:17:54Z,128
2026-08-02T13:39:33Z,Path of Exile 2 -  Abyss and Ritual Farming  🥶   (PC),CRiZZO,https://www.youtube.com/watch?v=cWNkdkkRn1w,2026-08-02T06:40:52Z,191,27.37,27.37,196,2026-08-02T19:17:54Z,196
2026-08-02T13:39:33Z,МОЛНИИ ЖАХАЮТ ВООБЩЕ НОРМАЛЬНО ★ ПРОХОЖУ ВПЕРВЫЕ ★ PATH OF EXILE 2,Mechanize,https://www.youtube.com/watch?v=qcVcMz_MlVU,2026-08-01T22:59:49Z,425,28.99,28.99,440,2026-08-02T19:17:54Z,440
2026-08-02T13:39:33Z,"2 неделя лиги. Лут не починили, пора отдыхать | Path of Exile | madarapoe",madarapoe,https://www.youtube.com/watch?v=Lw8xbMb4ALg,2026-08-02T07:00:06Z,2758,414.26,414.26,5083,2026-08-03T03:30:06Z,5083
2026-08-02T13:39:33Z,Path of Exile KF Totems Acquiring Final Pieces,Raxxanterax,https://www.youtube.com/watch?v=fCbj1v0tQQE,2026-08-02T05:45:01Z,3313,418.89,418.89,3433,2026-08-02T19:17:54Z,3433
2026-08-02T13:39:33Z,"Diablo 2, ale to Path of Exile?! Gram TORNADO SHOT Amazonką🔥Sprawdź !holy 🔥 Taniej gry na !instant",Nadin Wins,https://www.youtube.com/watch?v=nwVyMX-Dbzg,2026-08-02T00:06:07Z,6433,474.5,474.5,6523,2026-08-02T19:17:54Z,6523
2026-08-02T19:17:54Z,Path of Exile 2 Return of the Ancient Boon Farming,ShakeN_YT,https://www.youtube.com/watch?v=2vs3tCAWuz8,2026-08-02T09:56:17Z,71,7.59,12.33,75,2026-08-03T09:55:43Z,75
2026-08-02T19:17:54Z,"Path of Exile 2 + Path of Exile 1 | One Life, Two Worlds | Dobromir & Echo Nomad",Echo Nomad,https://www.youtube.com/watch?v=YOiGk6mNM4o,2026-08-02T12:12:00Z,77,10.85,10.85,77,2026-08-02T19:17:54Z,77
2026-08-02T19:17:54Z,"Path Of Exile 2 Return Season 0,5,4 | Mencari Bahan buat Crafting Bow Baru ?",Wildan R,https://www.youtube.com/watch?v=2SUqkpqEyJA,2026-08-02T11:20:02Z,190,23.86,23.86,196,2026-08-03T03:30:06Z,196
2026-08-02T19:17:54Z,ATLAS and PINNACLE Bosses in Minecraft!? Craft to Exile 2 Update 2.0!,Craft to Exile,https://www.youtube.com/watch?v=qE0mqVnnits,2026-08-02T19:00:03Z,174,29.0,373.39,6425,2026-08-03T14:50:33Z,6425
2026-08-02T19:17:54Z,"Prima experiență în PoE 2, LIVE! Path of Exile 2 România EP.10",IamNFI,https://www.youtube.com/watch?v=OQeLGzilox0,2026-08-02T16:17:53Z,221,36.83,36.83,231,2026-08-03T03:30:06Z,231
2026-08-02T19:17:54Z,【PoE2 0.5】防具クラフト配信！【Path of Exile 2】,はう,https://www.youtube.com/watch?v=NHIOWOPZKMA,2026-08-02T03:35:22Z,1055,67.16,67.16,1055,2026-08-02T19:17:54Z,1055
2026-08-02T19:17:54Z,POE1 3.29 (DAY 2) !ZtM HIDEOUT ONLY - No Mapping Only Crafting/Flipping,XTheFarmerX,https://www.youtube.com/watch?v=SJgm3uudaLo,2026-08-02T02:08:48Z,4873,284.11,284.11,4873,2026-08-02T19:17:54Z,4873
2026-08-03T03:30:06Z,RUNİC WARD GLOVES CRAFT REHBERİ - Path of Exile 2 Türkçe Rehber (PoE2),Swordorin2,https://www.youtube.com/watch?v=rAyHMq6u9Us,2026-08-02T20:26:01Z,90,12.73,13.19,221,2026-08-03T14:50:33Z,221
2026-08-03T03:30:06Z,Lets get after it Path of Exile 2 Endgame stream,MightyMouthDFT,https://www.youtube.com/watch?v=oKoZaYTSmzk,2026-08-02T20:35:57Z,97,14.05,14.05,97,2026-08-03T03:30:06Z,97
2026-08-03T03:30:06Z,Path of Exile 2 S5.4 SSF#05- Bruxa de Sangue - Build de Besta😸-🔴LIVE,Neko Novaes Jogos,https://www.youtube.com/watch?v=mDBt6D1_ckA,2026-08-02T21:42:58Z,127,21.17,21.17,130,2026-08-03T09:55:43Z,130
2026-08-03T03:30:06Z,🎩Path of Exile 2🎩👓Кровавая ведьма с арбалетом на холоде.👓,mrBLO стримы,https://www.youtube.com/watch?v=SffH7h32r-0,2026-08-02T16:01:37Z,255,22.22,22.22,265,2026-08-03T09:55:43Z,265
2026-08-03T03:30:06Z,⚡ Path of Exile 2  LIVE | DELIURIUM FARM POINT,iMisu,https://www.youtube.com/watch?v=ZReeaXO0Fjs,2026-08-02T23:24:16Z,302,50.33,50.33,321,2026-08-04T03:12:51Z,321
2026-08-03T03:30:06Z,ИГРА РАСКРЫВАЕТСЯ ★ ПРОХОЖУ ВПЕРВЫЕ ★ PATH OF EXILE 2,Mechanize,https://www.youtube.com/watch?v=JULExAhzN38,2026-08-03T01:25:11Z,366,61.0,61.0,415,2026-08-03T14:50:33Z,415
2026-08-03T03:30:06Z,Juice Your PoE 2 Expedition With THESE Items! #PathOfExile2 #Espedition #PoE2,Ray Calloway,https://www.youtube.com/watch?v=AuDnk85Wtng,2026-08-02T20:02:46Z,578,77.53,77.53,764,2026-08-03T14:50:33Z,764
2026-08-03T03:30:06Z,Craft to Exile 2 - Update Live Stream,Craft to Exile,https://www.youtube.com/watch?v=kz2Olx7FxrA,2026-08-02T19:11:16Z,708,85.16,85.16,784,2026-08-03T14:50:33Z,784
2026-08-03T03:30:06Z,I Used The Best Free Path Of Exile 2 Bot in 2026! And Its Insane! | Poe 2 AutoBot 👑 V2,Goldenthetoypoodle,https://www.youtube.com/watch?v=gxc9wneyWIA,2026-08-02T16:56:32Z,951,90.06,90.06,951,2026-08-03T09:55:43Z,951
2026-08-03T03:30:06Z,🔴[LIVE] 💀First Time Ever Playing PATH OF EXILE 2 | Sorceress MAPS! | Playthrough [Day 31],RelativityRabbit,https://www.youtube.com/watch?v=tglnE91-GSU,2026-08-02T18:01:48Z,912,96.29,96.29,928,2026-08-03T14:50:33Z,928
2026-08-03T03:30:06Z,Path of Exile 2 - душ(ев)ное прохождение,Посиделки у монитора ,https://www.youtube.com/watch?v=6efNprqKe3U,2026-08-03T01:45:49Z,651,108.5,149.66,1269,2026-08-03T14:50:33Z,1269
2026-08-03T03:30:06Z,Path of Exile 2 - душ(ев)ное прохождение,Посиделки у монитора ,https://www.youtube.com/watch?v=v70X5viAqvk,2026-08-02T21:07:11Z,1014,158.88,158.88,1110,2026-08-04T03:12:51Z,1110
2026-08-03T03:30:06Z,Easy Budget Endgame Crossbow Crafting Guide | PoE 2 0.5,Diztoh,https://www.youtube.com/watch?v=vk3pLFUov8U,2026-08-02T20:20:04Z,1560,217.66,220.75,3580,2026-08-03T14:50:33Z,3580
2026-08-03T03:30:06Z,【PoE2 0.5】COOKING WHIRLWIND LICH - Path of Exile 2 !build !moba !Discord,[CCG] Circus Circle Games,https://www.youtube.com/watch?v=5tlzbhnSf9U,2026-08-02T19:24:15Z,2486,307.01,307.01,2619,2026-08-03T14:50:33Z,2619
2026-08-03T09:55:43Z,🔴🔴Path of exile 2 Дедайка Стрим ФАРМ валюты РИТУАЛЫ БРИЧИ,Mavics,https://www.youtube.com/watch?v=F89rShQnMCI,2026-08-03T07:21:43Z,25,4.17,4.17,25,2026-08-03T09:55:43Z,25
2026-08-03T09:55:43Z,Path of Exile 2 Return of the Ancient Boon Farming,ShakeN_YT,https://www.youtube.com/watch?v=gxO6esQF-qY,2026-08-02T23:08:47Z,80,7.42,7.42,80,2026-08-03T14:50:33Z,80
2026-08-03T09:55:43Z,OTIMO DOMINGO PARA TODOS! - PATH OF EXILE 2 - XAMÃ DE FOGO [LVL92] - 02/07/2026,Cremado,https://www.youtube.com/watch?v=JHerlz0-4Ug,2026-08-03T08:11:45Z,81,13.5,13.5,81,2026-08-03T14:50:33Z,81
2026-08-03T09:55:43Z,Path of Exile 2 - End Game Mapping & Farming  🥶🧙🏻‍♂️🎮    (PS5 Pro),CRiZZO,https://www.youtube.com/watch?v=2O_nZhjJRTw,2026-08-03T05:38:40Z,245,40.83,40.83,293,2026-08-04T03:12:51Z,293
2026-08-03T09:55:43Z,Ten MOD zmienia Diablo 2 w Path of Exile - Sanctuary of Exile! Co zmienia & Jak zainstalować?,Nadin Wins,https://www.youtube.com/watch?v=KfIsLMDzjLg,2026-08-03T04:00:37Z,763,127.17,127.17,763,2026-08-03T09:55:43Z,763
2026-08-03T14:50:33Z,Path of exile 2 getting stronger,gamehead production,https://www.youtube.com/watch?v=jfokIf6F2rk,2026-08-03T11:44:19Z,28,4.67,4.67,28,2026-08-03T14:50:33Z,28
2026-08-03T14:50:33Z,"Path Of Exile 2 Return Season 0,5,4 | New Iceshot Build | Wolfy Buff Companion",Wildan R,https://www.youtube.com/watch?v=z3kx-XxIiFY,2026-08-03T11:39:15Z,35,5.83,5.83,35,2026-08-03T14:50:33Z,35
2026-08-03T14:50:33Z,"Иш, Тул и Ксешт - Path of Exile 2: Runes of Aldur • 21 (За Копейщика)",WarlockTD,https://www.youtube.com/watch?v=C7MTR-YI7so,2026-08-03T07:15:17Z,53,6.98,6.98,53,2026-08-03T14:50:33Z,53
2026-08-03T14:50:33Z,Path of Exile 2. Hardcore. 0.5.4 MONK Martial Artist. RIP. 94 lvl. Vessel of Kulemak!,Dzhanzik,https://www.youtube.com/watch?v=5UpaXBNSMrc,2026-08-03T12:54:31Z,58,9.67,9.67,82,2026-08-04T03:12:51Z,82
2026-08-03T14:50:33Z,"Path of Exile 2 - Vaaling 5,000 Divines Worth of Items!",OnesInTheChat,https://www.youtube.com/watch?v=dX_80TUR-TU,2026-08-03T14:30:37Z,129,21.5,244.81,3110,2026-08-04T03:12:51Z,3110
2026-08-03T14:50:33Z,PATH OF EXILE 2 INDONESIA EFFICIENCY 70% HARUSNYA GA BOCOR SIH.. GAS EXPEDITION!  #pathofexile2,TUYUL DISKO,https://www.youtube.com/watch?v=9_3hRe7aO8A,2026-08-03T09:07:14Z,226,37.67,37.67,226,2026-08-03T14:50:33Z,226
2026-08-04T03:12:51Z,🔴LIVE - | Path of Exile 2 | Sorceress Build! Farming Rituals For That Mirror! Part 3,SuperNoob,https://www.youtube.com/watch?v=bM5HQKjgl7E,2026-08-03T13:48:59Z,82,6.12,6.12,82,2026-08-04T03:12:51Z,82
2026-08-04T03:12:51Z,🔴LIVE - | Path of Exile 2 | Sorceress Build! Farming Rituals For That Mirror! Part 5,SuperNoob,https://www.youtube.com/watch?v=iEjDEVBC6rs,2026-08-03T20:27:23Z,79,11.69,11.69,79,2026-08-04T03:12:51Z,79
2026-08-04T03:12:51Z,Lineage 2 Oficial NA + Path of Exile 2,Kaotyk Gamer,https://www.youtube.com/watch?v=1fCBo8cETxk,2026-08-03T23:24:32Z,72,12.0,12.0,74,2026-08-04T08:46:31Z,74
2026-08-04T03:12:51Z,Path of Exile 2 Return of the Ancient Boon Farming,ShakeN_YT,https://www.youtube.com/watch?v=VQtBMoCpyxI,2026-08-03T23:58:16Z,84,14.0,14.0,88,2026-08-04T08:46:31Z,88
2026-08-04T03:12:51Z,1000+ ENERGY SHİELD BODY ARMOUR CRAFT REHBERİ - Path of Exile 2 Türkçe Rehber (PoE2),Swordorin2,https://www.youtube.com/watch?v=emr2IOYZ2r0,2026-08-03T20:27:04Z,104,15.38,15.38,261,2026-08-04T14:28:09Z,261
2026-08-04T03:12:51Z,⚡ Path of Exile 2  LIVE | RITUALE DE INVOCARE PE PoE2,iMisu,https://www.youtube.com/watch?v=F_39bD97afs,2026-08-03T23:02:50Z,125,20.83,20.83,152,2026-08-04T19:43:12Z,152
2026-08-04T03:12:51Z,🎩Path of Exile 2🎩👓Кровавая ведьма с арбалетом на холоде.👓,mrBLO стримы,https://www.youtube.com/watch?v=2YKFQuZqKhc,2026-08-03T19:42:19Z,241,32.1,32.1,244,2026-08-04T14:28:09Z,244
2026-08-04T03:12:51Z,Path of Exile Economy Explained (Why Loot Feels Bad),Jazzarus,https://www.youtube.com/watch?v=Wm38DiGP5qY,2026-08-04T01:00:33Z,229,38.17,38.17,229,2026-08-04T03:12:51Z,229
2026-08-04T03:12:51Z,Path of Exile 2 - душ(ев)ное прохождение,Посиделки у монитора ,https://www.youtube.com/watch?v=8-xhjfFscRM,2026-08-04T01:54:55Z,456,76.0,110.2,792,2026-08-04T14:28:09Z,792
2026-08-04T03:12:51Z,Path of Exile 2 - душ(ев)ное прохождение,Посиделки у монитора ,https://www.youtube.com/watch?v=55mNcqGpj7Y,2026-08-03T20:08:03Z,720,101.69,101.69,747,2026-08-04T14:28:09Z,747
2026-08-04T03:12:51Z,MSI Claw 8 EX Intel G3 Extreme vs AMD Z2 Extreme - Path of Exile 2 Gameplay Showdown,Nelly - Gaming Repairs,https://www.youtube.com/watch?v=wWWA7YPmzBA,2026-08-03T21:35:55Z,769,128.17,148.08,1655,2026-08-04T08:46:31Z,1655
2026-08-04T03:12:51Z,Playing Path of Exile 2 Today!,OnesInTheChat,https://www.youtube.com/watch?v=2PV8A6BDcXQ,2026-08-03T23:03:54Z,785,130.83,130.83,895,2026-08-04T19:43:12Z,895
2026-08-04T03:12:51Z,Path of Exile 2 | 150% Rarity Twister Spirit Walker! Divines Everywhere! (PoE 2 0.5 Huntress),SiahZ,https://www.youtube.com/watch?v=uvAVfbN7VeQ,2026-08-03T21:34:04Z,930,155.0,155.0,1275,2026-08-04T14:28:09Z,1275
2026-08-04T03:12:51Z,ED Contagion Flameblast Gemling - Budget Build Guide,DEADRABB1T,https://www.youtube.com/watch?v=6E3zA5fN2d8,2026-08-03T18:48:20Z,4602,547.29,547.29,7212,2026-08-04T08:46:31Z,7212
2026-08-04T03:12:51Z,Path of Exile 2 Dropped Hidden NEW INFO For Patch 1.0?!,Talkative Tri,https://www.youtube.com/watch?v=77hnkKji4Ls,2026-08-03T16:16:52Z,16956,1550.88,1550.88,20948,2026-08-04T08:46:31Z,20948
2026-08-04T08:46:31Z,AFK Simulacrum until Voices Day4 - Path of Exile 2,Wolfyowns,https://www.youtube.com/watch?v=XMOdyx0Knj8,2026-08-04T02:10:44Z,182,27.59,43.29,724,2026-08-04T19:43:12Z,724
2026-08-04T08:46:31Z,Path of Exile 2: Trying To Get My First Mirror,MrSoul,https://www.youtube.com/watch?v=sT3sWn91uqM,2026-08-04T04:20:35Z,174,29.0,29.0,176,2026-08-04T19:43:12Z,176
2026-08-04T08:46:31Z,[07.26.2026] Path of Exile 2,Avoiding The VODs,https://www.youtube.com/watch?v=4gjwEX0G0S8,2026-08-03T16:54:15Z,558,35.16,35.16,558,2026-08-04T08:46:31Z,558
2026-08-04T08:46:31Z,💥PATH OF EXILE 2💥 HARDCORE: НОВАЯ СУДЬБА 🔥ВОИН РАЗЛОМ ЗЕМЛИ🔥,MERENKOFF,https://www.youtube.com/watch?v=BovsMeHk6LM,2026-08-04T04:25:57Z,232,38.67,38.67,236,2026-08-04T19:43:12Z,236
2026-08-04T08:46:31Z,"YENİ DEĞİL, GERİ GELDİK, TITAN LEVELING - PATH OF EXILE 2 RETURN OF THE ANCIENTS",Doğukan Rivotra,https://www.youtube.com/watch?v=2tnTeUS4l0Y,2026-08-03T21:08:30Z,587,50.46,50.46,592,2026-08-04T14:28:09Z,592
2026-08-04T08:46:31Z,🎩Path of Exile 2🎩👓Кровавая ведьма с арбалетом на холоде.👓,mrBLO стримы,https://www.youtube.com/watch?v=w4V_yYB7YGo,2026-08-04T04:16:45Z,312,52.0,52.0,325,2026-08-04T19:43:12Z,325
2026-08-04T08:46:31Z,"🔴[LIVE] PoE 2 Hardcore Nuzlocke - No Flasks, Only Pain",Lolcohol,https://www.youtube.com/watch?v=W0HODDGV5jg,2026-08-03T16:26:14Z,2037,124.68,124.68,2037,2026-08-04T08:46:31Z,2037
2026-08-04T08:46:31Z,"Diablo 2, ale to Path of Exile?! 🔥Sprawdź !holy 🔥 Taniej gry na !instant",Nadin Wins,https://www.youtube.com/watch?v=ImVyixXvFEI,2026-08-04T00:41:35Z,3463,428.47,428.47,3565,2026-08-04T19:43:12Z,3565
2026-08-04T14:28:09Z,Path Of Exile 2 Return Of The Ancients 3 New Character,LSneverEND,https://www.youtube.com/watch?v=IWhfc0YX1dM,2026-08-04T13:16:03Z,72,12.0,12.24,80,2026-08-05T02:54:12Z,80
2026-08-04T14:28:09Z,🔴 MARTIAL ARTIST - FLICKR STRIKE 1M HIT - PATH OF EXILE 2 [0.5],Elandnor,https://www.youtube.com/watch?v=BmydW1E6cD8,2026-08-04T11:36:15Z,91,15.17,15.17,96,2026-08-05T02:54:12Z,96
2026-08-04T14:28:09Z,【Path of Exile 2】ただのクソボス「白猿のヤマ」  #PoE2　#PathOfExile2　#ゲーム実況,あきちゃんは引きこもりたい,https://www.youtube.com/watch?v=Ah7O9DTHsmw,2026-08-04T08:46:20Z,198,33.0,33.0,199,2026-08-05T02:54:12Z,199
2026-08-04T14:28:09Z,AO VIVO - Jogatina Path of Exile & 2 teve seus PROBLEMAS CORRIGIDOS FINALMENTE,Mano Imp,https://www.youtube.com/watch?v=lbbinWQ4SdE,2026-08-03T20:59:36Z,763,43.66,43.66,763,2026-08-04T14:28:09Z,763
2026-08-04T14:28:09Z,Stop Price Checking Every Jewel in PoE 2! (Do THIS) #PathOfExile2 #PoE2 #Jewels,Ray Calloway,https://www.youtube.com/watch?v=Q0cFgz3oDvU,2026-08-03T20:03:51Z,840,45.64,45.64,840,2026-08-04T14:28:09Z,840
2026-08-04T14:28:09Z,HC PRIVATE LEAGUE LAUNCH 💀Day 4 - Build #2 Fire Tornado Djinn !rip1,KallTorak,https://www.youtube.com/watch?v=qYe87hzJvKU,2026-08-03T22:40:03Z,803,50.82,50.82,803,2026-08-04T14:28:09Z,803
2026-08-04T14:28:09Z,Path of Exile 2 -  End Game Mapping and Abyss Farming  🥶   (PC),CRiZZO,https://www.youtube.com/watch?v=6agirpUO2bk,2026-08-04T07:52:16Z,390,59.11,59.11,405,2026-08-05T02:54:12Z,405
2026-08-04T14:28:09Z,The Easiest Omen of Light Farm in POE 2 Patch 0.5,TheMidTierGamer,https://www.youtube.com/watch?v=CRL7ZBdw37U,2026-08-04T03:07:24Z,6816,600.74,600.74,9275,2026-08-04T19:43:12Z,9275
2026-08-04T19:43:12Z,Ритуалы и Хозяин в Туманах - Path of Exile 2: Runes of Aldur • 22 (За Копейщика),WarlockTD,https://www.youtube.com/watch?v=N7gy4lR1nF4,2026-08-04T09:15:10Z,95,9.08,9.08,138,2026-08-05T02:54:12Z,138
2026-08-04T19:43:12Z,Path Of Exile 2 Best Currency Farming Strategy,Overcooked With Jeff,https://www.youtube.com/watch?v=fmYPvSIDKiU,2026-08-04T12:36:49Z,76,10.69,10.69,80,2026-08-05T02:54:12Z,80
2026-08-04T19:43:12Z,Мощи всё больше. Path of Exile 2. Short.,Lord Kolobok,https://www.youtube.com/watch?v=iFg-1Juz4TM,2026-08-04T16:23:10Z,66,11.0,11.0,67,2026-08-05T08:43:40Z,67
2026-08-04T19:43:12Z,Мощи всё больше. Path of Exile 2.,Lord Kolobok,https://www.youtube.com/watch?v=eBkFpsWE3tY,2026-08-04T16:32:30Z,130,21.67,21.67,145,2026-08-05T08:43:40Z,145
2026-08-04T19:43:12Z,Path of Exile KF Totems Endgame,Raxxanterax,https://www.youtube.com/watch?v=lgglKf-bmb4,2026-08-04T06:08:08Z,3349,246.53,246.53,3349,2026-08-04T19:43:12Z,3349
2026-08-04T19:43:12Z,Лучшие предметы для веризиевой перковки. Path of Exile 2,Qordes,https://www.youtube.com/watch?v=VtWYdEQisgQ,2026-08-04T13:40:22Z,3934,650.53,650.53,6980,2026-08-05T02:54:12Z,6980
2026-08-04T19:43:12Z,Zero to Mirror Hideout Only Ep. 1: The Low Investment Infinite Currency Hack,XTheFarmerX,https://www.youtube.com/watch?v=2vZamOmLMvw,2026-08-04T15:30:07Z,4880,813.33,813.33,4880,2026-08-04T19:43:12Z,4880
2026-08-04T19:43:12Z,This is Everything We Currently Know About Patch 0.5.5 | PoE 2,MisoxShiru,https://www.youtube.com/watch?v=jtGn7SfdGXY,2026-08-04T14:00:02Z,12574,2095.67,2095.67,28444,2026-08-05T08:43:40Z,28444
2026-08-05T02:54:12Z,#32【Path of Exile 2: 'Return of the Ancients'】寝過ごしましたすいまジェムリング配信【おぶちゃんねる】#パスオブエグザイル2 #ゲーム実況,おぶちゃんねる,https://www.youtube.com/watch?v=Z1-dvaN_xoQ,2026-08-04T23:49:35Z,41,6.83,6.83,57,2026-08-05T14:21:12Z,57
2026-08-05T02:54:12Z,Path of Exile 2 Return of the Ancient Boon Farming,ShakeN_YT,https://www.youtube.com/watch?v=NJQz2Fen0eY,2026-08-05T02:20:30Z,46,7.67,7.67,46,2026-08-05T14:21:12Z,46
2026-08-05T02:54:12Z,🔴LIVE - | Path of Exile 2 | Sorceress Build! Farming Rituals For That Mirror! Part 6,SuperNoob,https://www.youtube.com/watch?v=FI0M81uDYbg,2026-08-05T02:01:56Z,59,9.83,11.35,79,2026-08-05T14:21:12Z,79
2026-08-05T02:54:12Z,Path of Exile 2 Return of the Ancient Fun Farming,ShakeN_YT,https://www.youtube.com/watch?v=p2BMSPXkThA,2026-08-04T21:22:13Z,79,13.17,13.17,84,2026-08-05T08:43:40Z,84
2026-08-05T02:54:12Z,"Path Of Exile 2 Return Season 0,5,4 | Habis farming terbitlah misqueen",Wildan R,https://www.youtube.com/watch?v=Ua0dpggMDJU,2026-08-04T17:26:21Z,150,15.85,15.85,153,2026-08-05T08:43:40Z,153
2026-08-05T02:54:12Z,💥PATH OF EXILE 2💥 HARDCORE: АКТЫ БЕЗ ДИВАНОВ 🔥ВОИН РАЗЛОМ ЗЕМЛИ🔥,MERENKOFF,https://www.youtube.com/watch?v=e7N1Tdn8fOk,2026-08-04T21:25:42Z,107,17.83,17.83,163,2026-08-05T14:21:12Z,163
2026-08-05T02:54:12Z,"⚡ Path of Exile 2  LIVE | ALTA ZI, ALT EXPERIMENT MUTANT",iMisu,https://www.youtube.com/watch?v=yNWkgUwfxKQ,2026-08-04T23:34:00Z,191,31.83,31.83,206,2026-08-05T14:21:12Z,206
2026-08-05T02:54:12Z,Path of Exile 2 first Run,Dr.Oz_11,https://www.youtube.com/watch?v=lDDSks5IYyM,2026-08-04T23:17:51Z,232,38.67,38.67,262,2026-08-05T14:21:12Z,262
2026-08-05T02:54:12Z,How to Farm the 1800+ Divine Jewel CORRECTLY in PoE 2 #PathOfExile #Simulacrum #VoicesSapphire,Ray Calloway,https://www.youtube.com/watch?v=YelFyOP6P9g,2026-08-04T20:03:58Z,449,65.67,75.5,956,2026-08-05T08:43:40Z,956
2026-08-05T02:54:12Z,Toksyczne OPINIE i PRZESYT w Path of Exile? (feat. @Prozu95) Dyskusja o podejściu GRACZY,DDras,https://www.youtube.com/watch?v=HKg1D3Zq8nw,2026-08-04T15:00:29Z,2145,180.32,180.32,2408,2026-08-05T08:43:40Z,2408
2026-08-05T08:43:40Z,Разбираюсь в Path of Exile 2,SashkaaChannel,https://www.youtube.com/watch?v=oCUJ93WgFQA,2026-08-05T08:13:16Z,15,2.5,2.5,15,2026-08-05T08:43:40Z,15
2026-08-05T08:43:40Z,◤Path of Exile 2◢　殴って解決スタ鯖脳筋ライフ☆毎日暑いですね💦：４２　◤初見知識０スタート◢,白金すん,https://www.youtube.com/watch?v=89yNVn7JJNs,2026-08-04T19:47:41Z,38,2.94,2.94,38,2026-08-05T08:43:40Z,38
2026-08-05T08:43:40Z,🔥Path of Exile 2🔥пересобираюсь в крит билд,Suneaterchannel,https://www.youtube.com/watch?v=Ot90lbNpMbc,2026-08-05T03:33:37Z,19,3.17,3.17,19,2026-08-05T08:43:40Z,19
2026-08-05T08:43:40Z,Path of Exile 2: Trying To Get My First Mirror,MrSoul,https://www.youtube.com/watch?v=HsKSo_knmgQ,2026-08-05T03:44:29Z,92,15.33,15.33,102,2026-08-05T19:42:44Z,102
2026-08-05T08:43:40Z,Path of Exile 2 -  Breach and Grand Expeditions Grinding   🥶   (PC),CRiZZO,https://www.youtube.com/watch?v=PGWtnTKkwG4,2026-08-05T06:56:46Z,197,32.83,34.83,292,2026-08-05T19:42:44Z,292
2026-08-05T08:43:40Z,Diablo 2 + Path of Exile = NAJLEPSZY MOD ROKU?! Farmię ENDGAME w Sanctuary of Exile,Nadin Wins,https://www.youtube.com/watch?v=nI1woAy-UA0,2026-08-05T04:00:04Z,492,82.0,133.09,2091,2026-08-05T19:42:44Z,2091
2026-08-05T08:43:40Z,[POE2] 1티어 은신처 '성자의 끝 수도원 은신처' 리뷰 !! [패스오브엑자일2],REPEX | 리펙스,https://www.youtube.com/watch?v=SgOnf6m0bV4,2026-08-05T00:00:24Z,1238,141.95,141.95,1665,2026-08-05T14:21:12Z,1665
2026-08-05T08:43:40Z,절대 얻을 수 없는 POE2 아이템 TOP4,춘삼_CHOONSAM,https://www.youtube.com/watch?v=rEYIH9onltM,2026-08-05T07:00:09Z,902,150.33,150.33,902,2026-08-05T08:43:40Z,902
2026-08-05T14:21:12Z,{2D VTUBER} PATH OF EXILE 2 ACT 4,Gryphonknight,https://www.youtube.com/watch?v=0Pm3hzPDO8g,2026-08-05T11:20:25Z,20,3.33,3.33,20,2026-08-05T14:21:12Z,20
2026-08-05T14:21:12Z,Бодах и ритуальное казино - Path of Exile 2: Runes of Aldur • 23 (За Копейщика),WarlockTD,https://www.youtube.com/watch?v=qEKSpQlW5VQ,2026-08-05T09:15:29Z,64,10.67,11.67,122,2026-08-05T19:42:44Z,122
2026-08-05T14:21:12Z,Path Of Exile 2 Return Of The Ancients 4 New Character,LSneverEND,https://www.youtube.com/watch?v=nHCQHPPzhj4,2026-08-05T09:15:07Z,67,11.17,11.17,73,2026-08-05T19:42:44Z,73
2026-08-05T14:21:12Z,Designing MAGIC SOUNDS for Path of Exile 2- Sound Design Breakdown,Orrin Keep,https://www.youtube.com/watch?v=Hr9UtrmU73c,2026-08-05T09:45:21Z,111,18.5,24.21,390,2026-08-06T03:11:23Z,390
2026-08-05T14:21:12Z,🔴 ELEMENTALIS SORCERRER 1000 METEOR - PATH OF EXILE 2 [0.5],Elandnor,https://www.youtube.com/watch?v=LfKZme33bc0,2026-08-05T11:21:07Z,119,19.83,19.83,147,2026-08-05T19:42:44Z,147
2026-08-05T14:21:12Z,PATH OF EXILE 2 INDONESIA API UNGU NYA AESTETHIC GUYS... FARMING APA YAK?  #pathofexile2,TUYUL DISKO,https://www.youtube.com/watch?v=VClC4Ph06Ao,2026-08-05T09:50:39Z,127,21.17,21.17,171,2026-08-05T19:42:44Z,171
2026-08-05T14:21:12Z,🔴 Path of Exile - LIGA 3.29 - FLICKER STRIKE TOP 2 LIGI,Kajet,https://www.youtube.com/watch?v=Zqke1998yic,2026-08-05T01:16:37Z,336,25.69,25.69,336,2026-08-05T14:21:12Z,336
2026-08-05T14:21:12Z,GGG VAZOU a Próxima Atualização de Path of Exile 2? Novas Armas Aparecem na Busca!,Mano Imp,https://www.youtube.com/watch?v=Oc67-XuE8qI,2026-08-05T12:31:51Z,276,46.0,181.86,2336,2026-08-06T08:45:32Z,2336
2026-08-05T14:21:12Z,Только 1% Игроков Ответит на ВСЕ 15 Вопросов по Diablo 2 : Resurrected ( Викторина ),Tigerplays,https://www.youtube.com/watch?v=6kGBpprj0es,2026-08-05T06:00:34Z,393,47.1,48.46,664,2026-08-05T19:42:44Z,664
2026-08-05T14:21:12Z,Path of Exile Developer Interview: What's Coming in 3.29 and 3.30,Zizaran,https://www.youtube.com/watch?v=YHkJ46c8Su8,2026-08-04T23:24:02Z,74717,4996.79,4996.79,74717,2026-08-05T14:21:12Z,74717
2026-08-05T19:42:44Z,Path of Exile 2 Updated MARK TO WIN guide 🧊ICE SHOT DEADEYE🏹PC Performance TALK | ROTA 0.5 ENDGAME,DeathKing,https://www.youtube.com/watch?v=6Kt9vE6Pq3E,2026-08-05T18:30:44Z,24,4.0,23.62,470,2026-08-06T14:24:23Z,470
2026-08-05T19:42:44Z,🔥Path of Exile 2🔥пересобираюсь в крит билд,Suneaterchannel,https://www.youtube.com/watch?v=Zehdb7BI_4s,2026-08-05T15:15:27Z,49,8.17,8.17,49,2026-08-05T19:42:44Z,49
2026-08-05T19:42:44Z,ЦІЛИЙ КОМП’ЮТЕР ЗАРАДИ ОДНОГО БАГА — Path of Exile 2,Yukio_Caster,https://www.youtube.com/watch?v=MI_oYybT5Vo,2026-08-05T15:54:00Z,57,9.5,22.84,385,2026-08-06T08:45:32Z,385
2026-08-05T19:42:44Z,Plant Druid: Behind The Walls (Shorts) | Path Of Exile 2,DrOctaviousJr,https://www.youtube.com/watch?v=i7Ds_wBJq2I,2026-08-05T14:24:56Z,65,10.83,10.83,65,2026-08-05T19:42:44Z,65
2026-08-05T19:42:44Z,🎩Path of Exile 2🎩👓Кровавая ведьма с арбалетом на холоде.👓,mrBLO стримы,https://www.youtube.com/watch?v=LTe6R5KL-Bw,2026-08-05T19:23:29Z,118,19.67,22.18,173,2026-08-06T03:11:23Z,173
2026-08-05T19:42:44Z,KAPTAN AMERİKA BUILD'I YAPTIK! PATH OF EXILE 2 RETURN OF THE ANCIENTS,Doğukan Rivotra,https://www.youtube.com/watch?v=4RWpXndq9hg,2026-08-05T13:22:03Z,166,26.16,26.16,380,2026-08-06T08:45:32Z,380
2026-08-05T19:42:44Z,"ПОЕ К*Л, ДИАБЛА ТОП ★ ПРОХОЖУ ВПЕРВЫЕ ★ PATH OF EXILE 2",Mechanize,https://www.youtube.com/watch?v=c2iwT1VKycU,2026-08-05T04:02:35Z,486,31.02,31.02,486,2026-08-05T19:42:44Z,486
2026-08-05T19:42:44Z,Гемблин дамнейшены | Path of Exile #poe #poe2  #twitch,AgroMorph Highlights,https://www.youtube.com/watch?v=fpRuNN15N-Q,2026-08-05T16:00:10Z,581,96.83,305.14,5113,2026-08-06T08:45:32Z,5113
2026-08-05T19:42:44Z,เคลียร์บอสให้หมดเลยแล้วกัน Hardcore | Path of Exile 2,BIRDBORNE,https://www.youtube.com/watch?v=ocWiZvf7WPc,2026-08-05T17:08:50Z,592,98.67,98.67,815,2026-08-06T14:24:23Z,815
2026-08-05T19:42:44Z,Мысли вслух о текущей и будущей лигах. Path of Exile 2,Qordes,https://www.youtube.com/watch?v=cJI9iYEDJoE,2026-08-05T15:50:32Z,4222,703.67,925.04,13160,2026-08-06T08:45:32Z,13160
2026-08-06T03:11:23Z,Path of Exile 2 Return of the Ancient Fun Farming,ShakeN_YT,https://www.youtube.com/watch?v=MPCbUkfoV7Q,2026-08-05T23:27:06Z,133,22.17,22.17,133,2026-08-06T03:11:23Z,133
2026-08-06T03:11:23Z,Quando o bug é tão misterioso que a solução é mandar o PC inteiro pra NVIDIA investigar. 😂,Exiles Brasil,https://www.youtube.com/watch?v=hVQHjWPjD-o,2026-08-05T21:00:16Z,168,27.16,27.16,252,2026-08-06T14:24:23Z,252
2026-08-06T03:11:23Z,⚡ Path of Exile 2  LIVE | PREA CALD,iMisu,https://www.youtube.com/watch?v=vZxhwleQauU,2026-08-05T22:21:58Z,269,44.83,44.83,285,2026-08-06T14:24:23Z,285
2026-08-06T03:11:23Z,Have A Tea While Those Storms Clear Maps For You in PoE2 0.5,PoE 2 Warrior,https://www.youtube.com/watch?v=b1u4YMZxFW4,2026-08-05T20:12:57Z,381,54.63,54.63,559,2026-08-06T14:24:23Z,559
2026-08-06T03:11:23Z,Path of Exile 2 Has Taken Over My Life,MyleSwi,https://www.youtube.com/watch?v=TsWDH2cf5TU,2026-08-06T00:08:26Z,343,57.17,147.62,2106,2026-08-06T14:24:23Z,2106
2026-08-06T03:11:23Z,ЭНДГЕЙМ ПОШЕЛ ★ ПРОХОЖУ ВПЕРВЫЕ ★ PATH OF EXILE 2,Mechanize,https://www.youtube.com/watch?v=BBSCTWl1uIg,2026-08-05T20:45:41Z,415,64.56,64.56,460,2026-08-06T14:24:23Z,460
2026-08-06T03:11:23Z,Path of Exile 2 - душ(ев)ное прохождение,Посиделки у монитора ,https://www.youtube.com/watch?v=A4TyMJF920k,2026-08-06T02:37:30Z,482,80.33,104.17,699,2026-08-06T14:24:23Z,699
2026-08-06T03:11:23Z,"🔴[LIVE] PoE 2 Hardcore Nuzlocke Act 3! No Flasks, Only Pain",Lolcohol,https://www.youtube.com/watch?v=H6sp5jMY0PU,2026-08-05T15:25:14Z,980,83.27,83.27,1003,2026-08-06T08:45:32Z,1003
2026-08-06T03:11:23Z,DRUIDA ULTRA SPEED,3p Venom,https://www.youtube.com/watch?v=nGHDoPfWsww,2026-08-05T23:43:29Z,688,114.67,158.62,1755,2026-08-06T14:24:23Z,1755
2026-08-06T03:11:23Z,[PoE] Simulacrum is a Great Way to Farm a Lot of Currency in 3.29,Carnarius,https://www.youtube.com/watch?v=YtOhEE_MMAg,2026-08-05T17:59:27Z,1139,123.82,123.82,1796,2026-08-06T14:24:23Z,1796
2026-08-06T03:11:23Z,패스오브엑자일2 양손검 출시!!!,늑대왕,https://www.youtube.com/watch?v=wJrciwcKhtw,2026-08-05T13:31:22Z,2011,147.14,147.14,2033,2026-08-06T08:45:32Z,2033
2026-08-06T03:11:23Z,【PoE2 0.5】COOKING WHIRLWIND LICH - Path of Exile 2 !build !moba !Discord,[CCG] Circus Circle Games,https://www.youtube.com/watch?v=SzQ9vMTiHeE,2026-08-05T18:30:45Z,1567,180.59,180.59,1684,2026-08-06T14:24:23Z,1684
2026-08-06T03:11:23Z,"POE 1 - 3.29.2 Big Patch In Hours. Abyss Ground Loot, Legion & More. Path of Exile Allflame",sirgog,https://www.youtube.com/watch?v=OpDBVV7pljg,2026-08-05T11:33:21Z,17023,1088.85,1088.85,17023,2026-08-06T03:11:23Z,17023
2026-08-06T08:45:32Z,NEW CHARACTER | PATH OF EXILE 2 RETURN OF THE ANCIENTS,Lids Vids,https://www.youtube.com/watch?v=DZfPHuNwzPI,2026-08-06T04:08:38Z,101,16.83,16.83,101,2026-08-06T08:45:32Z,101
2026-08-06T08:45:32Z,[LIVE] Diablo 4 Player Tries Path of Exile 2 for the First Time! (Portrait),W3llSeeYa,https://www.youtube.com/watch?v=z9_vDZyWRSA,2026-08-06T06:46:57Z,120,20.0,26.1,201,2026-08-07T00:06:31Z,201
2026-08-06T08:45:32Z,🔴Ao Vivo - Path of Exile 2 Testando o DirectX12 com Nova Atualização! FICOU MUITO MELHOR?,Mano Imp,https://www.youtube.com/watch?v=ThhEs1nhg4o,2026-08-06T04:07:53Z,392,65.33,65.33,421,2026-08-07T00:06:31Z,421
2026-08-06T14:24:23Z,[LIVE] Diablo 4 Player Tries Path of Exile 2 for the First Time!,W3llSeeYa,https://www.youtube.com/watch?v=ZwcICPsbmpo,2026-08-06T06:50:43Z,94,12.43,12.43,94,2026-08-06T14:24:23Z,94
2026-08-06T14:24:23Z,Шо це таке я вас питаю? | Path of Exile 2 Українською,Граємо Українською,https://www.youtube.com/watch?v=nc2atL1wTNE,2026-08-06T12:22:27Z,118,19.67,19.67,159,2026-08-07T00:06:31Z,159
2026-08-06T14:24:23Z,⚡ How to Craft 60% Socket Effect +2 Projectile Gloves | PoE 2 0.5 Guide,Diztoh,https://www.youtube.com/watch?v=CI7zQO_Ml_s,2026-08-06T14:02:38Z,177,29.5,545.36,8778,2026-08-07T07:23:53Z,8778
2026-08-06T14:24:23Z,Я ПОНЯЛ ЭНДГЕЙМ ★ ПРОХОЖУ ВПЕРВЫЕ ★ PATH OF EXILE 2,Mechanize,https://www.youtube.com/watch?v=3q2blGlvv3Q,2026-08-06T07:18:07Z,230,32.37,55.67,334,2026-08-07T00:06:31Z,334
2026-08-06T14:24:23Z,Sasaki Explica: Teorias #1 - Path of Exile 1 vai acabar até o final de 2028?,SasakiTV,https://www.youtube.com/watch?v=LqygyTZeZRE,2026-08-06T00:20:08Z,639,45.41,45.41,639,2026-08-06T14:24:23Z,639
2026-08-06T14:24:23Z,[NEW] Path Of Exile 2 Free Hack 2026 / Path Of Exile 2 Hacks & Path Of Exile 2 Cheats / 2026,YAKEE TV,https://www.youtube.com/watch?v=cbjTzq9lKK0,2026-08-06T12:31:57Z,338,56.33,56.33,338,2026-08-07T07:23:53Z,338
2026-08-06T14:24:23Z,[POE 3.29] New Way To Farm Delirium Orbs. A LOT of Anomaly Maps Together. Farm Strat Guide,KingPinUwU,https://www.youtube.com/watch?v=6IfX-wq6KFw,2026-08-06T00:43:07Z,7486,546.9,546.9,7486,2026-08-06T14:24:23Z,7486
2026-08-07T00:06:31Z,200% Делириум и Симулякр - Path of Exile 2: Runes of Aldur • 24 (За Копейщика),WarlockTD,https://www.youtube.com/watch?v=wnepqz2Sl2g,2026-08-06T09:15:02Z,113,7.61,7.61,113,2026-08-07T00:06:31Z,113
2026-08-07T00:06:31Z,🔴 เล่นยาว 50 วัน  | Path of Exile 2 | วันที่ 19 ระเบิดดีไง (ภาพจาก Piweee),2055 Capital,https://www.youtube.com/watch?v=ThBOnX1HHoU,2026-08-06T06:02:48Z,139,7.7,7.7,139,2026-08-07T00:06:31Z,139
2026-08-07T00:06:31Z,Path of Exile 2 | Lets Fight,Zenthy,https://www.youtube.com/watch?v=XirGKrrvcDY,2026-08-06T16:00:50Z,63,7.78,7.78,63,2026-08-07T00:06:31Z,63
2026-08-07T00:06:31Z,PATH OF EXILE 2 INDONESIA AYOKLAH EKSPEDISI BERDARAH GUYS...   #pathofexile2,TUYUL DISKO,https://www.youtube.com/watch?v=efmbJSN0KE8,2026-08-06T15:17:23Z,92,10.43,10.43,92,2026-08-07T00:06:31Z,92
2026-08-07T00:06:31Z,Path of Exile 2: Grinding For My First Mirror,MrSoul,https://www.youtube.com/watch?v=ifauSz6oPes,2026-08-06T04:30:40Z,219,11.17,11.17,219,2026-08-07T00:06:31Z,219
2026-08-07T00:06:31Z,⚔️ Path of Exile 2 LIVE | Exilecon Qualifier Race,iMisu,https://www.youtube.com/watch?v=18177Svci8Q,2026-08-06T22:10:08Z,76,12.67,15.82,149,2026-08-07T13:15:03Z,149
2026-08-07T00:06:31Z,My Journey of learning Path of Exile 2 in 7 days,JuxtAPoser,https://www.youtube.com/watch?v=dOI2JMWWqMs,2026-08-06T16:45:23Z,160,21.76,22.64,464,2026-08-07T13:15:03Z,464
2026-08-07T00:06:31Z,🔴[LIVE] 💀First Time Ever Playing PATH OF EXILE 2 | Sorceress MAPS! | Playthrough [Day 32],RelativityRabbit,https://www.youtube.com/watch?v=qO1y0QZxVS4,2026-08-06T13:00:42Z,370,33.34,33.34,370,2026-08-07T07:23:53Z,370
2026-08-07T00:06:31Z,LIVE | Crafting A Winnowing Flame Titan | Path of Exile 2,Troy Tesko,https://www.youtube.com/watch?v=fksr98viFlI,2026-08-06T19:09:30Z,313,52.17,52.17,533,2026-08-07T13:15:03Z,533
2026-08-07T00:06:31Z,Path of Exile Speedrun Practice,Raxxanterax,https://www.youtube.com/watch?v=dP9XOeF1Sio,2026-08-06T11:35:43Z,2662,212.73,212.73,2662,2026-08-07T00:06:31Z,2662
2026-08-07T00:06:31Z,"Path of Exile 2 Hardcore Private League is FUN! (Chat, Pod, Yaps)",Talkative Tri,https://www.youtube.com/watch?v=dB3aaqbAWfY,2026-08-06T16:28:05Z,1718,224.85,224.85,1800,2026-08-07T07:23:53Z,1800
2026-08-07T00:06:31Z,Best Bow Build in PoE2? Ultra Speed Snipe Gemling,Perra Gaming,https://www.youtube.com/watch?v=Dn8iE9xndy4,2026-08-06T10:34:34Z,3436,253.9,253.9,3436,2026-08-07T00:06:31Z,3436
2026-08-07T00:06:31Z,Why Players LEFT PoE2 0.5!? - Path of Exile 2 Podcast,Talkative Tri,https://www.youtube.com/watch?v=OQ2sH_MmxnU,2026-08-06T15:28:25Z,2902,336.07,336.07,4521,2026-08-07T07:23:53Z,4521
2026-08-07T00:06:31Z,I Played 20 ARPGs For 2 Hours Each And Ranked Them,JGigs,https://www.youtube.com/watch?v=61pTeXKFiyE,2026-08-06T17:00:10Z,8136,1144.95,1294.65,18637,2026-08-07T07:23:53Z,18637
2026-08-07T07:23:53Z,How Many Minion Tag Modifiers are on Sapphire ? #poe2 #arpg #pathofexile2 #gaming,Arnaut POE2,https://www.youtube.com/watch?v=3dYkF1iJrJw,2026-08-06T14:58:32Z,164,9.99,9.99,164,2026-08-07T07:23:53Z,164
2026-08-07T07:23:53Z,Path Of Exile 2 Return Of The Ancients 5 New Character,LSneverEND,https://www.youtube.com/watch?v=ytBgQasfotY,2026-08-06T23:49:15Z,82,10.82,10.82,82,2026-08-07T07:23:53Z,82
2026-08-07T07:23:53Z,Path of Exile 2 - Temple Farming  🥶🧙🏻‍♂️🎮    (PS5 Pro),CRiZZO,https://www.youtube.com/watch?v=jfizKzBeJqE,2026-08-07T07:07:32Z,84,14.0,19.92,127,2026-08-07T19:03:50Z,127
2026-08-07T07:23:53Z,Path of Exile 2: Divinity Is Gone! Real Endgame Is Here!,MrSoul,https://www.youtube.com/watch?v=ZgdWGRzP8cI,2026-08-07T04:35:03Z,113,18.83,18.83,122,2026-08-07T19:03:50Z,122
2026-08-07T07:23:53Z,Farmando Abyss - Path of Exile 2,HIT Joga,https://www.youtube.com/watch?v=88QmeLqVxwY,2026-08-07T04:02:49Z,119,19.83,19.83,129,2026-08-07T19:03:50Z,129
2026-08-07T07:23:53Z,🎩Path of Exile 2🎩👓Кровавая ведьма с арбалетом на холоде.👓,mrBLO стримы,https://www.youtube.com/watch?v=PhptXW0w2LQ,2026-08-07T00:34:52Z,199,29.19,29.19,207,2026-08-07T13:15:03Z,207
2026-08-07T07:23:53Z,Path of Exile w DIABLO 2 jest OBŁĘDNE! Gram w TOPOWEGO moda do Diablo 2 - Sanctuary of Exile,Nadin Wins,https://www.youtube.com/watch?v=R1chMGzeE1Y,2026-08-07T04:00:07Z,380,63.33,136.7,2059,2026-08-07T19:03:50Z,2059
2026-08-07T07:23:53Z,PoE 2 0.5.4 | 10 МИРРОРОВ НА КОНУ! Огромный Gamble — Профит или ПОЛНЫЙ ПРОВАЛ?,Ame_on,https://www.youtube.com/watch?v=gjfPbVZ77ag,2026-08-06T15:25:18Z,1262,78.99,78.99,1262,2026-08-07T07:23:53Z,1262
2026-08-07T07:23:53Z,Стабильный заработок валюты в Path of Exile 2 на позднем этапе лиги 150-250 божественных сфер в час,Unstoppablebtw,https://www.youtube.com/watch?v=LJRhD774Kd8,2026-08-07T01:44:44Z,575,95.83,144.11,1658,2026-08-07T13:15:03Z,1658
2026-08-07T07:23:53Z,Does Gemling Deserve a Nerf Next Patch?,MisoxShiru,https://www.youtube.com/watch?v=IvGiBEjaAu0,2026-08-07T05:41:53Z,731,121.83,421.16,5346,2026-08-07T19:03:50Z,5346
2026-08-07T07:23:53Z,Everything We Know About PoE 2 Patch 0.5.5,Jazzarus,https://www.youtube.com/watch?v=Ga35-r5ZxTE,2026-08-07T00:45:20Z,865,130.22,180.87,2260,2026-08-07T13:15:03Z,2260
2026-08-07T13:15:03Z,🔴 PATH OF EXILE 2 - POSSIBLY SOME OTHER STUFF,PapaBonas,https://www.youtube.com/watch?v=CP_GazWliU4,2026-08-07T10:11:16Z,39,6.5,6.5,39,2026-08-07T13:15:03Z,39
2026-08-07T13:15:03Z,[POE2 v0.5] GAMBA 3 RUNESEEKER's CALL #gaming #pathofexile2 #shorts,Gà Senpai,https://www.youtube.com/watch?v=qJNjId8mWWQ,2026-08-07T12:13:50Z,45,7.5,27.8,271,2026-08-08T01:58:00Z,271
2026-08-07T13:15:03Z,Руны Альдура - Path of Exile 2: Runes of Aldur • 25 (За Копейщика),WarlockTD,https://www.youtube.com/watch?v=hIIDYe_FosU,2026-08-07T09:15:22Z,52,8.67,10.71,166,2026-08-08T01:58:00Z,166
2026-08-07T13:15:03Z,AFK Simulacrum until Voices Day5 - Path of Exile 2,Wolfyowns,https://www.youtube.com/watch?v=UY1Elnrtj00,2026-08-07T08:08:28Z,86,14.33,21.42,234,2026-08-07T19:03:50Z,234
2026-08-07T13:15:03Z,PoE 2 Accuracy Explained,FellGnomen,https://www.youtube.com/watch?v=s_qVn5zAeNk,2026-08-06T22:30:31Z,393,26.66,26.66,393,2026-08-07T13:15:03Z,393
2026-08-07T13:15:03Z,【PoE2｜HCSSF】Lv94｜遂に今日、ラダー入りします。世界に名を刻むその瞬間を見逃すな｜マーシャルアーティスト｜Path of Exile 2 Runes of Aldur,GPDちゃんねる,https://www.youtube.com/watch?v=3mTulo-0IfI,2026-08-06T19:39:28Z,920,52.29,52.29,920,2026-08-07T13:15:03Z,920
2026-08-07T13:15:03Z,"Diablo 2, ale to Path of Exile?! 🔥Sprawdź !holy 🔥 Taniej gry na !instant",Nadin Wins,https://www.youtube.com/watch?v=Kwn4k7vUJEk,2026-08-06T23:19:36Z,2569,184.5,184.5,2569,2026-08-07T13:15:03Z,2569
2026-08-07T13:15:03Z,Path of Exile 2 Cheats 2026 | POE 2 Free Cheat Menu + Hack Download (PC),CyanSandwich,https://www.youtube.com/watch?v=NyHSmENbjcs,2026-08-07T08:39:47Z,1220,203.33,203.33,1277,2026-08-08T01:58:00Z,1277
2026-08-07T13:15:03Z,My NASTIEST character of the league - Chaos Ignite Shield Wall Gemling Legionnaire [POE2 0.5],Phylaris POE,https://www.youtube.com/watch?v=9nsufT-aPbA,2026-08-06T21:53:25Z,3694,240.48,240.48,3694,2026-08-07T13:15:03Z,3694
2026-08-07T13:15:03Z,Farmando Breachlord Sac - Path of Exile 2,HIT Joga,https://www.youtube.com/watch?v=0e833EH5_70,2026-08-07T10:50:26Z,1709,284.83,284.83,1761,2026-08-08T01:58:00Z,1761
2026-08-07T19:03:50Z,🔴 เล่นยาว 50 วัน  | Path of Exile 2 | วันที่ 20 จอมยุทธ์ สู้ไม่พัก (ภาพจาก Piweee),2055 Capital,https://www.youtube.com/watch?v=Pgc-bPKKzPs,2026-08-07T06:57:04Z,91,7.51,7.51,91,2026-08-07T19:03:50Z,91
2026-08-07T19:03:50Z,Plant Druid: The Maps Are Mapping (Shorts) | Path Of Exile 2,DrOctaviousJr,https://www.youtube.com/watch?v=Z9a3YYBhOG0,2026-08-07T14:46:29Z,46,7.67,7.67,46,2026-08-07T19:03:50Z,46
2026-08-07T19:03:50Z,【Path of Exile 2】　ハードコアリベンジだろうがぽえ　ｗモス🍔ほっれ🐧🚀　 御茶樫 園🍵🍭otyagashi sono,御茶樫 園🍵🍭otyagashisono,https://www.youtube.com/watch?v=nBxxaqFOUl0,2026-08-07T09:18:19Z,91,9.32,9.32,91,2026-08-07T19:03:50Z,91
2026-08-07T19:03:50Z,Update for Home defense build for Path of Exile 2,Outer Exile,https://www.youtube.com/watch?v=QAPyy2RGbJk,2026-08-07T10:34:01Z,100,11.77,16.95,261,2026-08-08T01:58:00Z,261
2026-08-07T19:03:50Z,PoE 2 Gemling Spark - Mana Stacker Temporalis INSANE Build | 0.5 Path of Exile 2,Byankuu,https://www.youtube.com/watch?v=YrXrZn15ZV8,2026-08-07T15:20:24Z,124,20.67,79.23,1242,2026-08-08T07:00:59Z,1242
2026-08-07T19:03:50Z,Снова эксперименты. Path of Exile 2. Short.,Lord Kolobok,https://www.youtube.com/watch?v=ocsjVJ5eiRQ,2026-08-07T16:27:45Z,187,31.17,31.17,190,2026-08-08T12:57:54Z,190
2026-08-07T19:03:50Z,🔴[LIVE] PoE 2 Figuring Out Monk Leveling,Lolcohol,https://www.youtube.com/watch?v=5GsGiiGGmMU,2026-08-07T15:42:32Z,979,163.17,163.17,1077,2026-08-08T07:00:59Z,1077
2026-08-07T19:03:50Z,"Path of Exile 2 - Spending 250,000 Hiveblood",OnesInTheChat,https://www.youtube.com/watch?v=WPqycS4qtKk,2026-08-07T14:30:08Z,1120,186.67,207.25,2805,2026-08-08T07:00:59Z,2805
2026-08-07T19:03:50Z,"Амулеты +6 к чарам, как крафтить.  Path of Exile 2",Qordes,https://www.youtube.com/watch?v=GKjep2Vfcfw,2026-08-07T16:46:32Z,1851,308.5,619.72,8842,2026-08-08T12:57:54Z,8842
2026-08-07T19:03:50Z,A WILD First EXILECON Qualifier Reveals our First Racer! - PATH of EXILE 2 Exilecon Qualifier 1 of 4,ZiggyD Gaming,https://www.youtube.com/watch?v=HQHtHyEzJQM,2026-08-07T04:20:04Z,7302,495.74,495.74,7302,2026-08-07T19:03:50Z,7302
2026-08-08T01:58:00Z,Lets get after it Path of Exile 2 Endgame stream,MightyMouthDFT,https://www.youtube.com/watch?v=wutQuU2Dkgc,2026-08-08T01:49:03Z,52,8.67,14.67,98,2026-08-08T18:44:17Z,98
2026-08-08T01:58:00Z,⚔️ Path of Exile 2 LIVE | FARM BREACH,iMisu,https://www.youtube.com/watch?v=G4WmeYCkkro,2026-08-07T21:46:29Z,90,15.0,15.0,90,2026-08-08T01:58:00Z,90
2026-08-08T01:58:00Z,Lets get after it Path of Exile 2 Endgame stream,MightyMouthDFT,https://www.youtube.com/watch?v=tylKRe5IZGA,2026-08-07T22:06:14Z,94,15.67,15.67,96,2026-08-08T07:00:59Z,96
2026-08-08T01:58:00Z,💥 Path of Exile 2 💥 Long Weekend Jams,PapaBonas,https://www.youtube.com/watch?v=GeSicdUK_S4,2026-08-07T18:07:20Z,128,16.32,21.33,130,2026-08-09T02:05:48Z,130
2026-08-08T01:58:00Z,🎩Path of Exile 2🎩👓Кровавая ведьма с арбалетом на холоде.👓,mrBLO стримы,https://www.youtube.com/watch?v=gYWEUxhIxXo,2026-08-07T19:40:50Z,188,29.91,29.91,192,2026-08-08T12:57:54Z,192
2026-08-08T01:58:00Z,LIVE | Experimenting With Vile Intrusion | Path of Exile 2,Troy Tesko,https://www.youtube.com/watch?v=bA7TE-lLhaw,2026-08-07T19:14:03Z,292,43.37,43.37,301,2026-08-08T12:57:54Z,301
2026-08-08T01:58:00Z,Path of Exile 2 - INSANE DPS Update | Ice Shot Deadeye🏹 | Mark to Win🎯UBER ENDGAME ROTA 0.5.4,DeathKing,https://www.youtube.com/watch?v=mGth8YbKK4o,2026-08-07T17:46:27Z,389,47.48,80.66,1548,2026-08-08T12:57:54Z,1548
2026-08-08T01:58:00Z,oE 2: How to Setup Delirium Maps CORRECTLY (Basics Guide) #PathOfExile2 #Delirium,Ray Calloway,https://www.youtube.com/watch?v=EXSDMgZi-5g,2026-08-07T20:03:49Z,668,111.33,111.33,1865,2026-08-08T12:57:54Z,1865
2026-08-08T01:58:00Z,"НАФАРМИЛ МИРРОР, НО НЕ СЕБЕ?! 2 ЧАСТЬ - ФИНАЛ | Path of Exile 1",Тупой Горностай,https://www.youtube.com/watch?v=uuLsnvzbZGQ,2026-08-07T16:00:14Z,1834,184.08,184.08,2091,2026-08-08T07:00:59Z,2091
2026-08-08T01:58:00Z,PoE 2 - Monk Build  Whirling Assault Invoker - Destroying All content -  0.5,Rynze,https://www.youtube.com/watch?v=gjErUuGgf-g,2026-08-07T16:58:07Z,7919,880.06,912.1,12813,2026-08-08T07:00:59Z,12813
2026-08-08T07:00:59Z,Path of Exile 2 Return of the Ancient Fun Farming,ShakeN_YT,https://www.youtube.com/watch?v=A9PjbknTz_A,2026-08-07T22:26:12Z,97,11.31,11.31,97,2026-08-08T07:00:59Z,97
2026-08-08T07:00:59Z,🔴LIVE - | Path of Exile 2 | Sorceress Build! CoC Expeditions Farming. Trying to HELP ME!,SuperNoob,https://www.youtube.com/watch?v=uTB96sHaJ8k,2026-08-08T01:25:28Z,72,12.0,12.0,72,2026-08-08T07:00:59Z,72
2026-08-08T07:00:59Z,Path of Exile 2 DROP até as 18h ICE SHOT boneco novo,Keuvelin,https://www.youtube.com/watch?v=lFar9tfYark,2026-08-08T02:00:21Z,101,16.83,16.83,102,2026-08-08T12:57:54Z,102
2026-08-08T07:00:59Z,باث فايندر | بث مباشر  باث اوف اكزايل 2 | path of exile 2 return of the ancients,BIG-POTATOO بيج بوتيتو,https://www.youtube.com/watch?v=xJ_1ZUBtW0M,2026-08-08T05:35:42Z,223,37.17,37.17,246,2026-08-08T18:44:17Z,246
2026-08-08T07:00:59Z,Path of Exile 2 -  Converting Iceshot to Twister   🥶   (PC),CRiZZO,https://www.youtube.com/watch?v=6qffh5wJoGM,2026-08-07T23:51:09Z,323,45.09,76.33,465,2026-08-08T18:44:17Z,465
2026-08-08T07:00:59Z,КРАФТ ТОП ПОЯСА НА ПРИСПЕШНИКОВ #poe2 #craft #shorts,holy_pashtet,https://www.youtube.com/watch?v=_hrrG9MRT94,2026-08-07T16:06:14Z,1252,83.96,83.96,1424,2026-08-08T12:57:54Z,1424
2026-08-08T07:00:59Z,The rune system needs a fix...,MisoxShiru,https://www.youtube.com/watch?v=ygrULC6GPIY,2026-08-08T04:26:30Z,691,115.17,260.81,3310,2026-08-08T18:44:17Z,3310
2026-08-08T12:57:54Z,Снова эксперименты. Path of Exile 2.,Lord Kolobok,https://www.youtube.com/watch?v=LseCob_oVDs,2026-08-07T16:32:29Z,149,7.3,7.3,149,2026-08-08T12:57:54Z,149
2026-08-08T12:57:54Z,[!LIVE] POE2 GRIND! SHRED DRUID + WITCH ON DECK | Path of Exile 2,W3llSeeYa,https://www.youtube.com/watch?v=XAGY5YogiJg,2026-08-08T07:45:45Z,52,8.67,8.67,55,2026-08-08T18:44:17Z,55
2026-08-08T12:57:54Z,[!LIVE] POE2 GRIND! SHRED DRUID + WITCH ON DECK | Path of Exile 2 (Portrait),W3llSeeYa,https://www.youtube.com/watch?v=v7jj7PVyGqk,2026-08-08T07:44:47Z,108,18.0,18.0,109,2026-08-08T18:44:17Z,109
2026-08-08T12:57:54Z,AFK Simulacrum until Voices Day6 - Path of Exile 2,Wolfyowns,https://www.youtube.com/watch?v=a53e-4U_svc,2026-08-08T04:24:17Z,177,20.68,29.44,422,2026-08-08T18:44:17Z,422
2026-08-08T12:57:54Z,Path of Exile 2: Abyss Farming,MrSoul,https://www.youtube.com/watch?v=YDEKCQOdhXY,2026-08-08T07:16:53Z,241,40.17,40.17,243,2026-08-08T18:44:17Z,243
2026-08-08T12:57:54Z,"LA BOUCLE, GROSSE UPDATE SUR CRAFT TO EXILE 2 - VOD1 07/08/26",Pandore Clips & VODs,https://www.youtube.com/watch?v=b5nyvx-xkxE,2026-08-08T05:20:32Z,810,106.26,106.26,1384,2026-08-08T18:44:17Z,1384
2026-08-08T12:57:54Z,"Diablo 4 New Season 15 Test Realm, later Titan Quest 2 new update! (#ad)",wudijo,https://www.youtube.com/watch?v=5Js0jwHgGr0,2026-08-07T23:50:00Z,3789,288.54,288.54,3831,2026-08-08T18:44:17Z,3831
2026-08-08T18:44:17Z,Path of Exile 2 0.5 - Spark CoEA/CoC Infernalist - T15 Delirium 200%,Saksaran Akra,https://www.youtube.com/watch?v=KlGWasyScmE,2026-08-08T17:03:39Z,12,2.0,2.0,12,2026-08-08T18:44:17Z,12
2026-08-08T18:44:17Z,🔴LIVE - | Path of Exile 2 | Sorceress Build! CoC Farming Rituals!,SuperNoob,https://www.youtube.com/watch?v=_YkWplTuzaA,2026-08-08T05:31:25Z,28,2.12,2.12,28,2026-08-08T18:44:17Z,28
2026-08-08T18:44:17Z,Path of Exile 2 - Minion Pro #1 - 69 Witch - SSF - Solo Self-found -  Maps - The Green Gooner - POE2,Shizanara x The Green Gooner x Unclemog,https://www.youtube.com/watch?v=WYoVc5uocBA,2026-08-08T11:56:29Z,15,2.21,2.21,15,2026-08-08T18:44:17Z,15
2026-08-08T18:44:17Z,[12] POE 2. Path Of Exile 2. HC SSF. Патч 0.5. 4K UHD.,KirpichIQ,https://www.youtube.com/watch?v=tLJ2fnXH7xs,2026-08-08T11:38:56Z,39,5.5,5.5,47,2026-08-09T02:05:48Z,47
2026-08-08T18:44:17Z,🔴Path of Exile 2 ลุย iceshot,KORNNGAP ,https://www.youtube.com/watch?v=J2oIrd2hhyA,2026-08-08T09:46:41Z,66,7.37,7.37,66,2026-08-08T18:44:17Z,66
2026-08-08T18:44:17Z,Path of Exile 2 Return of the Ancient Going for lvl 100,ShakeN_YT,https://www.youtube.com/watch?v=Qoc_sAUO-RA,2026-08-08T13:17:17Z,51,8.5,8.5,61,2026-08-09T02:05:48Z,61
2026-08-08T18:44:17Z,Path of Exile Elemental Bow Luminary Endgame Build Guide Budget Friendly,Slaydra,https://www.youtube.com/watch?v=kKzSuayTDhw,2026-08-08T08:57:15Z,138,14.1,14.1,235,2026-08-09T02:05:48Z,235
2026-08-08T18:44:17Z,ttk Mendeswts   path of exile 2,MendeZ,https://www.youtube.com/watch?v=ipWhWmk1798,2026-08-08T14:25:52Z,88,14.67,14.67,90,2026-08-09T07:03:28Z,90
2026-08-08T18:44:17Z,🔴[LIVE] 💀First Time Ever Playing PATH OF EXILE 2 | Sorceress MAPS! | Playthrough [Day 33],RelativityRabbit,https://www.youtube.com/watch?v=31cujRUiUpU,2026-08-08T16:28:57Z,914,152.33,152.33,1065,2026-08-09T07:03:28Z,1065
2026-08-08T18:44:17Z,⚡Easy Endgame Crossbow Craft | PoE 2 0.5 #pathofexile #shorts,Diztoh,https://www.youtube.com/watch?v=c33ih-P_Yzs,2026-08-08T14:03:56Z,2798,466.33,616.06,7412,2026-08-09T02:05:48Z,7412
2026-08-09T02:05:48Z,AO VIVO: Path of Exile 2 | Progredindo no ATLAS (MACACÃO 🦍),Zourim1x,https://www.youtube.com/watch?v=EW1vOWt2MPc,2026-08-08T15:54:00Z,55,5.39,5.39,55,2026-08-09T02:05:48Z,55
2026-08-09T02:05:48Z,🗿️ Catch These Martial Hands! | Path of Exile 2 [Early Access] [Linux],Essence of Gaming,https://www.youtube.com/watch?v=fA0NkxbZWU4,2026-08-08T20:44:23Z,40,6.67,6.67,40,2026-08-09T02:05:48Z,40
2026-08-09T02:05:48Z,TOP 12 NEW BUILDS IN POE 3.29 WEEK 2! Path of Exile Builds | POE BUILDS 3.29,KaidGames2,https://www.youtube.com/watch?v=lRp9C-xfZQ4,2026-08-08T20:00:27Z,49,8.05,8.05,49,2026-08-09T02:05:48Z,49
2026-08-09T02:05:48Z,[13] POE 2. Path Of Exile 2. HC SSF. Патч 0.5. 4K UHD.,KirpichIQ,https://www.youtube.com/watch?v=RlCYF79mA7c,2026-08-08T18:15:47Z,64,8.17,8.17,64,2026-08-09T07:03:28Z,64
2026-08-09T02:05:48Z,#33【Path of Exile 2: 'Return of the Ancients'】ジェムリング強いかも【おぶちゃんねる】#パスオブエグザイル2 #ゲーム実況,おぶちゃんねる,https://www.youtube.com/watch?v=R8bYApxUsuw,2026-08-08T15:22:04Z,109,10.16,10.16,114,2026-08-09T07:03:28Z,114
2026-08-09T02:05:48Z,Path of Exile 2 Return of the Ancient Going for lvl 100,ShakeN_YT,https://www.youtube.com/watch?v=kw_jNxrZ6GY,2026-08-08T22:12:27Z,72,12.0,12.0,73,2026-08-09T07:03:28Z,73
2026-08-09T02:05:48Z,Path of Exile 2 | Happy Weekends boiss! Apa itu hari libur?,Wildan R,https://www.youtube.com/watch?v=PvOitvYqKSg,2026-08-08T15:03:28Z,158,14.31,14.31,160,2026-08-09T07:03:28Z,160
2026-08-09T02:05:48Z,Path of Exile 2 Does NOT Need a Campaign Skip,Jazzarus,https://www.youtube.com/watch?v=1zYaK2fcGxA,2026-08-09T01:00:16Z,118,19.67,84.54,1016,2026-08-09T13:01:19Z,1016
2026-08-09T02:05:48Z,💥 Path of Exile 2 💥 Long Weekend Jams,PapaBonas,https://www.youtube.com/watch?v=yrhUypzi6I0,2026-08-08T19:13:28Z,173,25.17,29.83,179,2026-08-09T18:48:44Z,179
2026-08-09T02:05:48Z,Minha Nova Saga no PoE 2! Explicando as Regras l Do Zero Até 1 Mirror (LISO TO MIRROR),ChibaTTV,https://www.youtube.com/watch?v=jRSkxYAJyQw,2026-08-08T22:26:34Z,269,44.83,71.15,778,2026-08-09T13:01:19Z,778
2026-08-09T02:05:48Z,"ПОЕ ПЛОХО, ДИАБЛО ХОРОШО ★ PATH OF EXILE 2",Mechanize,https://www.youtube.com/watch?v=-9tukGDimd0,2026-08-08T21:17:03Z,364,60.67,60.67,397,2026-08-09T13:01:19Z,397
2026-08-09T02:05:48Z,The Cheapest Way to Farm Tablets in Path of Exile 2 #PoE2 #Tablets,Ray Calloway,https://www.youtube.com/watch?v=r7Rf0db-Z90,2026-08-08T20:03:00Z,740,122.38,122.38,1556,2026-08-09T13:01:19Z,1556
2026-08-09T02:05:48Z,60% Socket Effect +2 Projectile Gloves?! | PoE 2 0.5 Craft,Diztoh,https://www.youtube.com/watch?v=eXX6CUxcP_U,2026-08-08T21:33:48Z,2970,495.0,699.02,10806,2026-08-09T13:01:19Z,10806
2026-08-09T07:03:28Z,TOP 20 BEST BUILDS AFTER 3 MONTHS! Path of Exile 2 Builds | POE 2 0.5 Builds,KaidGames,https://www.youtube.com/watch?v=-1K7o0IYWjI,2026-08-08T22:00:23Z,39,4.31,4.31,39,2026-08-09T07:03:28Z,39
2026-08-09T07:03:28Z,Path of Exile 2 completando challenger! até o 36 é claro kk,Keuvelin,https://www.youtube.com/watch?v=F-1RX6fODXw,2026-08-09T02:28:49Z,67,11.17,11.17,67,2026-08-09T07:03:28Z,67
2026-08-09T07:03:28Z,Mageblood vs Headhunter - Which One is Better?,MisoxShiru,https://www.youtube.com/watch?v=5acTu8awcRQ,2026-08-09T06:52:40Z,92,15.33,1238.5,14781,2026-08-09T18:48:44Z,14781
2026-08-09T07:03:28Z,Partidita nocturna de Path of Exile 2,Skay,https://www.youtube.com/watch?v=UxovyvpF6Cs,2026-08-09T05:15:05Z,158,26.33,28.05,222,2026-08-09T18:48:44Z,222
2026-08-09T07:03:28Z,"Crafting For the Boys, and GRINDING Path of Exile 2 Endgame stream",MightyMouthDFT,https://www.youtube.com/watch?v=ezRy83nMJ2g,2026-08-09T02:59:34Z,160,26.67,26.67,161,2026-08-09T13:01:19Z,161
2026-08-09T07:03:28Z,These 5 Things MUST BE BUFFED In The Upcoming Event League | Path of Exile 2,KallTorak,https://www.youtube.com/watch?v=rs8MdhfUl6A,2026-08-09T00:42:01Z,832,130.87,165.23,2036,2026-08-09T13:01:19Z,2036
2026-08-09T07:03:28Z,Path of Exile 2 Cheats 2026 | ESP Aimbot Wallhack Undetected Hack Gameplay,CyanSandwich,https://www.youtube.com/watch?v=uskXA9L25es,2026-08-09T05:21:49Z,958,159.67,161.26,1235,2026-08-09T13:01:19Z,1235
2026-08-09T07:03:28Z,"[PoE] Paradoxica Str Stack Jugg Update - 2B DPS Next, Aspect of Lunaris Tech, Sublime And More",Carnarius,https://www.youtube.com/watch?v=O7k0orxOO-c,2026-08-08T15:45:20Z,3609,235.85,235.85,3609,2026-08-09T07:03:28Z,3609
2026-08-09T13:01:19Z,🌪️ SPIRIT WALKER TWISTER BUILD | Path of Exile 2 LIVE 🔥,iMisu,https://www.youtube.com/watch?v=GKpU34GdNEk,2026-08-08T22:06:30Z,116,7.78,7.78,116,2026-08-09T13:01:19Z,116
2026-08-09T13:01:19Z,"Утред, Пьющий звёзды и кровавый кушак - Path of Exile 2: Runes of Aldur • 27 (За Копейщика)",WarlockTD,https://www.youtube.com/watch?v=W-uMOkYBim8,2026-08-09T09:15:37Z,76,12.67,12.67,117,2026-08-09T18:48:44Z,117
2026-08-09T13:01:19Z,🔴LIVE - | Path of Exile 2 | Sorceress Build! CoC Going To Go For The BIg Item!,SuperNoob,https://www.youtube.com/watch?v=6oEaNO3CrtQ,2026-08-09T05:33:52Z,95,12.74,12.74,97,2026-08-09T18:48:44Z,97
2026-08-09T13:01:19Z,Path of Exile 2 Farming! / Then Modded Elden Ring,MrSoul,https://www.youtube.com/watch?v=c4MkA6gLskc,2026-08-09T05:32:33Z,141,18.85,18.85,144,2026-08-09T18:48:44Z,144
2026-08-09T13:01:19Z,JE CONSTRUIS UNE MASTERPIECE SUR CRAFT TO EXILE 2 - VOD2 08/08/26,Pandore Clips & VODs,https://www.youtube.com/watch?v=VFd2UbfSrfc,2026-08-08T20:30:29Z,514,31.12,31.12,514,2026-08-09T13:01:19Z,514
2026-08-09T13:01:19Z,500.000+ Hiveblood Amulet Farm Rehberi - Path of Exile 2 Türkçe Rehber (PoE2),Swordorin2,https://www.youtube.com/watch?v=dnDZZ5bA0Gg,2026-08-09T06:31:28Z,224,34.47,35.08,431,2026-08-09T18:48:44Z,431
2026-08-09T13:01:19Z,Path of Exile 2 - Ritual and Abyss  Farming  🥶🧙🏻‍♂️🎮    (PS5 Pro),CRiZZO,https://www.youtube.com/watch?v=JT31lWCfiyw,2026-08-09T08:27:15Z,247,41.17,41.17,251,2026-08-09T18:48:44Z,251
2026-08-09T13:01:19Z,Path of Exile będzie po Polsku! (1 i 2) | Język Polski w PoE + Czym Jest Muzeum,Kondyss,https://www.youtube.com/watch?v=QohNWg36yKI,2026-08-09T10:12:03Z,586,97.67,199.73,1720,2026-08-09T18:48:44Z,1720
2026-08-09T13:01:19Z,The UNLUCKIEST PoE Player in the WORLD Crafts a Luminary Merc Chest in 3.29 - Path of Exile,Spicysushi PoE,https://www.youtube.com/watch?v=V_wM_RXkSho,2026-08-09T12:33:39Z,1133,188.83,1960.0,21173,2026-08-10T02:10:18Z,21173
2026-08-09T18:48:44Z,Plant Druid: Focusing On Grim Pillars | Path Of Exile 2,DrOctaviousJr,https://www.youtube.com/watch?v=cB4JxFvFm0c,2026-08-09T14:36:50Z,30,5.0,5.0,30,2026-08-09T18:48:44Z,30
2026-08-09T18:48:44Z,Path of Exile 2 Gameplay Română | MOMENTE LIVE P4,iMisu,https://www.youtube.com/watch?v=V7vCiPd4pCg,2026-08-09T13:30:31Z,31,5.17,5.17,31,2026-08-09T18:48:44Z,31
2026-08-09T18:48:44Z,🔴PATH OF EXILE 2 | This Unique Beast Build is ACCIDENTALLY Overpowered in PoE 2,LUCKY'D'RIDER GAMING,https://www.youtube.com/watch?v=QxWOpf09bZc,2026-08-09T16:37:19Z,34,5.67,5.67,47,2026-08-10T02:10:18Z,47
2026-08-09T18:48:44Z,RANKING BEST BUILDS AFTER WEEK 2! Path of Exile Tier List | POE Tier List (NEW META),KaidGames2,https://www.youtube.com/watch?v=ulkapfxHxIo,2026-08-09T16:00:11Z,35,5.83,9.93,132,2026-08-10T07:50:21Z,132
2026-08-09T18:48:44Z,El mejor casco (para tirar) #maxiibyeme #poe2 #pathofexile2 #ggg #gaming #crafting #shorts,Maxii Byeme,https://www.youtube.com/watch?v=j5hitBlmwQc,2026-08-09T11:31:46Z,64,8.79,8.79,73,2026-08-10T02:10:18Z,73
2026-08-09T18:48:44Z,🔥🔥FARMEA DIVINOS CON KULEMAK ABYSS EN PATH OF EXILE 2 - 100% RENTABLE .🔥🔥,Byzontt,https://www.youtube.com/watch?v=O9nK5GUXtkc,2026-08-09T18:11:26Z,63,10.5,66.91,893,2026-08-10T13:19:45Z,893
2026-08-09T18:48:44Z,"Prima experiență în PoE 2, LIVE! EP.11 Path of Exile 2 România",IamNFI,https://www.youtube.com/watch?v=tjkv2I8UQvw,2026-08-09T15:21:49Z,78,13.0,13.0,82,2026-08-10T07:50:21Z,82
2026-08-09T18:48:44Z,ИГРА  СТАЛА ГРУЗИТЬ ПРОЦЕССОР НА 100% ★ PATH OF EXILE 2,Mechanize,https://www.youtube.com/watch?v=u2UJmN7tD20,2026-08-09T15:08:58Z,111,18.5,32.0,239,2026-08-10T19:03:28Z,239
2026-08-09T18:48:44Z,a PIOR build twink do jogo - Path of Exile 2,HIT Joga,https://www.youtube.com/watch?v=OxZOK27mt0A,2026-08-09T10:14:17Z,319,37.2,37.2,319,2026-08-09T18:48:44Z,319
2026-08-09T18:48:44Z,🔴[LIVE] 💀First Time Ever Playing PATH OF EXILE 2 | HC SSF | Playthrough [Day 1],RelativityRabbit,https://www.youtube.com/watch?v=Xg6q9ZLqGQ4,2026-08-09T16:23:46Z,943,157.17,157.17,992,2026-08-10T07:50:21Z,992
2026-08-10T02:10:18Z,Path of Exile 2 Live Stream| Witch Run,AlexofAllTrades,https://www.youtube.com/watch?v=NRD7xVy6Tg8,2026-08-09T18:25:48Z,55,7.1,7.1,55,2026-08-10T07:50:21Z,55
2026-08-10T02:10:18Z,PATH OF EXILE 2  01,M4DDN4 94M1N9,https://www.youtube.com/watch?v=ke9vVFYR_Ng,2026-08-09T22:26:32Z,46,7.67,7.67,46,2026-08-10T07:50:21Z,46
2026-08-10T02:10:18Z,Can we Finish this Ring Path of Exile 2 Endgame stream,MightyMouthDFT,https://www.youtube.com/watch?v=N88-YUlDyqw,2026-08-09T20:14:25Z,51,8.5,8.5,52,2026-08-10T07:50:21Z,52
2026-08-10T02:10:18Z,Path of Exile 2 Return of the Ancient Going for lvl 100,ShakeN_YT,https://www.youtube.com/watch?v=9JG35lq_myA,2026-08-09T23:10:58Z,60,10.0,10.0,69,2026-08-10T13:19:45Z,69
2026-08-10T02:10:18Z,🎩Path of Exile 2🎩👓Кровавая ведьма с арбалетом на холоде.👓,mrBLO стримы,https://www.youtube.com/watch?v=PIcGmlS64Ww,2026-08-09T17:46:19Z,147,17.5,17.5,176,2026-08-10T13:19:45Z,176
2026-08-10T02:10:18Z,🌪️ SPIRIT WALKER TWISTER BUILD (DEZNONAMANT) | Path of Exile 2 LIVE 🔥,iMisu,https://www.youtube.com/watch?v=p27U6fUdbyo,2026-08-10T00:13:43Z,105,17.5,17.5,119,2026-08-10T19:03:28Z,119
2026-08-10T02:10:18Z,[Path of Exile 2] #27 Путь к 100 лвл. Проверяем как играется после обновы.,KoToMaTb,https://www.youtube.com/watch?v=AutaYXVTKFc,2026-08-09T14:07:09Z,344,28.54,28.54,344,2026-08-10T07:50:21Z,344
2026-08-10T02:10:18Z,Path of Exile 2 Hardcore Bloated Miller Fight 😂,Coka Atm,https://www.youtube.com/watch?v=ER_DfwU9V4g,2026-08-09T22:33:37Z,235,39.17,39.17,321,2026-08-10T13:19:45Z,321
2026-08-10T02:10:18Z,TESTUJEMY BOXY T17! Winter ORB Pcharge Stacker! | !build !dc !starlink !strat,DattlerTV,https://www.youtube.com/watch?v=Hb-HDkNBaKM,2026-08-09T13:43:49Z,643,51.68,51.68,643,2026-08-10T02:10:18Z,643
2026-08-10T02:10:18Z,Path of Exile 2 - душ(ев)ное прохождение,Посиделки у монитора ,https://www.youtube.com/watch?v=mnn9FFS39ps,2026-08-09T21:28:58Z,400,66.67,66.67,486,2026-08-10T13:19:45Z,486
2026-08-10T02:10:18Z,АЙСШОТ ДЕДАЙ - ЛУЧШИЙ билд на хардкоре в Path Of Exile 2,holy_pashtet,https://www.youtube.com/watch?v=r_07iDve5Zk,2026-08-09T17:41:30Z,690,81.37,88.64,1649,2026-08-10T13:19:45Z,1649
2026-08-10T02:10:18Z,"Path of Exile 2 Hardcore Death, Grok Explains I Can’t Come Back",Coka Atm,https://www.youtube.com/watch?v=7h1kVTTUAC0,2026-08-09T21:44:02Z,564,94.0,94.0,1036,2026-08-10T13:19:45Z,1036
2026-08-10T07:50:21Z,Path of Exile 2 Фармим общаемся 0.5.0 залетай!,ItamItyt,https://www.youtube.com/watch?v=SqE_76AJkjU,2026-08-09T23:51:35Z,46,5.76,5.76,46,2026-08-10T13:19:45Z,46
2026-08-10T07:50:21Z,[14] POE 2. Path Of Exile 2. HC SSF. Патч 0.5. 4K UHD.,KirpichIQ,https://www.youtube.com/watch?v=JAmKwA-ZYgM,2026-08-09T13:49:15Z,121,6.72,6.72,121,2026-08-10T07:50:21Z,121
2026-08-10T07:50:21Z,Path of Exile 2 ICE SHOT boneco novo!,Keuvelin,https://www.youtube.com/watch?v=R6II_POUYXQ,2026-08-10T03:04:26Z,62,10.33,10.33,62,2026-08-10T19:03:28Z,62
2026-08-10T07:50:21Z,🔴LIVE - | Path of Exile 2 | Witch Totem Build! Let's See What We Can Do!,SuperNoob,https://www.youtube.com/watch?v=1lTb9UTH2c8,2026-08-10T02:19:17Z,216,36.0,36.0,225,2026-08-10T13:19:45Z,225
2026-08-10T13:19:45Z,Path of Exile 2 - Nivelando um Guerreiro  - (PS5 ),Serial Gameplays,https://www.youtube.com/watch?v=N5W9cMExhUw,2026-08-10T07:56:58Z,19,3.17,3.17,19,2026-08-10T13:19:45Z,19
2026-08-10T13:19:45Z,【Path of Exile 2: 'Return of the Ancients'】万能職ジェムリングをド派手に使う方法【おぶちゃんねる】#poe2 #パスオブエグザイル２ #ゲーム実況,おぶちゃんねる,https://www.youtube.com/watch?v=xDXMJJ3dXik,2026-08-10T09:00:33Z,30,5.0,9.45,95,2026-08-10T19:03:28Z,95
2026-08-10T13:19:45Z,Наследие Альдура - Path of Exile 2: Runes of Aldur • 28 (За Копейщика),WarlockTD,https://www.youtube.com/watch?v=m5EymHpUtHA,2026-08-10T09:15:37Z,73,12.17,12.25,120,2026-08-10T19:03:28Z,120
2026-08-10T13:19:45Z,POE2- Veamos que hay de nuevo el Path of Exile 2 ;D -Directo #197,Hideki Adventures,https://www.youtube.com/watch?v=BPTx_pZebtc,2026-08-10T09:14:14Z,74,12.33,12.33,78,2026-08-10T19:03:28Z,78
2026-08-10T13:19:45Z,Insane Loot or Total Scam? 📦Part 1,Sanchos Smazhnuy,https://www.youtube.com/watch?v=ef59nyoquqI,2026-08-10T08:20:25Z,91,15.17,28.18,302,2026-08-10T19:03:28Z,302
2026-08-10T13:19:45Z,PATH OF EXILE 2 INDONESIA NYOBAIN ICIP2 DIKIT BUILD SPARK TOTEM SHAMAN JANJI GA RUSUH  #pathofexile2,TUYUL DISKO,https://www.youtube.com/watch?v=mdXCsqdIla0,2026-08-10T11:37:17Z,173,28.83,28.83,224,2026-08-11T02:05:00Z,224
2026-08-10T13:19:45Z,Eu me arrependi - Path of Exile 2,HIT Joga,https://www.youtube.com/watch?v=AeJ8rGGUmMA,2026-08-10T10:12:12Z,438,73.0,73.0,490,2026-08-11T02:05:00Z,490
2026-08-10T13:19:45Z,สตรีมเมอร์ ❌ แม่ค้าไลฟ์สด✅ ขอ GGG มีปักตะกร้าที คิสรวยแน่นอน  #poe2 #pathofexile2,MyKissMe,https://www.youtube.com/watch?v=bKC0cu03Uqg,2026-08-10T06:42:15Z,1614,243.62,243.62,2213,2026-08-10T19:03:28Z,2213
2026-08-10T19:03:28Z,Plant Druid: Headed To The Abyss | Path Of Exile 2,DrOctaviousJr,https://www.youtube.com/watch?v=UnwRUbexXXs,2026-08-10T15:09:56Z,14,2.33,2.33,14,2026-08-10T19:03:28Z,14
2026-08-10T19:03:28Z,🔥Path of Exile 2🔥пересобираюсь в крит билд,Suneaterchannel,https://www.youtube.com/watch?v=TOF3nVJNUUI,2026-08-10T15:27:00Z,18,3.0,3.0,18,2026-08-10T19:03:28Z,18
2026-08-10T19:03:28Z,Path of Exile 2 Return of the Ancient Going for lvl 100,ShakeN_YT,https://www.youtube.com/watch?v=k9FYyOO2Ss0,2026-08-10T16:30:16Z,34,5.67,5.67,34,2026-08-10T19:03:28Z,34
2026-08-10T19:03:28Z,Path of Exile 2 - Druid Blasting  🥶🧙🏻‍♂️🎮    (PS5 Pro),CRiZZO,https://www.youtube.com/watch?v=PutGbaSOe4k,2026-08-10T16:47:07Z,44,7.33,7.33,44,2026-08-10T19:03:28Z,44
2026-08-10T19:03:28Z,Path of Exile 2 ICE SHOT boneco novo!,Keuvelin,https://www.youtube.com/watch?v=X0VIItbRjfM,2026-08-10T16:05:58Z,50,8.33,8.33,50,2026-08-10T19:03:28Z,50
2026-08-10T19:03:28Z,Path of Exile 2 | Adorned Jewel Spam abis itu Aldur kali ya ?,Wildan R,https://www.youtube.com/watch?v=EJHA881V9d0,2026-08-10T17:02:06Z,90,15.0,15.0,94,2026-08-11T07:15:30Z,94
2026-08-10T19:03:28Z,Фарм и всякое. Path of Exile 2. Short.,Lord Kolobok,https://www.youtube.com/watch?v=FCte5-0W-nA,2026-08-10T17:05:37Z,135,22.5,22.5,138,2026-08-11T07:15:30Z,138
2026-08-10T19:03:28Z,Melee Is Playing Path of Exile 2 on HARD MODE,Jazzarus,https://www.youtube.com/watch?v=3NSsEI1Gl4g,2026-08-10T15:30:33Z,301,50.17,113.77,1413,2026-08-11T07:15:30Z,1413
2026-08-10T19:03:28Z,Path of Exile 2 - Can We Make the Best Andvarius?,OnesInTheChat,https://www.youtube.com/watch?v=lI9031WhK_Y,2026-08-10T14:30:14Z,1806,301.0,329.2,3812,2026-08-11T02:05:00Z,3812
2026-08-10T19:03:28Z,최악의 평가를 받고 있는 POE2 타워/서판 시스템,춘삼_CHOONSAM,https://www.youtube.com/watch?v=4C15IET6nQ0,2026-08-10T13:31:37Z,1990,331.67,331.67,3591,2026-08-11T02:05:00Z,3591
2026-08-11T02:05:00Z,POE 2 New Build #POE2,Mike D,https://www.youtube.com/watch?v=6EyEFPMMYUM,2026-08-10T10:49:43Z,124,8.13,8.13,124,2026-08-11T02:05:00Z,124
2026-08-11T02:05:00Z,50x Kulemak Boss Farm Rehberi - Path of Exile 2 Türkçe Rehber (PoE2),Swordorin2,https://www.youtube.com/watch?v=nP-10AV4F-Q,2026-08-10T19:31:12Z,64,9.75,11.77,209,2026-08-11T13:16:45Z,209
2026-08-11T02:05:00Z,PATH OF EXILE 2 ➤ ПЕРВОЕ ПРОХОЖДЕНИЕ | 0.5 стрим 29,CyberBros,https://www.youtube.com/watch?v=oQRDCCEpDps,2026-08-10T22:30:41Z,64,10.67,10.67,66,2026-08-11T07:15:30Z,66
2026-08-11T02:05:00Z,Path of Exile 2 Return of the Ancient Going for lvl 100,ShakeN_YT,https://www.youtube.com/watch?v=6OHncWDcaRg,2026-08-10T23:23:15Z,68,11.33,11.33,69,2026-08-11T07:15:30Z,69
2026-08-11T02:05:00Z,🎩Path of Exile 2🎩👓Кровавая ведьма с арбалетом на холоде.👓,mrBLO стримы,https://www.youtube.com/watch?v=7szVLigiXyk,2026-08-10T14:13:16Z,164,13.83,13.83,164,2026-08-11T02:05:00Z,164
2026-08-11T02:05:00Z,⚔️ Path of Exile 2 LIVE | FARM FARM FARM,iMisu,https://www.youtube.com/watch?v=mTIF-SC6VzQ,2026-08-10T22:01:21Z,89,14.83,14.83,94,2026-08-11T13:16:45Z,94
2026-08-11T02:05:00Z,🔴 ELEMENTALIS SORCERRER 1000 METEOR - PATH OF EXILE 2 [0.5],Elandnor,https://www.youtube.com/watch?v=Rknf5UyO-O4,2026-08-10T23:14:03Z,111,18.5,18.5,112,2026-08-11T13:16:45Z,112
2026-08-11T02:05:00Z,LIVE | Exploring Thorns + Vile Intrusion on Warbringer | Path of Exile 2,Troy Tesko,https://www.youtube.com/watch?v=aauAbB-Cqho,2026-08-10T19:11:42Z,215,31.21,31.21,234,2026-08-11T13:16:45Z,234
2026-08-11T02:05:00Z,Path of Exile 2 | 150% Rarity Twister Spirit Walker! Divines Everywhere! (PoE 2 0.5 Huntress),SiahZ,https://www.youtube.com/watch?v=r1aM_002XMI,2026-08-10T21:51:13Z,711,118.5,118.5,1102,2026-08-11T13:16:45Z,1102
2026-08-11T02:05:00Z,The Easiest Budget Abyss Guide for Path of Exile 2 #PoE2 #Abyss #PathOfExile2,Ray Calloway,https://www.youtube.com/watch?v=yz9QTQbukVE,2026-08-10T20:03:48Z,778,129.24,135.59,2311,2026-08-11T13:16:45Z,2311
2026-08-11T02:05:00Z,ZERO TO HERO Charge Stacking Poison Exsanguinate Slayer PART 2 [Path of Exile 3.29],marty1230,https://www.youtube.com/watch?v=1l1cerrH4QM,2026-08-10T23:35:10Z,826,137.67,527.64,7225,2026-08-11T13:16:45Z,7225
2026-08-11T02:05:00Z,What is The Bodach? | Path Of Exile 2 Lore,Lore Of Exile,https://www.youtube.com/watch?v=Kl_gcuNHM2s,2026-08-10T23:14:23Z,1382,230.33,493.75,6932,2026-08-11T13:16:45Z,6932
2026-08-11T02:05:00Z,Zero To Mirror Playing The Game Ep 1. Sulphur Farming Is An INSANE Budget Farm,XTheFarmerX,https://www.youtube.com/watch?v=Fj4Vp8wu5do,2026-08-10T22:20:02Z,4778,796.33,796.33,4778,2026-08-11T02:05:00Z,4778
2026-08-11T07:15:30Z,THE MOST OP ESSENCE DRAIN BUILD I'VE EVER PLAYED! POE 2 Witch Build 0.5 (NEW META),KaidGames2,https://www.youtube.com/watch?v=-jnY-2ceMpQ,2026-08-11T03:00:27Z,27,4.5,7.11,88,2026-08-11T19:08:39Z,88
2026-08-11T07:15:30Z,Resonating Shield / Shield Wall | Titan Warrior | Leveling | Path Of Exile 2 0.5,LugoHQ,https://www.youtube.com/watch?v=qIcQFAEXaig,2026-08-11T01:29:18Z,34,5.67,5.67,38,2026-08-11T19:08:39Z,38
2026-08-11T07:15:30Z,Parei de tentar ficar rico - Path of Exile 2,HIT Joga,https://www.youtube.com/watch?v=6EK24JbYotY,2026-08-11T02:17:05Z,110,18.33,18.33,130,2026-08-11T19:08:39Z,130
2026-08-11T07:15:30Z,Alcancei o IMPOSSÍVEL? Minha Build Calamidade otimizada em Path of Exile 2,Leonhart Games,https://www.youtube.com/watch?v=lQ9mJN1Ozqw,2026-08-11T00:35:45Z,209,31.37,31.62,401,2026-08-11T13:16:45Z,401
2026-08-11T07:15:30Z,Path of Exile 2 - душ(ев)ное прохождение,Посиделки у монитора ,https://www.youtube.com/watch?v=YxqRfAd9qfQ,2026-08-11T01:27:27Z,455,75.83,75.83,612,2026-08-11T19:08:39Z,612
2026-08-11T07:15:30Z,[PoE 2] Raven Flock RF | Abyssal Lich Walk & Clear Build | Righteous Fire Playstyle (Patch 0.5.4),QueFun,https://www.youtube.com/watch?v=cS5pmxAJvYM,2026-08-10T17:36:25Z,1947,142.62,142.62,1947,2026-08-11T07:15:30Z,1947
2026-08-11T07:15:30Z,Making a Gemling Leveling Build,Raxxanterax,https://www.youtube.com/watch?v=XfAif286E60,2026-08-11T00:36:16Z,5053,759.39,759.39,5835,2026-08-11T13:16:45Z,5835
2026-08-11T13:16:45Z,[15] POE 2. Path Of Exile 2. HC SSF. Патч 0.5. 4K UHD.,KirpichIQ,https://www.youtube.com/watch?v=K5M4b12IMzU,2026-08-11T08:58:57Z,39,6.5,6.5,40,2026-08-11T19:08:39Z,40
2026-08-11T13:16:45Z,Insane Loot or Total Scam? 📦Part 2,Sanchos Smazhnuy,https://www.youtube.com/watch?v=0E49quTBx8w,2026-08-11T05:30:24Z,60,7.72,7.72,65,2026-08-11T19:08:39Z,65
2026-08-11T13:16:45Z,Poisonburst Arrow: Acolyte of Chayula Build Guide | Path of Exile 2,Realm Gaming TV,https://www.youtube.com/watch?v=tkmWuTnoQSY,2026-08-10T19:37:09Z,163,9.23,9.23,163,2026-08-11T13:16:45Z,163
2026-08-11T13:16:45Z,AFK Simulacrum until Voices Day7 - Path of Exile 2,Wolfyowns,https://www.youtube.com/watch?v=1hlnR8mJFMI,2026-08-11T06:39:39Z,70,10.58,10.58,111,2026-08-11T19:08:39Z,111
2026-08-11T13:16:45Z,Path Of Exile 2 Return Of The Ancients 6 New Character,LSneverEND,https://www.youtube.com/watch?v=tZU8CKVrnr4,2026-08-11T09:40:16Z,73,12.17,12.17,74,2026-08-12T02:22:29Z,74
2026-08-11T13:16:45Z,🔴LIVE - | Path of Exile 2 | Gemling Totem Build! Leveling This Build should be fun!,SuperNoob,https://www.youtube.com/watch?v=cFEtP2DL87Q,2026-08-11T02:52:07Z,136,13.06,13.06,150,2026-08-11T19:08:39Z,150
2026-08-11T13:16:45Z,🔥🔥ESTOS 9 CONSEJOS TE CAMBIARAN LA VIDA EN PATH OF EXILE 2 🔥🔥,Byzontt,https://www.youtube.com/watch?v=itYRgaAg5OE,2026-08-10T18:59:55Z,829,45.35,45.35,829,2026-08-11T13:16:45Z,829
2026-08-11T19:08:39Z,🔴[ARG] HOY LLEGAMOS A LOS MAPAS!! | PATH OF EXILE 2,HernanARPG,https://www.youtube.com/watch?v=CVSKxxsMemg,2026-08-11T16:41:47Z,6,1.0,1.0,6,2026-08-11T19:08:39Z,6
2026-08-11T19:08:39Z,Path of Exile 2 - Twink Leveling (Setup + Level 10) | Xbox Series X,Serial Gameplays,https://www.youtube.com/watch?v=Q_1_vDsJ840,2026-08-11T13:30:39Z,9,1.5,1.5,9,2026-08-11T19:08:39Z,9
2026-08-11T19:08:39Z,Path of Exile 2 / HCSSF / Abyssal Lich Run Day 3 perhaps ACT 2 Completion?!?!? / Come Chill,Stolensweaters,https://www.youtube.com/watch?v=XBog7OCbaP8,2026-08-11T18:43:38Z,9,1.5,1.5,9,2026-08-11T19:08:39Z,9
2026-08-11T19:08:39Z,PATH OF EXILE 2 🔥 MONKEY BUILD IS BROKEN! 🐒💀 INSANE DPS & FAST CLEAR | TAMIL LIVE,Pattadhaari Playz ,https://www.youtube.com/watch?v=Q3jn9JzqoPE,2026-08-11T15:04:17Z,17,2.83,2.83,17,2026-08-11T19:08:39Z,17
2026-08-11T19:08:39Z,Начальная Версия Билда Готова! Тесты и Улучшения Монаха | Path of Exile 2 №12,MiM,https://www.youtube.com/watch?v=Uiba1zE7zFQ,2026-08-11T04:00:05Z,62,4.09,4.09,62,2026-08-11T19:08:39Z,62
2026-08-11T19:08:39Z,"Чем больше фарма, тем лучше. Path of Exile 2.",Lord Kolobok,https://www.youtube.com/watch?v=WCKW_lM8PYY,2026-08-11T16:44:45Z,29,4.83,4.83,31,2026-08-12T07:39:47Z,31
2026-08-11T19:08:39Z,"Guía de Orbes Vaal y corrupción, Path of Exile 2 parche 0.5",KeystrokeG,https://www.youtube.com/watch?v=IOAvBuG0U0E,2026-08-11T17:45:35Z,64,10.67,55.14,681,2026-08-12T13:20:38Z,681
2026-08-11T19:08:39Z,"Чем больше фарма, тем лучше. Path of Exile 2. Short.",Lord Kolobok,https://www.youtube.com/watch?v=6FOuNRR8ZSk,2026-08-11T16:33:37Z,117,19.5,19.5,122,2026-08-12T07:39:47Z,122
2026-08-11T19:08:39Z,Công thức x2 Damnation mà ae không nên học theo,CheinGaming,https://www.youtube.com/watch?v=JdIur1qlbSg,2026-08-11T16:12:38Z,299,49.83,59.52,875,2026-08-12T07:39:47Z,875
2026-08-11T19:08:39Z,"[Poe] Paradoxica Str Stack Jugg Final Update - Blasted Monolith Cleared, How To Push Dmg and More",Carnarius,https://www.youtube.com/watch?v=a0g0ev3Ozds,2026-08-11T16:55:11Z,538,89.67,263.67,3620,2026-08-12T07:39:47Z,3620
2026-08-11T19:08:39Z,50 Things You Didn't Know About Path of Exile 2,Lolcohol,https://www.youtube.com/watch?v=rJTZ-DIJbd4,2026-08-11T15:11:45Z,3424,570.67,1147.5,17519,2026-08-12T07:39:47Z,17519
2026-08-12T02:22:29Z,Path of exile 2: Still figuring stuff out (No commentary maybe some ) Just but chilling 😎,Expertise Nexus,https://www.youtube.com/watch?v=mfEjY06xAS4,2026-08-12T01:46:28Z,16,2.67,6.67,50,2026-08-12T13:20:38Z,50
2026-08-12T02:22:29Z,Resonating Shield / Shield Wall | Titan Warrior | Leveling | Path Of Exile 2 0.5,LugoHQ,https://www.youtube.com/watch?v=baqpB8NUkSI,2026-08-11T23:47:08Z,25,4.17,5.2,42,2026-08-12T13:20:38Z,42
2026-08-12T02:22:29Z,NEW MOST OP ICE SHOT DEADEYE BUILD IN 0.5! POE 2 Ice Shot Build 0.5 (NEW META),KaidGames,https://www.youtube.com/watch?v=mJam-FMa-Z8,2026-08-11T18:00:39Z,35,4.18,4.18,63,2026-08-12T13:20:38Z,63
2026-08-12T02:22:29Z,Path of Exile 2 Return of the Ancient Fun Farming,ShakeN_YT,https://www.youtube.com/watch?v=S9wEtOseneQ,2026-08-11T23:43:12Z,26,4.33,4.41,35,2026-08-12T13:20:38Z,35
2026-08-12T02:22:29Z,Path of Exile 2 ICE SHOT boneco novo!,Keuvelin,https://www.youtube.com/watch?v=kxYQagIisZ4,2026-08-11T16:01:57Z,58,5.61,5.61,58,2026-08-12T02:22:29Z,58
2026-08-12T02:22:29Z,TOP 5 MOST OP DRUID BUILDS AFTER 2 MONTHS! POE 2 Druid Build 0.5 (NEW META),KaidGames2,https://www.youtube.com/watch?v=L-Ljxc4SbXw,2026-08-11T20:00:07Z,36,5.65,5.65,73,2026-08-12T13:20:38Z,73
2026-08-12T02:22:29Z,🔴Path of Exile 2 ลุย iceshot,KORNNGAP ,https://www.youtube.com/watch?v=0W1WWEc716o,2026-08-11T20:17:34Z,38,6.25,6.25,51,2026-08-12T13:20:38Z,51
2026-08-12T02:22:29Z,LIVE | Thorns Works Well With This Ability | Path of Exile 2,Troy Tesko,https://www.youtube.com/watch?v=4Clkh51PKfA,2026-08-11T19:18:29Z,247,34.95,34.95,261,2026-08-12T13:20:38Z,261
2026-08-12T02:22:29Z,I Used The Best Free Path Of Exile 2 Bot in 2026! And Its Insane! | Poe 2 AutoBot,Elisa Na Suiça,https://www.youtube.com/watch?v=Nlkbcl2uvLw,2026-08-11T19:31:09Z,1206,175.91,175.91,1217,2026-08-12T13:20:38Z,1217
2026-08-12T02:22:29Z,【POE2】エンドゲームにいきだあああああああああいいぃいい！！,スイクンゲームズ,https://www.youtube.com/watch?v=xTDiHSy3Fh4,2026-08-11T17:12:38Z,1809,197.4,197.4,1857,2026-08-12T07:39:47Z,1857
2026-08-12T02:22:29Z,Path of Exile 2 Enzo 2026 | Free Undetected Aimbot ESP Hack Menu PC,SpaK,https://www.youtube.com/watch?v=oYkTLCr069A,2026-08-11T21:23:23Z,1204,200.67,200.67,1208,2026-08-12T13:20:38Z,1208
2026-08-12T02:22:29Z,【PoE2 0.5】COOKING WHIRLWIND LICH - Path of Exile 2 !build !moba !Discord,[CCG] Circus Circle Games,https://www.youtube.com/watch?v=146SbNdA7_c,2026-08-11T20:01:44Z,2162,340.69,340.69,2313,2026-08-12T13:20:38Z,2313
2026-08-12T02:22:29Z,POE2's 0.5.5 Update Is Basically a Mini League — Here's Everything Confirmed,Scorpius,https://www.youtube.com/watch?v=soVch9a9VYk,2026-08-11T12:38:24Z,10089,734.55,734.55,10089,2026-08-12T02:22:29Z,10089
2026-08-12T07:39:47Z,Path of Exile 2 - душ(ев)ное прохождение,Посиделки у монитора ,https://www.youtube.com/watch?v=oyaIf0etBMc,2026-08-12T00:25:57Z,325,44.95,44.95,325,2026-08-12T07:39:47Z,325
2026-08-12T07:39:47Z,[POE2]  Thrashing Vines + 6 Comet + 2 Spark + 0 Mana Feat 6-man Expedition,MazBro,https://www.youtube.com/watch?v=jTMDhs5SpkA,2026-08-11T18:29:43Z,647,49.13,49.13,702,2026-08-12T13:20:38Z,702
2026-08-12T07:39:47Z,Qual build faz 5 carry com 2k divines? - Path of Exile 2,HIT Joga,https://www.youtube.com/watch?v=QUNlawQdC1Q,2026-08-12T07:01:09Z,344,57.33,61.82,405,2026-08-12T19:07:45Z,405
2026-08-12T13:20:38Z,{2D VTUBER} MORE PATH OF EXILE 2,Gryphonknight,https://www.youtube.com/watch?v=YxoABAUL5Cg,2026-08-12T12:16:48Z,19,3.17,3.17,19,2026-08-12T13:20:38Z,19
2026-08-12T13:20:38Z,Path of Exile 2,びゃあさんch,https://www.youtube.com/watch?v=2p2QduyekYw,2026-08-11T19:06:42Z,71,3.89,3.89,71,2026-08-12T13:20:38Z,71
2026-08-12T13:20:38Z,🔴[POE 2] 0.5.5 Event League Preparation Surely | Path Of Exile 2,Phalanx,https://www.youtube.com/watch?v=DygE3vbSl1I,2026-08-12T08:57:52Z,386,64.33,64.33,522,2026-08-12T19:07:45Z,522
2026-08-12T13:20:38Z,[POE2 v0.5] Patch 0.5.5 có class mới? Khi nào ra mắt? #gaming #pathofexile2 #shorts,Gà Senpai,https://www.youtube.com/watch?v=XKB0V2yv4_s,2026-08-12T08:22:05Z,722,120.33,130.75,1407,2026-08-12T19:07:45Z,1407
2026-08-12T13:20:38Z,【Donothon Reward】 First time playing Path of Exile 2 (PoE 2) LAG WARNING backseating allowed*,Mercy Modiste ,https://www.youtube.com/watch?v=VdIKlqAONqc,2026-08-12T06:41:16Z,863,129.65,129.65,974,2026-08-12T19:07:45Z,974
2026-08-12T13:20:38Z,Path of Exile 2 yeni ligi ne zaman gelir abi? - Path of Exile 2,Caner Jhonnie Güngörür,https://www.youtube.com/watch?v=OolUDqhEeb8,2026-08-12T07:59:16Z,1438,239.67,268.81,2995,2026-08-12T19:07:45Z,2995
2026-08-12T13:20:38Z,Zero to Mirror Day 2 - !build !filter poe1,Fubgun,https://www.youtube.com/watch?v=4zS3rncE4Gw,2026-08-11T23:30:57Z,19416,1404.1,1404.1,19416,2026-08-12T13:20:38Z,19416
2026-08-12T19:07:45Z,【PATH OF EXILE 2】TIBA-TIBA UDAH END GAME?! SAATNYA BUILD KARAKTER BARU?,ZeRein Arcadia,https://www.youtube.com/watch?v=tUfNPOU__oc,2026-08-12T08:21:40Z,48,4.46,6.76,58,2026-08-13T13:22:34Z,58
2026-08-12T19:07:45Z,LEAGUE OF LEGENDS / TFT / PATH OF EXILE 2 - ROMANIA,Tok4shi,https://www.youtube.com/watch?v=k3zVdAyai80,2026-08-12T16:14:50Z,34,5.67,5.67,34,2026-08-12T19:07:45Z,34
2026-08-12T19:07:45Z,"The Weeble Wobble build - Path of Exile 2 patch 0.5, 0-button cast on block",Nondairy Creamer,https://www.youtube.com/watch?v=R4lc5309wt4,2026-08-12T16:44:55Z,36,6.0,14.92,213,2026-08-13T07:41:40Z,213
2026-08-12T19:07:45Z,NEW BEST BUILD I'VE EVER PLAYED IN POE 2 0.5! Path of Exile 2 Build (NEW META),KaidGames2,https://www.youtube.com/watch?v=gV58wmmw0PA,2026-08-12T03:00:17Z,144,8.93,8.93,144,2026-08-12T19:07:45Z,144
2026-08-12T19:07:45Z,Подфармить. Path of Exile 2.,Lord Kolobok,https://www.youtube.com/watch?v=u4tcxZ0uv_U,2026-08-12T16:51:44Z,59,9.83,9.83,63,2026-08-13T02:24:09Z,63
2026-08-12T19:07:45Z,LIVE | Thorns Culling Vile Intrusion Warbringer | Path of Exile 2,Troy Tesko,https://www.youtube.com/watch?v=0LtCcdqO_3Q,2026-08-12T19:06:02Z,103,17.17,25.61,227,2026-08-13T13:22:34Z,227
2026-08-12T19:07:45Z,GLIDING DANS LE NETHER SUR CRAFT TO EXILE 2 - VOD4 11/08/26,Pandore Clips & VODs,https://www.youtube.com/watch?v=qV-DF3BUPhY,2026-08-12T08:21:25Z,189,17.54,17.54,189,2026-08-12T19:07:45Z,189
2026-08-12T19:07:45Z,"PoE 2 Lab Night | Crafting, Build Testing & Chat",Keyson,https://www.youtube.com/watch?v=MiIfKt9vo7c,2026-08-12T05:33:47Z,381,28.08,28.08,381,2026-08-12T19:07:45Z,381
2026-08-12T19:07:45Z,Path of Exile 2 Resistances Explained - Class of Exile,MyleSwi,https://www.youtube.com/watch?v=2nxrxpnstgw,2026-08-12T17:45:28Z,184,30.67,107.69,1451,2026-08-13T07:41:40Z,1451
2026-08-12T19:07:45Z,Path of Exile 2 Mod Menu 2026 (Free PC) Undetected | ESP + Loot Filter & Auto Pickup [No Ban],ZBR Movie Explained,https://www.youtube.com/watch?v=YiMi2b4zzrA,2026-08-12T15:08:37Z,247,41.17,41.17,247,2026-08-12T19:07:45Z,247
2026-08-12T19:07:45Z,🔴[LIVE] 💀First Time Ever Playing PATH OF EXILE 2 | HC SSF | Playthrough [Day 2],RelativityRabbit,https://www.youtube.com/watch?v=SutQjgEmCQ4,2026-08-12T18:13:18Z,556,92.67,92.67,677,2026-08-13T07:41:40Z,677
2026-08-12T19:07:45Z,Embark NEED To Steal This Strategy From GGG & Path Of Exile 2 To Improve ARC Raiders...,DeeAz,https://www.youtube.com/watch?v=v1Zg3AvlOBs,2026-08-12T08:30:04Z,1013,95.31,95.31,1013,2026-08-12T19:07:45Z,1013
2026-08-12T19:07:45Z,Hardcore Arbiter of Ash is DOWN! #shorts,Scorpius,https://www.youtube.com/watch?v=WCiqIePFf3o,2026-08-12T14:00:06Z,712,118.67,118.67,1208,2026-08-13T07:41:40Z,1208
2026-08-12T19:07:45Z,【PoE2 0.5】COOKING WHIRLWIND LICH - Path of Exile 2 !build !moba !Discord,[CCG] Circus Circle Games,https://www.youtube.com/watch?v=tAxlq7AceGY,2026-08-12T16:32:01Z,847,141.17,141.17,1162,2026-08-13T07:41:40Z,1162
2026-08-12T19:07:45Z,[UPDATED] I Used The Best Free Path Of Exile 2 Bot in 2026! And Its Insane! | Poe 2 AutoBot,Joyel George,https://www.youtube.com/watch?v=dF8B7TCDtbg,2026-08-12T14:22:07Z,1217,202.83,202.83,1244,2026-08-13T07:41:40Z,1244
2026-08-13T02:24:09Z,Resonating Shield / Shield Wall | Titan Warrior | Leveling | Path Of Exile 2 0.5,LugoHQ,https://www.youtube.com/watch?v=oZGbYJqk2zw,2026-08-12T21:44:26Z,43,7.17,7.17,45,2026-08-13T13:22:34Z,45
2026-08-13T02:24:09Z,#34【Path of Exile 2: 'Return of the Ancients'】今回はお試しチャージドスラム【おぶちゃんねる】#パスオブエグザイル2 #ゲーム実況,おぶちゃんねる,https://www.youtube.com/watch?v=yusjpEV2Upc,2026-08-12T15:15:23Z,86,7.72,7.72,87,2026-08-13T07:41:40Z,87
2026-08-13T02:24:09Z,Подфармить. Path of Exile 2. Short.,Lord Kolobok,https://www.youtube.com/watch?v=mn0hCOzpHE0,2026-08-12T16:33:06Z,92,9.34,9.34,94,2026-08-13T07:41:40Z,94
2026-08-13T02:24:09Z,Path of Exile 2 | Back to farming div mulai habis!,Wildan R,https://www.youtube.com/watch?v=GlL76pHFB7A,2026-08-12T21:09:39Z,87,14.5,14.5,90,2026-08-13T07:41:40Z,90
2026-08-13T02:24:09Z,TEMPORALIS DÜŞÜRME ÇABALARI - PATH OF EXILE 2 RETURN OF THE ANCIENTS,Doğukan Rivotra,https://www.youtube.com/watch?v=A4O_0F4iiFw,2026-08-12T20:16:21Z,198,32.3,32.3,249,2026-08-13T13:22:34Z,249
2026-08-13T02:24:09Z,Path of Exile 2 - душ(ев)ное прохождение,Посиделки у монитора ,https://www.youtube.com/watch?v=SWl9vkfBynw,2026-08-12T18:04:47Z,291,34.96,71.33,484,2026-08-13T19:08:36Z,484
2026-08-13T02:24:09Z,2 Mirror Divination Card Gamba                     #pathofexile #poe #pathofexile2 #divinationcards,Turkish Exile,https://www.youtube.com/watch?v=Gb-5LBCc2w8,2026-08-12T12:30:07Z,695,50.0,50.0,695,2026-08-13T02:24:09Z,695
2026-08-13T02:24:09Z,Path of Exile 2 | Mid Season Reset Soon! 150% Rarity Twister Spirit Walker! (PoE 2 0.5 Huntress),SiahZ,https://www.youtube.com/watch?v=D3qmfSvVFpw,2026-08-12T20:07:07Z,453,72.09,72.09,656,2026-08-13T13:22:34Z,656
2026-08-13T02:24:09Z,"Path of Exile 2 Cheat 2026 – Enemy ESP, Loot ESP + Item Finder & Map Overlay",ALDP CRB,https://www.youtube.com/watch?v=lraUlVGKFFY,2026-08-12T22:12:16Z,1170,195.0,195.0,1177,2026-08-13T13:22:34Z,1177
2026-08-13T02:24:09Z,Top 5 Uniques That Need a Buff in Patch 0.5.5,MisoxShiru,https://www.youtube.com/watch?v=tsouyKpDzSQ,2026-08-12T14:00:25Z,8599,693.7,693.7,10082,2026-08-13T07:41:40Z,10082
2026-08-13T02:24:09Z,LUMINARY IS THE ONLY THING KEEPING ME IN 3.29 | Boots & Shield Craft - Path of Exile 1,Spicysushi PoE,https://www.youtube.com/watch?v=Y95F6-ZUDiw,2026-08-12T14:33:38Z,13344,1126.82,1126.82,16744,2026-08-13T07:41:40Z,16744
2026-08-13T02:24:09Z,DEATH'S OATH JOURNEY [FROM ZERO TO HERO] PART 2 - BIGGEST POPS WE'VE EVER SEEN - DOUBLE EXPLOSIONS™,MAGEFIST,https://www.youtube.com/watch?v=1GXjxASo7lc,2026-08-12T13:00:15Z,74437,5555.58,5555.58,74437,2026-08-13T02:24:09Z,74437
2026-08-13T07:41:40Z,POE 2 .05 WitchHunter Mace Build Vs. Arbiter of Ash: Single Combo Phase #poe2,Levi's_Jeans_FN,https://www.youtube.com/watch?v=e7z2BVLXJVc,2026-08-13T03:55:35Z,52,8.67,23.7,250,2026-08-13T19:08:36Z,250
2026-08-13T07:41:40Z,[Live] PATH OF EXILE 2 (Portrait),BangDod,https://www.youtube.com/watch?v=gz5803FIZmA,2026-08-13T02:28:45Z,227,37.83,38.0,228,2026-08-14T07:39:12Z,228
2026-08-13T07:41:40Z,poe2 제작 1위의 퀄리티 잡는 비법?,그래서 이 채널을 시작하게 되었습니다,https://www.youtube.com/watch?v=oGNZjUCKvpA,2026-08-13T06:10:50Z,721,120.17,226.8,2053,2026-08-13T19:08:36Z,2053
2026-08-13T13:22:34Z,Path of Exile 2,Dr.Oz_11,https://www.youtube.com/watch?v=Esj4AOotkb8,2026-08-13T09:12:00Z,14,2.33,2.33,14,2026-08-13T13:22:34Z,14
2026-08-13T13:22:34Z,Path of Exile 2 ICE SHOT boneco novo!,Keuvelin,https://www.youtube.com/watch?v=bpkZSva5wn8,2026-08-13T00:49:01Z,32,2.55,2.55,32,2026-08-13T13:22:34Z,32
2026-08-13T13:22:34Z,Path of Exile 2 Return of the Ancient Fun Farming,ShakeN_YT,https://www.youtube.com/watch?v=MdM-jqfLHV0,2026-08-13T09:55:32Z,19,3.17,3.17,19,2026-08-13T13:22:34Z,19
2026-08-13T13:22:34Z,Path of Exile 2 - Maxxed Out Druid Blasting  🥶🧙🏻‍♂️🎮    (PS5 Pro),CRiZZO,https://www.youtube.com/watch?v=9gv6MA2TSpQ,2026-08-13T02:21:39Z,36,3.27,3.27,36,2026-08-13T13:22:34Z,36
2026-08-13T13:22:34Z,TOP 5 MOST OP MONK BUILDS AFTER 2 MONTHS! POE 2 Monk Build 0.5 (NEW META),KaidGames2,https://www.youtube.com/watch?v=RYQxrTlaeEM,2026-08-13T03:00:17Z,51,4.92,4.96,80,2026-08-13T19:08:36Z,80
2026-08-13T13:22:34Z,Path of Exile 2,Dr.Oz_11,https://www.youtube.com/watch?v=MMZrmxUCVDY,2026-08-13T11:37:51Z,43,7.17,7.17,43,2026-08-13T19:08:36Z,43
2026-08-13T13:22:34Z,Can I Hit Level 100 Without Dying? Level 99 Varashta - Talking 0.5.5 With @DEADR4BB1T,Blazeworks TV,https://www.youtube.com/watch?v=NTUPjQOcASU,2026-08-12T22:39:51Z,566,38.47,38.47,566,2026-08-13T13:22:34Z,566
2026-08-13T13:22:34Z,Path of Exile 2 CONFIRMOU a Gamescom… e os vazamentos fazem MUITO sentido!,Mano Imp,https://www.youtube.com/watch?v=Zn4lBfDSnYo,2026-08-13T12:44:34Z,256,42.67,489.5,6669,2026-08-14T02:22:00Z,6669
2026-08-13T13:22:34Z,【Path of Exile 2】クソボスに遭遇した時のPOE2 初心者プレイヤー　 #PoE2　#PathOfExile2　#ゲーム実況,あきちゃんは引きこもりたい,https://www.youtube.com/watch?v=3vPGbfEBA10,2026-08-13T08:00:30Z,310,51.67,51.67,353,2026-08-13T19:08:36Z,353
2026-08-13T13:22:34Z,Making a Gemling Leveling Build,Raxxanterax,https://www.youtube.com/watch?v=ovLerh25rZk,2026-08-12T23:43:38Z,3761,275.55,275.55,3761,2026-08-13T13:22:34Z,3761
2026-08-13T19:08:36Z,Path of Exile 2 : ต้องเข้าใจแค่ไหน ถึงจะรู้ว่า...ควรไปต่อ,THE HITTBOX,https://www.youtube.com/watch?v=B4brd7ZHlus,2026-08-13T10:00:28Z,32,3.5,3.5,32,2026-08-13T19:08:36Z,32
2026-08-13T19:08:36Z,[0.5] Path of Exile 2 First Stream Having Fun!,Path Exile,https://www.youtube.com/watch?v=ZCh4cjm1e-M,2026-08-13T17:09:17Z,22,3.67,3.67,22,2026-08-13T19:08:36Z,22
2026-08-13T19:08:36Z,New Build? | Path Of Exile 2,DrOctaviousJr,https://www.youtube.com/watch?v=a2jp9NX8q70,2026-08-13T14:30:37Z,23,3.83,3.83,23,2026-08-13T19:08:36Z,23
2026-08-13T19:08:36Z,[17] POE 2. Path Of Exile 2. HC SSF. Патч 0.5. 4K UHD.,KirpichIQ,https://www.youtube.com/watch?v=HA-a9VGrMkU,2026-08-13T14:47:33Z,36,6.0,6.0,36,2026-08-13T19:08:36Z,36
2026-08-13T19:08:36Z,"Guía de orbes y divisas, Path of Exile 2 parche 0.5",KeystrokeG,https://www.youtube.com/watch?v=tlQpRHStV0Y,2026-08-13T16:54:53Z,68,11.33,21.37,224,2026-08-14T07:39:12Z,224
2026-08-13T19:08:36Z,Gemling Sunder Build - Path of Exile 2,WINTALITY,https://www.youtube.com/watch?v=JWbJTOZf56M,2026-08-13T15:20:36Z,80,13.33,35.68,582,2026-08-14T07:39:12Z,582
2026-08-13T19:08:36Z,【POE2】火力不足でも生き残りたい！！,スイクンゲームズ,https://www.youtube.com/watch?v=VKNWTTJ5jZs,2026-08-13T04:48:36Z,737,51.42,51.42,737,2026-08-13T19:08:36Z,737
2026-08-13T19:08:36Z,Harcore Arbiter of Divinity is DOWN! #shorts,Scorpius,https://www.youtube.com/watch?v=AB09huIqLwc,2026-08-13T14:30:03Z,570,95.0,95.0,1201,2026-08-14T07:39:12Z,1201
2026-08-13T19:08:36Z,I Used The Best Free Path Of Exile 2 Bot in 2026! And Its Insane! | Poe 2 AutoBot [FREE],Máy nông nghiệp Thanh Hùng,https://www.youtube.com/watch?v=yCIiSuRHa8A,2026-08-13T16:58:50Z,936,156.0,156.0,936,2026-08-14T07:39:12Z,936
2026-08-13T19:08:36Z,I Used The Best Free Path Of Exile 2 Bot in 2026! And Its Insane! | Poe 2 AutoBot SAFE,Vanessa Huang,https://www.youtube.com/watch?v=9o_-VuBHxE0,2026-08-13T14:01:44Z,1278,213.0,213.0,1361,2026-08-14T02:22:00Z,1361
2026-08-13T19:08:36Z,PoE2 Changed... A LOT! - Path of Exile 2 Pod w/ SamyCaps,Talkative Tri,https://www.youtube.com/watch?v=v3H1MQnbM0M,2026-08-13T14:07:07Z,1619,269.83,312.94,4752,2026-08-14T07:39:12Z,4752
2026-08-13T19:08:36Z,Path of Exile 2 BIG REVEAL in 2 Weeks?? (News & SamyCaps Pod),Talkative Tri,https://www.youtube.com/watch?v=n6lvtlXh37g,2026-08-13T13:41:11Z,3046,507.67,507.67,3268,2026-08-14T02:22:00Z,3268
2026-08-14T02:22:00Z,🔴 เล่นยาว 50 วัน  | Path of Exile 2 | วันที่ 24 ไม่เล่นบอลแล้วนะ (ภาพจาก Piweee),2055 Capital,https://www.youtube.com/watch?v=ZH2yAMaanOs,2026-08-13T13:09:51Z,96,7.27,16.0,97,2026-08-14T19:00:20Z,97
2026-08-14T02:22:00Z,#35【Path of Exile 2: 'Return of the Ancients'】チャージドスラムで幕間を終わらせに来た！！【おぶちゃんねる】#パスオブエグザイル2 #ゲーム実況,おぶちゃんねる,https://www.youtube.com/watch?v=A7Uo6_LnbSc,2026-08-13T23:45:42Z,54,9.0,9.12,75,2026-08-14T13:17:26Z,75
2026-08-14T02:22:00Z,Cuando el orbe Vaal... #maxiibyeme #poe2 #pathofexile2 #ggg #gaming #crafting #shorts,Maxii Byeme,https://www.youtube.com/watch?v=eTmiAX7Xhww,2026-08-13T19:19:21Z,78,11.07,11.07,78,2026-08-14T02:22:00Z,78
2026-08-14T02:22:00Z,poe 2 #shorts #poe2,Aidan Reed,https://www.youtube.com/watch?v=pHsbfcSZN0E,2026-08-13T16:43:36Z,118,12.24,12.24,118,2026-08-14T02:22:00Z,118
2026-08-14T02:22:00Z,Path of Exile 2 Exposes Everything Wrong With Live Service Games,Jazzarus,https://www.youtube.com/watch?v=LeIx6ErwXMg,2026-08-14T01:00:25Z,114,19.0,102.9,1506,2026-08-14T19:00:20Z,1506
2026-08-14T02:22:00Z,Why Path of Exile 2 NEW Season Is A Must Play!,AussiesomeTwo,https://www.youtube.com/watch?v=0k7DjDqbrmA,2026-08-13T20:47:18Z,155,25.83,39.67,504,2026-08-14T13:17:26Z,504
2026-08-14T02:22:00Z,Path of Exile 2 - душ(ев)ное прохождение,Посиделки у монитора ,https://www.youtube.com/watch?v=X8eSpdI3jqs,2026-08-13T22:22:09Z,186,31.0,31.0,234,2026-08-14T07:39:12Z,234
2026-08-14T02:22:00Z,🎩Path of Exile 2🎩👓Кровавая ведьма с арбалетом на холоде.👓,mrBLO стримы,https://www.youtube.com/watch?v=GqRYKZEyAnY,2026-08-13T19:54:47Z,215,33.31,33.31,215,2026-08-14T13:17:26Z,215
2026-08-14T02:22:00Z,LIVE | Vile Intrusion + Thorns = Good | Path of Exile 2,Troy Tesko,https://www.youtube.com/watch?v=u-UaLJjEFgA,2026-08-13T19:07:11Z,248,34.22,34.22,262,2026-08-14T13:17:26Z,262
2026-08-14T02:22:00Z,AKT 2 lief definitiv anders als ich dachte | PoE2 HCSSF Projekt Ep. 5,KrushR,https://www.youtube.com/watch?v=zVSrrE3efYA,2026-08-13T15:00:12Z,813,71.54,71.54,989,2026-08-14T07:39:12Z,989
2026-08-14T02:22:00Z,Everything We Know About PoE 2 0.5.5 - Podcast ft. @DEADR4BB1T,Blazeworks TV,https://www.youtube.com/watch?v=ubgMGye7ypA,2026-08-13T15:00:36Z,2550,224.53,224.53,3373,2026-08-14T07:39:12Z,3373
2026-08-14T07:39:12Z,Path of Exile 2 - Ascendancy Carried & Leveling  🥶🧙🏻‍♂️🎮    (PS5 Pro),CRiZZO,https://www.youtube.com/watch?v=HtkHHYad3og,2026-08-14T03:22:13Z,73,12.17,12.17,76,2026-08-14T13:17:26Z,76
2026-08-14T07:39:12Z,"💥PATH OF EXILE 2💥 HARDCORE: СОБИРАЕМСЯ НА КАРТЫ, СНОВА! 🔥ВОИН РАЗЛОМ ЗЕМЛИ🔥",MERENKOFF,https://www.youtube.com/watch?v=ABr1jpnpGxc,2026-08-14T05:30:25Z,159,26.5,26.5,182,2026-08-15T01:34:15Z,182
2026-08-14T07:39:12Z,PoE2 How to set up a loot filter,JuxtAPoser,https://www.youtube.com/watch?v=dO4b3AiRleY,2026-08-13T23:18:33Z,312,37.39,37.39,450,2026-08-14T19:00:20Z,450
2026-08-14T07:39:12Z,Queria essa build desde a 0.1! - Path of Exile 2,HIT Joga,https://www.youtube.com/watch?v=KBxiJN-r-b8,2026-08-14T03:47:53Z,253,42.17,42.17,264,2026-08-14T19:00:20Z,264
2026-08-14T07:39:12Z,Can I Hit Level 100 Without Dying? Level 99 Varashta - ExileCon Qualifer Race Later!,Blazeworks TV,https://www.youtube.com/watch?v=USX7ljbePPw,2026-08-13T23:37:47Z,477,59.45,59.45,497,2026-08-14T13:17:26Z,497
2026-08-14T13:17:26Z,Path of Exile 2 ICE SHOT boneco novo!,Keuvelin,https://www.youtube.com/watch?v=EkVtjyfciOw,2026-08-14T00:04:30Z,66,4.99,4.99,66,2026-08-14T13:17:26Z,66
2026-08-14T13:17:26Z,🎩Path of Exile 2🎩👓Кровавая ведьма с арбалетом на холоде.👓,mrBLO стримы,https://www.youtube.com/watch?v=ohEHWKBe5Gs,2026-08-13T23:08:12Z,97,6.85,6.85,102,2026-08-14T19:00:20Z,102
2026-08-14T13:17:26Z,⚔️ Path of Exile 2 LIVE | FARM SI PLANURI,iMisu,https://www.youtube.com/watch?v=JGj5rdFKn5w,2026-08-13T23:35:29Z,119,8.69,8.69,123,2026-08-14T19:00:20Z,123
2026-08-14T13:17:26Z,Path of Exile 2 - Conhecendo o game,Taribaxa,https://www.youtube.com/watch?v=cyWBxJRnxXc,2026-08-14T04:40:35Z,77,8.94,8.94,80,2026-08-14T19:00:20Z,80
2026-08-14T13:17:26Z,THE LIGHTNING BUILD IS STARTING TO HIT⚡Path of Exile 2,Fuzionlol,https://www.youtube.com/watch?v=TimQU3cmLxY,2026-08-14T08:20:07Z,138,23.0,23.0,157,2026-08-15T01:34:15Z,157
2026-08-14T13:17:26Z,【PoE2】近接トーテムが2刀流で暴走開始!? 楽勝ACT装備クラフト＆スキル振りを完全解説 ACT3-4編【Path of Exile 2】,おひつじのゲーム,https://www.youtube.com/watch?v=VsArlgwdepY,2026-08-14T09:00:06Z,148,24.67,30.39,387,2026-08-15T01:34:15Z,387
2026-08-14T13:17:26Z,PATH OF EXILE 2 INDONESIA GEMLING SPARK COMET SUPER DUPER BOCORRRR!!! #pathofexile2 #mediashareon,TUYUL DISKO,https://www.youtube.com/watch?v=m1lnscOst7A,2026-08-14T11:50:33Z,157,26.17,26.17,200,2026-08-15T06:46:12Z,200
2026-08-14T13:17:26Z,PoE 2 | SOO viele Grand Expeditions Aldurs Saga😀,Baskenater,https://www.youtube.com/watch?v=S2satW8KVbo,2026-08-14T11:19:51Z,485,80.83,132.64,1194,2026-08-15T01:34:15Z,1194
2026-08-14T13:17:26Z,4 Acts in 2 Hours? These PoE 2 Players are Getting FAST! - PATH of EXILE 2 Exilecon Qualifier 2 of 4,ZiggyD Gaming,https://www.youtube.com/watch?v=KEAuYEt3H2A,2026-08-14T02:39:45Z,3775,355.18,355.18,5342,2026-08-14T19:00:20Z,5342
2026-08-14T19:00:20Z,"Как крафтить ""золотые"" амулеты с большой прибылью в Path of Exile 2? Гайд по крафту в мертвой лиге",Unstoppablebtw,https://www.youtube.com/watch?v=l8pDI0_rYuk,2026-08-14T18:38:08Z,99,16.5,149.81,2043,2026-08-15T12:46:59Z,2043
2026-08-14T19:00:20Z,PoE 2 Lightning Spear Ritualist - INSANE SCREEN CLEAR Build | 0.5 Path of Exile 2,Byankuu,https://www.youtube.com/watch?v=7pbdEpkV9Fo,2026-08-14T15:00:17Z,209,34.83,138.91,2190,2026-08-15T06:46:12Z,2190
2026-08-14T19:00:20Z,Poe 2 has a MASSIVE Tablet Problem Patch 0.5,TheMidTierGamer,https://www.youtube.com/watch?v=_oKK16AXcKo,2026-08-14T01:59:03Z,1013,59.51,59.51,1013,2026-08-14T19:00:20Z,1013
2026-08-14T19:00:20Z,How Do We Actually Make Our Builds? w/ @FunkehChicken - The Path 2 Exile Podcast Ep. 56,MisoxShiru,https://www.youtube.com/watch?v=zSOLShlU6zU,2026-08-14T01:43:36Z,3186,184.38,184.38,3186,2026-08-14T19:00:20Z,3186
2026-08-14T19:00:20Z,"[POE2] 현금 11,000원짜리 두건 무료 획득 안내!! 남은시간 단 7시간!!!! [패스오브엑자일2]",리펙스 | REPEX,https://www.youtube.com/watch?v=d8lAYxEkLik,2026-08-14T13:42:46Z,1128,188.0,226.17,3479,2026-08-15T06:46:12Z,3479
2026-08-14T19:00:20Z,What's Next for Path of Exile 2?,DarthMicrotransaction TV,https://www.youtube.com/watch?v=jIlIo5mmXjc,2026-08-14T18:22:59Z,1970,328.33,3112.67,41038,2026-08-15T12:46:59Z,41038
2026-08-14T19:00:20Z,Path of Exile 2 - Mega Tier List for ALL Content,OnesInTheChat,https://www.youtube.com/watch?v=JJx2XtOyDX0,2026-08-14T14:30:26Z,1998,333.0,514.47,7164,2026-08-15T06:46:12Z,7164
2026-08-15T01:34:15Z,Craftology 101 in Session Path of Exile 2 Endgame stream,MightyMouthDFT,https://www.youtube.com/watch?v=uecQYLVVNN8,2026-08-14T21:43:32Z,45,7.5,7.5,45,2026-08-15T01:34:15Z,45
2026-08-15T01:34:15Z,Path of Exile 2 farmando de ICE SHOT! depois poe 1 talvez,Keuvelin,https://www.youtube.com/watch?v=yarwUIOQtnE,2026-08-15T00:50:52Z,56,9.33,11.5,69,2026-08-15T18:36:03Z,69
2026-08-15T01:34:15Z,💥PATH OF EXILE 2💥 HARDCORE: РАСКАЧАЕМ ЭТОТ МИР!!!🔥ВОИН РАЗЛОМ ЗЕМЛИ🔥,MERENKOFF,https://www.youtube.com/watch?v=hO7rpUELh2U,2026-08-14T21:24:17Z,93,15.5,15.5,97,2026-08-15T12:46:59Z,97
2026-08-15T01:34:15Z,Path of Exile 2 | Upgrade build baru sambil membajak laut,Wildan R,https://www.youtube.com/watch?v=u_FWR3FkH2k,2026-08-14T18:38:26Z,110,15.87,15.87,110,2026-08-15T12:46:59Z,110
2026-08-15T01:34:15Z,[Path of Exile 2] Смогу ли я выжить в приватной лиге? Заморозили Жеонора!,KoToMaTb,https://www.youtube.com/watch?v=nz0PAvG5cag,2026-08-14T19:17:58Z,170,27.11,27.11,172,2026-08-15T12:46:59Z,172
2026-08-15T01:34:15Z,Yeni Başlayanlara Özel Başlangıç Rehberi - Bölüm 1 - Path of Exile 2 Türkçe Rehber (PoE2),Swordorin2,https://www.youtube.com/watch?v=1wsa53-xprE,2026-08-14T17:48:26Z,235,30.27,30.27,314,2026-08-15T06:46:12Z,314
2026-08-15T01:34:15Z,LIVE | Final Day On Vile Intrusion | Path of Exile 2,Troy Tesko,https://www.youtube.com/watch?v=D4FYRalxgiU,2026-08-14T18:58:52Z,219,33.23,33.23,230,2026-08-15T12:46:59Z,230
2026-08-15T01:34:15Z,🔥🔥GUIA COMPLETA PARA SABER QUE BASES DE ITEMS RECOGER Y CUALES SON LAS MAS UTILES EN POE 2🔥🔥,Byzontt,https://www.youtube.com/watch?v=vrb8VxRBvkQ,2026-08-14T20:05:24Z,238,39.67,39.67,423,2026-08-15T06:46:12Z,423
2026-08-15T01:34:15Z,The Transcension Device Trick You Are Missing in PoE 2 #PathOfExile2 #TranscensionDevice #PoE2,Ray Calloway,https://www.youtube.com/watch?v=2Hvd_BWc0vg,2026-08-14T20:03:18Z,786,131.0,136.82,2211,2026-08-15T12:46:59Z,2211
2026-08-15T01:34:15Z,Path of Exile 2 More Mercenary Practice,Raxxanterax,https://www.youtube.com/watch?v=RVaMXAzZrZQ,2026-08-14T23:08:26Z,3910,651.67,651.67,4984,2026-08-16T01:40:53Z,4984
2026-08-15T06:46:12Z,TOP 6 NEW BROKEN BUILDS IN POE2 0.5! Path of Exile 2 Builds | POE 2 Builds,KaidGames2,https://www.youtube.com/watch?v=0uxZ6362R9U,2026-08-14T20:00:38Z,80,7.44,7.44,111,2026-08-15T12:46:59Z,111
2026-08-15T06:46:12Z,TheoryCast Ep. 26 w/ @Goratha | Path of Exile 3.29,z3r0pointflux,https://www.youtube.com/watch?v=c2Rm_54CdKo,2026-08-14T13:58:10Z,442,26.31,26.31,442,2026-08-15T06:46:12Z,442
2026-08-15T06:46:12Z,Path of Exile 2 - душ(ев)ное прохождение,Посиделки у монитора ,https://www.youtube.com/watch?v=uRitsoYc45w,2026-08-15T02:01:28Z,446,74.33,74.33,548,2026-08-16T01:40:53Z,548
2026-08-15T06:46:12Z,ВПЕРВЫЕ ЗАЛЕТАЮ В ПРИВАТКУ PATH OF EXILE 2 МОНАХ ПОЕ 2 РУНЫ АЛЬДУРА,POE - Изобретатель,https://www.youtube.com/watch?v=gpwNU614UKc,2026-08-15T03:03:30Z,585,97.5,97.5,672,2026-08-16T01:40:53Z,672
2026-08-15T06:46:12Z,"СТАЛКЕР 2 ПАТЧ 2.0 ☢️ ЗОНА ОЖИЛА? Разбор трейлера: оптимизация, новое оружие , мутанты, аномалии",BOSS POZiTiVA,https://www.youtube.com/watch?v=uchDqWmNINw,2026-08-14T16:49:39Z,1528,109.59,109.59,1528,2026-08-15T06:46:12Z,1528
2026-08-15T12:46:59Z,"PoE 1 Veteran's ""First"" Playthrough of Path of Exile 2",Daviddav,https://www.youtube.com/watch?v=FLdPXQY5q2I,2026-08-14T18:54:18Z,74,4.14,4.14,74,2026-08-15T12:46:59Z,74
2026-08-15T12:46:59Z,TOP 3 BEST MARTIAL ARTIST BUILDS AFTER 2 MONTHS! POE 2 Martial Artist Build (NEW META),KaidGames2,https://www.youtube.com/watch?v=lb79Y79MFcc,2026-08-15T03:00:06Z,46,4.7,4.7,46,2026-08-15T12:46:59Z,46
2026-08-15T12:46:59Z,TOP 3 BEST SPIRIT WALKER BUILDS AFTER 2 MONTHS! POE2 Spirit Walker Build (NEW META),KaidGames2,https://www.youtube.com/watch?v=MkPqA-nqLwk,2026-08-15T09:00:34Z,32,5.33,6.99,67,2026-08-15T18:36:03Z,67
2026-08-15T12:46:59Z,Path of Exile 2 -  New Spark Oracle Druid  🥶   (PC),CRiZZO,https://www.youtube.com/watch?v=EW1oKzSEujE,2026-08-15T02:04:13Z,76,7.09,13.17,82,2026-08-16T06:48:22Z,82
2026-08-15T12:46:59Z,Yeni Başlayanlara Özel Başlangıç Rehberi - Bölüm 2 - Path of Exile 2 Türkçe Rehber (PoE2),Swordorin2,https://www.youtube.com/watch?v=E4MGhqIuVPU,2026-08-15T10:34:04Z,60,10.0,12.7,102,2026-08-15T18:36:03Z,102
2026-08-15T12:46:59Z,Choir of the Storm Lvl97 Bloodmage Endgame Grind | path of Exile 2,Explosive Paddle,https://www.youtube.com/watch?v=xETXTEdjT6s,2026-08-15T07:55:52Z,96,16.0,16.0,102,2026-08-15T18:36:03Z,102
2026-08-15T12:46:59Z,🔴LIVE - | Path of Exile 2 | Gemling Totem Build! Leveling And Mapping End Game Coming Tonight!,SuperNoob,https://www.youtube.com/watch?v=axiGuQn9SCY,2026-08-15T06:40:52Z,151,24.75,24.75,151,2026-08-15T12:46:59Z,151
2026-08-15T12:46:59Z,SİZE GÜZEL HABERLER GETİRDİM! PATH OF EXİLE 2 GELİŞMELERİ VE HERO SIEGE YENİ SEZONU!,Flower,https://www.youtube.com/watch?v=hMtt4QPLR3Y,2026-08-15T08:00:02Z,523,87.17,98.49,1369,2026-08-16T01:40:53Z,1369
2026-08-15T18:36:03Z,Моя кошка разрешила мне немножко пофармить. Path of Exile 2.,Lord Kolobok,https://www.youtube.com/watch?v=QRtaxipqzZM,2026-08-15T07:12:54Z,46,4.04,4.04,46,2026-08-15T18:36:03Z,46
2026-08-15T18:36:03Z,Path of Exile 2 시즌5 젬링 무한떨천,염제,https://www.youtube.com/watch?v=hoo9UQe5E0Y,2026-08-15T09:58:30Z,35,4.06,4.06,35,2026-08-15T18:36:03Z,35
2026-08-15T18:36:03Z,Um pouco de Path of Exile 2 e depois Strikers Club,Sanakagy,https://www.youtube.com/watch?v=7-OJWfYCI_I,2026-08-15T17:30:31Z,26,4.33,4.33,26,2026-08-15T18:36:03Z,26
2026-08-15T18:36:03Z,Mercenary: Finishing Act 1 | Path Of Exile 2,DrOctaviousJr,https://www.youtube.com/watch?v=tbOXk_gVg3s,2026-08-15T14:48:48Z,27,4.5,4.5,27,2026-08-15T18:36:03Z,27
2026-08-15T18:36:03Z,🔥 SHED BOYZ vs PATH OF EXILE 2 | INTO THE DARKNESS ⚔️💀,Shed Boyz Gaming,https://www.youtube.com/watch?v=W3zgZMGzrEI,2026-08-15T15:47:53Z,34,5.67,5.67,34,2026-08-15T18:36:03Z,34
2026-08-15T18:36:03Z,"🔥Path of Exile 2🔥фарм, общение",Suneaterchannel,https://www.youtube.com/watch?v=X4PoGogpGLI,2026-08-15T15:36:26Z,36,6.0,6.0,36,2026-08-15T18:36:03Z,36
2026-08-15T18:36:03Z,PATH OF EXILE 2  RETURN OF THE ANCIENTS,Video Desk,https://www.youtube.com/watch?v=s6Tv-Obj70g,2026-08-15T17:52:27Z,41,6.83,7.04,55,2026-08-16T01:40:53Z,55
2026-08-15T18:36:03Z,"🔴 เล่นยาว 50 วัน  | Path of Exile 2 | วันที่ 25 ตบบอสดัง ""ป๊าบ ๆ"" (ภาพจาก Piweee)",2055 Capital,https://www.youtube.com/watch?v=QZ7FSF2AnMg,2026-08-15T07:19:29Z,121,10.73,10.73,121,2026-08-15T18:36:03Z,121
2026-08-15T18:36:03Z,🔴[LIVE] 💀First Time Ever Playing PATH OF EXILE 2 | HC SSF | Playthrough [Day 3],RelativityRabbit,https://www.youtube.com/watch?v=KNLV6WZOV0w,2026-08-15T12:02:37Z,354,53.99,53.99,411,2026-08-16T06:48:22Z,411
2026-08-15T18:36:03Z,Turn 30 divines into 1500 with a 2 chaos unique item! | Pt. 2 | Demo + Accounting | PoE 2 0.5,Belton,https://www.youtube.com/watch?v=X4nCG5szapg,2026-08-15T11:25:38Z,1550,216.07,216.07,2534,2026-08-16T06:48:22Z,2534
2026-08-15T18:36:03Z,1% 만 아는 POE2 회피의 비밀,춘삼_CHOONSAM,https://www.youtube.com/watch?v=-QxTp_w5pDk,2026-08-15T09:49:29Z,5545,631.82,631.82,5545,2026-08-15T18:36:03Z,5545
2026-08-15T18:36:03Z,ENDGAME AUTOBOMBER - TANKY - BIG EXPLOSIONS - FAST | From Zero to Hero | Part 2 | Path of Exile 3.29,EXILED CAT,https://www.youtube.com/watch?v=t09cdA75ARU,2026-08-15T12:03:14Z,23387,3572.15,3572.15,23387,2026-08-15T18:36:03Z,23387
2026-08-16T01:40:53Z,Making Facebreakers Great Again  Path of Exile 2 Campaign stream,MightyMouthDFT,https://www.youtube.com/watch?v=QNoBMtwzWks,2026-08-16T01:21:37Z,37,6.17,11.5,69,2026-08-16T06:48:22Z,69
2026-08-16T01:40:53Z,TOP 15 S-TIER BUILDS RIGHT NOW IN POE 2! Path of Exile 2 Builds | POE 2 0.5 Builds,KaidGames2,https://www.youtube.com/watch?v=Hwo1jnOxHPc,2026-08-15T20:00:19Z,89,14.83,15.92,252,2026-08-16T12:48:57Z,252
2026-08-16T01:40:53Z,💥 Path of Exile 2 💥 Long Weekend Jams,PapaBonas,https://www.youtube.com/watch?v=YULEau3EMCA,2026-08-15T18:38:51Z,106,15.07,18.17,109,2026-08-17T01:38:56Z,108
2026-08-16T01:40:53Z,Grinding and Crafting FOR THE BOYS  Path of Exile 2 Endgame stream,MightyMouthDFT,https://www.youtube.com/watch?v=AmzTrtUgbU4,2026-08-15T22:43:37Z,92,15.33,15.33,96,2026-08-16T12:48:57Z,96
2026-08-16T01:40:53Z,🔴LIVE จะเป็น Spirit Walker | Path of exile 2 DAY 2,GURAKGU,https://www.youtube.com/watch?v=yZ6-S_ZHBAg,2026-08-15T17:36:28Z,140,17.34,17.34,140,2026-08-16T01:40:53Z,140
2026-08-16T01:40:53Z,🔴LIVE - | Path of Exile 2 | Gemling Totem Build! End Game Gearing! Let's Grind!,SuperNoob,https://www.youtube.com/watch?v=Gip26ciDS-s,2026-08-15T20:40:06Z,114,19.0,19.0,167,2026-08-16T12:48:57Z,167
2026-08-16T01:40:53Z,POE2 0.5 Chaos Fireball 2nd Boss (Beira of the Rotten Pack),R1veno,https://www.youtube.com/watch?v=rZS_m_KRDpo,2026-08-15T16:55:42Z,171,19.54,19.54,178,2026-08-16T06:48:22Z,178
2026-08-16T01:40:53Z,💥PATH OF EXILE 2💥 HARDCORE: ПРИКРУТИЛ БАФФАЛКУ!!!🔥ВОИН РАЗЛОМ ЗЕМЛИ🔥,MERENKOFF,https://www.youtube.com/watch?v=qsXUiODjMuI,2026-08-15T21:27:10Z,155,25.83,25.83,155,2026-08-16T12:48:57Z,155
2026-08-16T01:40:53Z,When Are the Missing PoE 2 Classes Coming?,Jazzarus,https://www.youtube.com/watch?v=RXAyLmeZ2rM,2026-08-15T23:15:05Z,340,56.67,177.76,2169,2026-08-16T12:48:57Z,2169
2026-08-16T01:40:53Z,Back to Path of Exile 2 Today!,OnesInTheChat,https://www.youtube.com/watch?v=CGObd8lkxH8,2026-08-15T23:35:20Z,738,123.0,123.0,811,2026-08-16T12:48:57Z,811
2026-08-16T01:40:53Z,How to Craft a Budget Two-Handed Mace in PoE 2 - 0.5 | Step-by-Step,Diztoh,https://www.youtube.com/watch?v=ITbefGq6V18,2026-08-15T17:14:02Z,1315,155.66,155.66,1867,2026-08-16T06:48:22Z,1867
2026-08-16T01:40:53Z,Path of Exile 2 Building Arc Totem Leveling & Endgame Guides,Raxxanterax,https://www.youtube.com/watch?v=funOi1-MUjQ,2026-08-15T23:57:37Z,4771,795.17,795.17,5848,2026-08-16T12:48:57Z,5848
2026-08-16T06:48:22Z,Path of Exile 2 ICE SHOT farmando!,Keuvelin,https://www.youtube.com/watch?v=pSnwFhk34tY,2026-08-16T02:08:07Z,39,6.5,6.5,39,2026-08-16T06:48:22Z,39
2026-08-16T06:48:22Z,PATH OF EXILE 2 | CHEGAMOS NO ATLAS 15! 🐉 DRUIDA WYVERN NO END GAME,Meirelestm,https://www.youtube.com/watch?v=ndQomqJrvzg,2026-08-16T03:15:23Z,64,10.67,10.67,79,2026-08-16T12:48:57Z,79
2026-08-16T06:48:22Z,🔴LIVE | Path of Exile 2 Speedrun Practice,Apokolips TV,https://www.youtube.com/watch?v=Me0PP0ovZyM,2026-08-16T02:53:30Z,68,11.33,11.33,71,2026-08-16T18:35:25Z,71
2026-08-16T06:48:22Z,"Path of Exile 2 - Se você quer ter vida, não jogue esse game! [#003]",Taribaxa,https://www.youtube.com/watch?v=H7ob7kmub4U,2026-08-16T01:46:57Z,75,12.5,12.5,75,2026-08-16T18:35:25Z,74
2026-08-16T06:48:22Z,Path Of Exiles 2 (My Clips),DrockinitTV,https://www.youtube.com/watch?v=XjIUw5YHOew,2026-08-15T23:15:35Z,107,14.18,14.18,122,2026-08-16T12:48:57Z,122
2026-08-16T06:48:22Z,"Немного, тихо пофармить. Path of Exile 2.",Lord Kolobok,https://www.youtube.com/watch?v=u5NegnfWQUw,2026-08-16T02:29:16Z,94,15.67,15.67,109,2026-08-16T18:35:25Z,109
2026-08-16T06:48:22Z,💥 Path of Exile 2 💥 Long Weekend Jams,PapaBonas,https://www.youtube.com/watch?v=Kqs99QB58Io,2026-08-16T06:20:20Z,99,16.5,16.5,99,2026-08-16T18:35:25Z,98
2026-08-16T12:48:57Z,HIGHEST DPS EXPLOSIVE SHOT BUILD IN 0.5! POE2 Explosive Shot Build 0.5 (NEW META),KaidGames2,https://www.youtube.com/watch?v=FVD9d5fitD8,2026-08-16T03:00:33Z,69,7.04,7.04,97,2026-08-16T18:35:25Z,97
2026-08-16T12:48:57Z,Path of Exile 2 | Weekend Agustusan mode farming geng!,Wildan R,https://www.youtube.com/watch?v=sowAZl7R1P8,2026-08-16T10:07:43Z,78,13.0,13.0,98,2026-08-17T01:38:56Z,98
2026-08-16T12:48:57Z,Path of Exile 2 -  Twitster Druid  Act 4 to Endgame 🥶   (PC),CRiZZO,https://www.youtube.com/watch?v=CkRA7MKSvPM,2026-08-16T06:03:27Z,130,19.24,19.24,130,2026-08-16T18:35:25Z,130
2026-08-16T12:48:57Z,"🔥Path of Exile 2🔥фарм, общение",Suneaterchannel,https://www.youtube.com/watch?v=eAIxK0_09TI,2026-08-16T09:30:53Z,119,19.83,19.83,120,2026-08-17T01:38:56Z,120
2026-08-16T12:48:57Z,PATH OF EXILE 2 - Grinding Santai (Portrait),OYYUME,https://www.youtube.com/watch?v=NMx3O6IQ38E,2026-08-16T00:55:03Z,244,20.51,40.67,246,2026-08-17T07:04:38Z,246
2026-08-16T12:48:57Z,[POE2] 100레벨까지 300시간? Lv.99 -100 까지가 진짜 지옥!! [패스오브엑자일2],리펙스 | REPEX,https://www.youtube.com/watch?v=XrrJsTjntVI,2026-08-16T09:00:38Z,615,102.5,148.75,1731,2026-08-17T01:38:56Z,1731
2026-08-16T12:48:57Z,PoE 2 | Hab das Beast auf Oriath entdeckt! 😮,Baskenater,https://www.youtube.com/watch?v=ziIc8PuHOdM,2026-08-16T10:51:14Z,648,108.0,204.61,2295,2026-08-17T01:38:56Z,2295
2026-08-16T18:35:25Z,[19] POE 2. Path Of Exile 2. HC SSF. Патч 0.5. 4K UHD.,KirpichIQ,https://www.youtube.com/watch?v=sHEgbHtFteQ,2026-08-16T09:32:35Z,42,4.64,4.64,42,2026-08-16T18:35:25Z,42
2026-08-16T18:35:25Z,AFK Simulacrum until Voices Day8 - Path of Exile 2,Wolfyowns,https://www.youtube.com/watch?v=9QTULj8i62c,2026-08-16T05:39:08Z,65,5.02,5.02,65,2026-08-16T18:35:25Z,65
2026-08-16T18:35:25Z,Yeni Başlayanlara Özel Başlangıç Rehberi - Bölüm 3 - Path of Exile 2 Türkçe Rehber (PoE2),Swordorin2,https://www.youtube.com/watch?v=g4qWpFi5VD0,2026-08-16T04:46:14Z,98,7.09,7.09,98,2026-08-16T18:35:25Z,98
2026-08-16T18:35:25Z,"Prima experiență în PoE 2, LIVE! EP.12 Path of Exile 2 România",IamNFI,https://www.youtube.com/watch?v=0rCQmZ6kOjY,2026-08-16T15:19:10Z,55,9.17,9.17,61,2026-08-17T01:38:56Z,61
2026-08-16T18:35:25Z,PATH OF EXILE 2 ➤ ПЕРВОЕ ПРОХОЖДЕНИЕ | 0.5 стрим 30,CyberBros,https://www.youtube.com/watch?v=nldlU6NTplc,2026-08-16T14:58:07Z,151,25.17,25.17,158,2026-08-17T07:04:38Z,158
2026-08-16T18:35:25Z,ВПЕРВЫЕ ЗАЛЕТАЮ В ПРИВАТКУ PATH OF EXILE 2 МОНАХ ПОЕ 2 РУНЫ АЛЬДУРА,POE - Изобретатель,https://www.youtube.com/watch?v=dquV2mbLD8s,2026-08-16T07:34:53Z,900,81.75,81.75,932,2026-08-17T01:38:56Z,932
2026-08-16T18:35:25Z,🔴[LIVE] 💀First Time Ever Playing PATH OF EXILE 2 | HC SSF | Playthrough [Day 4],RelativityRabbit,https://www.youtube.com/watch?v=UVhFqUaH5xI,2026-08-16T15:03:05Z,825,137.5,137.5,874,2026-08-17T07:04:38Z,874
2026-08-16T18:35:25Z,Path of Exile 2 - Ripping Items and Making Mirrors!,OnesInTheChat,https://www.youtube.com/watch?v=hUi8OSmxefA,2026-08-16T14:30:06Z,1614,269.0,370.49,4910,2026-08-17T07:04:38Z,4910
2026-08-17T01:38:56Z,🔴Path of exile 2 Дедайка Стрим ФАРМ валюты общение с чатом,Mavics,https://www.youtube.com/watch?v=EiDb6UzPozI,2026-08-16T21:01:28Z,23,3.83,3.83,23,2026-08-17T01:38:56Z,23
2026-08-17T01:38:56Z,TOP 5 BUDGET BUILDS FROM 1-5 DIVINE! Path of Exile 2 Builds | POE 2 Cheap Builds,KaidGames2,https://www.youtube.com/watch?v=vgFEQES007I,2026-08-16T20:00:37Z,39,6.5,8.95,124,2026-08-17T12:53:07Z,124
2026-08-17T01:38:56Z,⚔️ Path of Exile 2 LIVE | A DAT NOROCUL PESTE MINE,iMisu,https://www.youtube.com/watch?v=w7fkZpwEffQ,2026-08-16T21:10:29Z,65,10.83,10.83,65,2026-08-17T07:04:38Z,65
2026-08-17T01:38:56Z,Path of Exile 2 ICE SHOT farmando!,Keuvelin,https://www.youtube.com/watch?v=zm_svcWky2Q,2026-08-17T00:12:23Z,76,12.67,13.54,93,2026-08-17T12:53:07Z,93
2026-08-17T01:38:56Z,💥PATH OF EXILE 2💥 HARDCORE: ПРО_100 КАЧАЮ УРОВНИ🔥ВОИН РАЗЛОМ ЗЕМЛИ🔥,MERENKOFF,https://www.youtube.com/watch?v=zDdU_GP61xY,2026-08-16T21:46:00Z,196,32.67,32.67,196,2026-08-17T12:53:07Z,196
2026-08-17T01:38:56Z,The Bizarre Mind of Moist Critikal,Tactikal Templar,https://www.youtube.com/watch?v=ZWpz1vAE04Y,2026-08-16T20:07:30Z,332,55.33,57.8,779,2026-08-17T12:53:07Z,779
2026-08-17T01:38:56Z,This Is The Best Unique Quarterstaff in POE2,Cdooub,https://www.youtube.com/watch?v=z0_WhoPTfxw,2026-08-16T21:50:30Z,693,115.5,136.0,1800,2026-08-17T12:53:07Z,1800
2026-08-17T01:38:56Z,Path of Exile 2 Building Arc Totem Leveling & Endgame Guides,Raxxanterax,https://www.youtube.com/watch?v=wPR2gwulAMo,2026-08-16T23:48:33Z,4458,743.0,743.0,5398,2026-08-17T12:53:07Z,5398
2026-08-17T01:38:56Z,Destroying the @CaptainLance9 Challenge.,Ruetoo,https://www.youtube.com/watch?v=sT5h0XKa2EI,2026-08-16T09:30:47Z,24382,1511.04,1511.04,24382,2026-08-17T01:38:56Z,24382
2026-08-17T07:04:38Z,🔴LIVE - | Path of Exile 2 | Gemling Totem Build! Trying The Expedition Farm! part 2,SuperNoob,https://www.youtube.com/watch?v=Y_O_BVgGwLg,2026-08-16T23:55:03Z,61,8.52,8.52,61,2026-08-17T07:04:38Z,61
2026-08-17T07:04:38Z,HERALD OF THUNDER IS A GAME CHANGER ⚡Path of exile 2,Fuzionlol,https://www.youtube.com/watch?v=ZUFVskCsoU4,2026-08-17T02:51:23Z,56,9.33,15.0,138,2026-08-17T18:46:15Z,138
2026-08-17T07:04:38Z,TOP 3 BEST ENDGAME BUILDS IN POE 2 PATCH 0.5,RNGenius,https://www.youtube.com/watch?v=ERAHpoPQo3c,2026-08-16T13:37:43Z,258,14.79,14.79,258,2026-08-17T07:04:38Z,258
2026-08-17T07:04:38Z,Path of Exile 2 -  New Druid: Interlude to Endgame 🥶   (PC),CRiZZO,https://www.youtube.com/watch?v=_utA38kSGZE,2026-08-17T01:49:09Z,125,20.83,20.83,127,2026-08-17T12:53:07Z,127
2026-08-17T07:04:38Z,[POE2] 경매장 검색 조건 저장하는 법｜즐겨찾기 한 번이면 끝 #poe2 #게임 #경매장,시한,https://www.youtube.com/watch?v=TFv08Lc9sRU,2026-08-17T06:08:18Z,190,31.67,40.02,316,2026-08-17T18:46:15Z,316
2026-08-17T07:04:38Z,Path of Exile 2 - душ(ев)ное прохождение,Посиделки у монитора ,https://www.youtube.com/watch?v=3xUhRN9btcE,2026-08-16T19:04:53Z,642,53.52,53.52,642,2026-08-17T12:53:07Z,642
2026-08-17T07:04:38Z,2,Lil Pumpigfgf,https://www.youtube.com/watch?v=IAuJP9G35PU,2026-08-16T14:40:43Z,1166,71.1,71.1,1166,2026-08-17T07:04:38Z,1166
2026-08-17T07:04:38Z,When did we get this weak as gamers?...,MisoxShiru,https://www.youtube.com/watch?v=bdIj8vHEIEU,2026-08-17T04:48:21Z,1509,251.5,695.95,9719,2026-08-17T18:46:15Z,9719
2026-08-17T07:04:38Z,Deciding on what to do - !build !filter poe1,Fubgun,https://www.youtube.com/watch?v=ziz05GA6zA4,2026-08-16T21:06:51Z,9092,912.57,912.57,9541,2026-08-17T12:53:07Z,9541
2026-08-17T12:53:07Z,Yeni Başlayanlara Özel Başlangıç Rehberi - Bölüm 4 - Path of Exile 2 Türkçe Rehber (PoE2),Swordorin2,https://www.youtube.com/watch?v=ZLgR8DJweGU,2026-08-17T03:52:32Z,88,9.77,9.77,127,2026-08-17T18:46:15Z,127
2026-08-17T12:53:07Z,"Тише, здесь идет ночной фарм! Path of Exile 2. Short.",Lord Kolobok,https://www.youtube.com/watch?v=ePHbT4XS9Pc,2026-08-17T12:42:44Z,59,9.83,10.4,68,2026-08-18T01:34:23Z,68
2026-08-17T12:53:07Z,🎩Path of Exile 2🎩👓Кровавая ведьма с арбалетом на холоде.👓,mrBLO стримы,https://www.youtube.com/watch?v=S7XgW_PxH8c,2026-08-16T20:32:48Z,259,15.85,15.85,259,2026-08-17T12:53:07Z,259
2026-08-17T12:53:07Z,【Path of Exile 2】ストレスが溜まるクソボス「ファリドゥンの王子」　#PoE2　#PathOfExile2　#ゲーム実況,あきちゃんは引きこもりたい,https://www.youtube.com/watch?v=58JyHTTUwZA,2026-08-17T11:00:26Z,96,16.0,72.39,562,2026-08-17T18:46:15Z,562
2026-08-17T12:53:07Z,Path of Exile 2 | Iceshot Dose Triple Herald - Megalomaniac Merubah segalanya,Wildan R,https://www.youtube.com/watch?v=MpwLyophglg,2026-08-17T11:46:18Z,96,16.0,16.0,106,2026-08-17T18:46:15Z,106
2026-08-17T12:53:07Z,Path of Exile 2 Gameplay #pathofexile2,The Quero Gaming,https://www.youtube.com/watch?v=yp28qQbxMag,2026-08-17T07:39:10Z,381,63.5,63.5,424,2026-08-17T18:46:15Z,424
2026-08-17T12:53:07Z,ВПЕРВЫЕ ЗАЛЕТАЮ В ПРИВАТКУ PATH OF EXILE 2 ПОЛАЯ ФОРМА ПОЕ 2 РУНЫ АЛЬДУРА,POE - Изобретатель,https://www.youtube.com/watch?v=DLPrRBj-uaw,2026-08-17T10:32:38Z,999,166.5,166.5,1032,2026-08-17T18:46:15Z,1032
2026-08-17T12:53:07Z,⚡ The FINAL Form of My 999M DPS One-Button Monk | PoE 2 0.5,Diztoh,https://www.youtube.com/watch?v=CVNKMCrN97E,2026-08-16T22:09:22Z,8253,560.31,560.31,8253,2026-08-17T12:53:07Z,8253
2026-08-17T18:46:15Z,Yama The White.Path of Exile 2#shorts #poe2 #yamathewhite,Aidan Reed,https://www.youtube.com/watch?v=lwHhDKx0LlE,2026-08-17T15:00:20Z,30,5.0,9.26,203,2026-08-18T12:55:28Z,203
2026-08-17T18:46:15Z,Path of Exile 2 ICE SHOT farmando!,Keuvelin,https://www.youtube.com/watch?v=d0a00tsBFmE,2026-08-17T13:40:43Z,58,9.67,9.67,65,2026-08-18T01:34:23Z,65
2026-08-17T18:46:15Z,"Тише, здесь идет ночной фарм! Path of Exile 2.",Lord Kolobok,https://www.youtube.com/watch?v=BuEDVHJ_Rlg,2026-08-17T13:38:12Z,60,10.0,10.0,67,2026-08-18T01:34:23Z,67
2026-08-17T18:46:15Z,Path of Exile 2 | Back To It,Zenthy,https://www.youtube.com/watch?v=v1WQCTDIHFE,2026-08-17T15:52:35Z,64,10.67,10.67,64,2026-08-18T01:34:23Z,64
2026-08-17T18:46:15Z,Choir of the Storm Bloodmage Endgame Build Guide | Path of Exile 2,Explosive Paddle,https://www.youtube.com/watch?v=A6fSo-wUWBI,2026-08-17T10:14:19Z,103,12.07,12.07,103,2026-08-17T18:46:15Z,103
2026-08-17T18:46:15Z,💥PATH OF EXILE 2💥 HARDCORE: ДОЛБИМ РАЗЛОМЫ!!🔥ВОИН РАЗЛОМ ЗЕМЛИ🔥,MERENKOFF,https://www.youtube.com/watch?v=DzCeLdGTqeg,2026-08-17T16:20:19Z,100,16.67,16.67,110,2026-08-18T12:55:28Z,110
2026-08-17T18:46:15Z,[Path of Exile 2] Приватная лига. Новый старт.,KoToMaTb,https://www.youtube.com/watch?v=5mnNf2lu5PY,2026-08-17T16:44:19Z,279,46.5,46.5,282,2026-08-18T06:51:47Z,282
2026-08-17T18:46:15Z,Path of Exile 2 - душ(ев)ное прохождение,Посиделки у монитора ,https://www.youtube.com/watch?v=MjeCdiv3UZ8,2026-08-17T14:44:37Z,340,56.67,77.49,544,2026-08-18T12:55:28Z,544
2026-08-17T18:46:15Z,Path of ExileⅡ0 5アトラスMAP上での小技2個紹介,ムホちゃん,https://www.youtube.com/watch?v=1Ym0-_jPo5g,2026-08-17T13:30:09Z,394,65.67,65.67,399,2026-08-18T01:34:23Z,399
2026-08-17T18:46:15Z,Path of Exile 2 - Headhunter Vaaling and Poofing Time,OnesInTheChat,https://www.youtube.com/watch?v=Az7w45bZt5A,2026-08-17T14:30:25Z,930,155.0,194.73,2155,2026-08-18T01:34:23Z,2155
2026-08-17T18:46:15Z,Will 0.5.5 have a NEW Class? [PoE 2],GhazzyTV,https://www.youtube.com/watch?v=eFORbghHDCM,2026-08-17T11:56:29Z,5991,877.22,877.22,5991,2026-08-17T18:46:15Z,5991
2026-08-18T01:34:23Z,Headache but we BALL Path of Exile 2 Campaign stream,MightyMouthDFT,https://www.youtube.com/watch?v=FX3IsB-xuHE,2026-08-17T23:19:07Z,15,2.5,3.58,27,2026-08-18T12:55:28Z,27
2026-08-18T01:34:23Z,"PoE 2 0.5 Ritualist Werewolf Build | TANKY, Budget & 200% Deli",Jazzarus,https://www.youtube.com/watch?v=Rp1ydfNhvzA,2026-08-18T01:15:19Z,22,3.67,75.92,1166,2026-08-18T18:44:35Z,1166
2026-08-18T01:34:23Z,"Path of Exile 2, 🦊Очередной POEдельник.🐾",Liisa_the_fox,https://www.youtube.com/watch?v=wB0vbwF6MP8,2026-08-17T17:15:39Z,36,4.33,4.33,38,2026-08-18T06:51:47Z,38
2026-08-18T01:34:23Z,#36【Path of Exile 2: 'Return of the Ancients'】初めてのモンクなんでいろいろ教えて配信【おぶちゃんねる】#パスオブエグザイル2 #ゲーム実況,おぶちゃんねる,https://www.youtube.com/watch?v=hAh5vnZLMik,2026-08-17T15:34:55Z,108,10.81,10.81,108,2026-08-18T01:34:23Z,108
2026-08-18T01:34:23Z,⚔️ Path of Exile 2 LIVE | RITUALE SI INVOCARI,iMisu,https://www.youtube.com/watch?v=V6ZHBU6jj-4,2026-08-17T23:26:03Z,121,20.17,20.17,129,2026-08-18T18:44:35Z,129
2026-08-18T01:34:23Z,Que sait-on de la 0.5.5 de Path of Exile 2 ?,CrepTV,https://www.youtube.com/watch?v=9TtSIocIw8Y,2026-08-17T12:52:26Z,372,29.29,29.29,372,2026-08-18T01:34:23Z,372
2026-08-18T01:34:23Z,LIVE | Experimenting With Galvanic Field | Path of Exile 2,Troy Tesko,https://www.youtube.com/watch?v=YCaMg5QG6Ek,2026-08-17T19:14:56Z,317,50.12,50.12,400,2026-08-18T12:55:28Z,400
2026-08-18T01:34:23Z,Path of Exile 2 - душ(ев)ное прохождение,Посиделки у монитора ,https://www.youtube.com/watch?v=y-9d5POQ3aE,2026-08-18T00:57:19Z,365,60.83,74.17,445,2026-08-18T06:51:47Z,445
2026-08-18T01:34:23Z,The Secret to Getting Better Abyssal Omens in Path of Exile 2 #PoE2 #AbyssPullOut #OmenOfLight,Ray Calloway,https://www.youtube.com/watch?v=4pXgnawk55Q,2026-08-17T20:04:31Z,611,101.83,133.95,2257,2026-08-18T12:55:28Z,2257
2026-08-18T01:34:23Z,"""His Vile Intrusion"" Thorns Warbringer | Path of Exile 2 (0.5) | Off-Meta Build",Troy Tesko,https://www.youtube.com/watch?v=V1DHBlDf48g,2026-08-17T17:00:17Z,1704,198.87,258.25,4974,2026-08-18T12:55:28Z,4974
2026-08-18T01:34:23Z,Пое2Бубнеж | Мои ожидания от 0.5.5 и шизотеории (№5),Старый казуал,https://www.youtube.com/watch?v=484wYwzBVOY,2026-08-17T18:27:25Z,3480,489.01,489.01,5126,2026-08-18T06:51:47Z,5126
2026-08-18T06:51:47Z,Path of Exile 2 - Zealot of The Bodach,NeverMeltIce,https://www.youtube.com/watch?v=pt4UYWXg4g8,2026-08-17T22:13:24Z,13,1.5,1.5,13,2026-08-18T06:51:47Z,13
2026-08-18T06:51:47Z,Path of Exile 2: NEW Mass Projectile Storm Ice Shot Build! | Elemental Invocation,South,https://www.youtube.com/watch?v=aAm6vdQzbMc,2026-08-18T00:31:56Z,11,1.74,1.74,11,2026-08-18T06:51:47Z,11
2026-08-18T06:51:47Z,ВПЕРВЫЕ НА ПРИВАТНОЙ ЛИГЕ | PATH OF EXILE 2 ХАЙЛАЙТЫ | ПОЛАЯ ФОРМА ПОЕ 2 МОНАХ [ГАЙДЫ / СОВЕТЫ],POE - Изобретатель,https://www.youtube.com/watch?v=KabKm85pi8Q,2026-08-18T05:15:02Z,22,3.67,12.25,132,2026-08-18T18:44:35Z,132
2026-08-18T06:51:47Z,ليفلنج مانك - أكت 2 - Path of Exile 2,Chaos Maker | صانع الفوضى,https://www.youtube.com/watch?v=ojrsujlPRa0,2026-08-17T18:09:26Z,49,3.86,5.21,52,2026-08-18T18:44:35Z,52
2026-08-18T06:51:47Z,Made Out Of Glass | Arc | Lich Witch | Leveling | Path Of Exile 2 0.5,LugoHQ,https://www.youtube.com/watch?v=vf8MYmW2omQ,2026-08-18T01:13:12Z,73,12.17,12.17,82,2026-08-18T18:44:35Z,82
2026-08-18T06:51:47Z,POE 2: Создаю билд за 1 div в приватной лиге🔥 (Амазонка),mr_Boroda,https://www.youtube.com/watch?v=POk5opLIV1s,2026-08-17T20:34:08Z,250,24.29,24.29,250,2026-08-18T06:51:47Z,250
2026-08-18T06:51:47Z,LISO TO MIRROR #6-7: Novos farms e possíveis crafts l Path of Exile 2,ChibaTTV,https://www.youtube.com/watch?v=tdNHEMRHnOo,2026-08-17T16:05:23Z,449,30.39,30.39,449,2026-08-18T06:51:47Z,449
2026-08-18T06:51:47Z,"""streamers are ruining games""",MisoxShiru,https://www.youtube.com/watch?v=6vfWudlxNhw,2026-08-18T03:49:14Z,1186,197.67,454.01,6775,2026-08-18T18:44:35Z,6775
2026-08-18T12:55:28Z,First Playthrough!-Path of Exile 2! MONK Pt.3,Solveren,https://www.youtube.com/watch?v=6KWN-xkOCZk,2026-08-18T09:33:12Z,12,2.0,2.0,12,2026-08-18T12:55:28Z,12
2026-08-18T12:55:28Z,"Пришёл, увидел, зафармил. Path of Exile 2.",Lord Kolobok,https://www.youtube.com/watch?v=44gaN1-aW54,2026-08-18T01:36:54Z,29,2.56,2.56,29,2026-08-18T12:55:28Z,29
2026-08-18T12:55:28Z,"Пришёл, увидел, зафармил. Path of Exile 2. Short.",Lord Kolobok,https://www.youtube.com/watch?v=3OsqSmEVSjQ,2026-08-18T01:35:08Z,37,3.26,3.26,37,2026-08-18T12:55:28Z,37
2026-08-18T12:55:28Z,HUGE DRUID BUFFS IN 0.5! This Frost Wolf Build is INSANE! POE 2 Druid Build (NEW META),KaidGames2,https://www.youtube.com/watch?v=0K4syW3B8YM,2026-08-18T05:00:37Z,34,4.3,4.3,34,2026-08-18T12:55:28Z,34
2026-08-18T12:55:28Z,THIS FROST DARTS BUILD IS VERY OP IN 0.5! INFINITE ZIPS! POE 2 0.5 Build (NEW META),KaidGames2,https://www.youtube.com/watch?v=6PxsQECNkF4,2026-08-18T01:00:15Z,56,4.7,4.7,79,2026-08-18T18:44:35Z,79
2026-08-18T12:55:28Z,Path Of Exile 2: RNG Roulette: Spinning the Wheel for a Fresh Character,FragManSaul,https://www.youtube.com/watch?v=1NBGRgFNBN4,2026-08-18T12:39:48Z,30,5.0,5.43,33,2026-08-18T18:44:35Z,33
2026-08-18T12:55:28Z,Path of Exile 2 -  New Druid: High Rarity Farming  🥶   (PC),CRiZZO,https://www.youtube.com/watch?v=Gg3J68LtoPI,2026-08-18T11:40:50Z,417,69.5,72.21,573,2026-08-19T01:36:05Z,573
2026-08-18T12:55:28Z,🔴 MORTAL SHELL 2 LIVE - The HARDEST Soulslike Yet?,Diztoh,https://www.youtube.com/watch?v=E103CzZjhHs,2026-08-18T03:44:47Z,2369,258.11,258.11,2369,2026-08-18T12:55:28Z,2369
2026-08-18T18:44:35Z,🔥Новичок в игре. Играем на Монахе.Путь к Арбитру Божественности🔥| Path of Exile 2 | !тг !донат !мемы,newmayer,https://www.youtube.com/watch?v=fNtKC7Glbp4,2026-08-18T00:13:12Z,92,4.97,4.97,92,2026-08-18T18:44:35Z,92
2026-08-18T18:44:35Z,"Path of Exile 2 is in Off-Season, But the Race Has Already Begun",POEClipZ,https://www.youtube.com/watch?v=jm500qut5Ac,2026-08-18T12:00:37Z,36,5.35,8.39,114,2026-08-19T01:36:05Z,114
2026-08-18T18:44:35Z,Path of Exile 2 - Que jogo bom meus amigos! [004],Taribaxa,https://www.youtube.com/watch?v=NlyKCMxxTGc,2026-08-18T05:32:17Z,73,5.53,5.53,73,2026-08-18T18:44:35Z,73
2026-08-18T18:44:35Z,Yeni Başlayanlara Özel Başlangıç Rehberi - Bölüm 5 - Path of Exile 2 Türkçe Rehber (PoE2),Swordorin2,https://www.youtube.com/watch?v=XbJ7PyYpXLM,2026-08-18T04:00:12Z,85,5.77,5.77,85,2026-08-18T18:44:35Z,85
2026-08-18T18:44:35Z,Path of Exile 2 Steam Machine | 4K Gameplay and Settings,JonTechie,https://www.youtube.com/watch?v=1SY3kNKEjFI,2026-08-18T13:59:33Z,38,6.33,6.33,60,2026-08-19T01:36:05Z,60
2026-08-18T18:44:35Z,🔴LIVE เมื่อวานคอมระเบิด หนักเกิน | Path of exile 2 DAY 5,GURAKGU,https://www.youtube.com/watch?v=61-d2urHia0,2026-08-18T16:12:00Z,71,11.83,11.83,90,2026-08-19T12:56:01Z,90
2026-08-18T18:44:35Z,Пойду пофармлю. Path of Exile 2. Short.,Lord Kolobok,https://www.youtube.com/watch?v=VeKAg0MgOFc,2026-08-18T14:09:15Z,106,17.67,17.67,134,2026-08-19T06:52:23Z,134
2026-08-18T18:44:35Z,🎩Path of Exile 2🎩👓Кровавая ведьма с арбалетом на холоде.👓,mrBLO стримы,https://www.youtube.com/watch?v=ErEM1UTUpp4,2026-08-18T00:16:14Z,334,18.08,18.08,334,2026-08-18T18:44:35Z,334
2026-08-18T18:44:35Z,Path of Exile 2 - душ(ев)ное прохождение,Посиделки у монитора ,https://www.youtube.com/watch?v=_EAq1ImD5Ao,2026-08-18T18:31:04Z,487,81.17,81.17,575,2026-08-19T12:56:01Z,575
2026-08-18T18:44:35Z,Insane PoE Streamer Build Does 100B+ DPS ?!,ARPG's Clips,https://www.youtube.com/watch?v=3t4F0FukvNQ,2026-08-18T01:18:11Z,1827,104.76,104.76,1827,2026-08-18T18:44:35Z,1827
2026-08-18T18:44:35Z,Hero Siege Season 10 Is Right Around The Corner! What You Need To Know From A POE Players View,Travic,https://www.youtube.com/watch?v=Cr5Nfahzi7s,2026-08-18T13:30:31Z,1044,174.0,188.54,2736,2026-08-19T06:52:23Z,2736
2026-08-19T01:36:05Z,THIS NEW 0.5 BUILD HAS INSANE NUMBERS! Path of Exile 2 Glacial Lance Build (NEW META),KaidGames2,https://www.youtube.com/watch?v=fhJupmKzNlo,2026-08-18T15:00:18Z,72,6.79,6.79,72,2026-08-19T01:36:05Z,72
2026-08-19T01:36:05Z,⚔️ Path of Exile 2 LIVE | FARM SI CONTENT NOU,iMisu,https://www.youtube.com/watch?v=ZQ0CMgwwyXo,2026-08-18T21:09:49Z,52,8.67,8.67,81,2026-08-19T12:56:01Z,81
2026-08-19T01:36:05Z,🔥 Path of Exile 2 ┃ ⚔️ Boss  — The Arbiter of Ash 💀🔥       -                 #poe2 #shorts #fyp,Jerryz7 ,https://www.youtube.com/watch?v=JYKxLq9Gc0I,2026-08-18T15:00:10Z,96,9.06,9.2,146,2026-08-19T06:52:23Z,146
2026-08-19T01:36:05Z,"POE2 0.5 Chaos Fireball 5th Boss (Asinia, the Praetor's Consort)",R1veno,https://www.youtube.com/watch?v=TeI8YiJ9mdE,2026-08-18T17:04:48Z,88,10.33,10.33,146,2026-08-19T12:56:01Z,146
2026-08-19T01:36:05Z,O meta do PoE 2 vai virar de cabeça pra baixo? 👀,Exiles Brasil,https://www.youtube.com/watch?v=3ltGb5d9aDI,2026-08-18T20:00:15Z,124,20.67,20.67,182,2026-08-19T12:56:01Z,182
2026-08-19T01:36:05Z,"[Path of Exile 2] #29 Путь к 100 лвл. Экспедиции, хоть я их и не люблю)",KoToMaTb,https://www.youtube.com/watch?v=TVZZIobKCq4,2026-08-18T15:13:02Z,222,21.38,21.38,222,2026-08-19T06:52:23Z,222
2026-08-19T01:36:05Z,OS MELHORES MODIFICADORES DOS TABLETS NO POE 2! 💰 COMO FAZER TABLETS VALEREM MUITAS DIVINES,ChibaTTV,https://www.youtube.com/watch?v=kxxLjAIE3yE,2026-08-18T21:05:40Z,168,28.0,29.29,464,2026-08-19T12:56:01Z,464
2026-08-19T01:36:05Z,LIVE | Levelling a Druid. Sick Build Incoming! | Path of Exile 2,Troy Tesko,https://www.youtube.com/watch?v=ELbz-29doso,2026-08-18T18:55:23Z,440,65.88,65.88,512,2026-08-19T12:56:01Z,512
2026-08-19T01:36:05Z,Path of Exile 2 | Mid Season Reset Soon! 150% Rarity Twister Spirit Walker! (PoE 2 0.5 Huntress),SiahZ,https://www.youtube.com/watch?v=XTsM_2FF1v8,2026-08-18T21:25:23Z,532,88.67,88.67,660,2026-08-19T12:56:01Z,660
2026-08-19T01:36:05Z,ВПЕРВЫЕ ЗАЛЕТАЮ В ПРИВАТКУ PATH OF EXILE 2 ПОЛАЯ ФОРМА ПОЕ 2 РУНЫ АЛЬДУРА,POE - Изобретатель,https://www.youtube.com/watch?v=ienzyVLpX64,2026-08-18T20:38:30Z,1011,168.5,168.5,1011,2026-08-19T12:56:01Z,998
2026-08-19T01:36:05Z,PoE 1 | 3.29 CotA - SSF Zero to Hero Luminary Pt. 2,Pohx,https://www.youtube.com/watch?v=WGZ0_IT4jng,2026-08-18T13:00:31Z,7707,612.02,612.02,7707,2026-08-19T01:36:05Z,7707
2026-08-19T01:36:05Z,Path of Exile 2 Fun Event Day 2,Raxxanterax,https://www.youtube.com/watch?v=wXoezLu6D7Y,2026-08-18T23:44:26Z,6422,1070.33,1070.33,7209,2026-08-19T12:56:01Z,7209
2026-08-19T01:36:05Z,They have no idea what they've done,Legendary Drops,https://www.youtube.com/watch?v=ZV-efpfi-6Y,2026-08-18T14:00:20Z,293235,25287.86,25287.86,336711,2026-08-19T06:52:23Z,336711
2026-08-19T06:52:23Z,First Playthrough!-Path of Exile 2! MONK Pt.4,Solveren,https://www.youtube.com/watch?v=lZFUL7Y5lzk,2026-08-19T01:46:53Z,49,8.17,8.17,52,2026-08-19T18:41:26Z,52
2026-08-19T06:52:23Z,PATH OF EXILE 2 | Desafios cada vez mais dificeis! 🐉 DRUIDA WYVERN NO END GAME,Meirelestm,https://www.youtube.com/watch?v=-Fwj7PAqNjw,2026-08-19T03:10:16Z,50,8.33,8.33,58,2026-08-19T18:41:26Z,58
2026-08-19T06:52:23Z,Path Of Exile 2 Return Of The Ancients 8 New Character,LSneverEND,https://www.youtube.com/watch?v=P7wCA5d3d_w,2026-08-19T01:56:07Z,70,11.67,11.67,72,2026-08-19T18:41:26Z,72
2026-08-19T06:52:23Z,Path of Exile 2 - душ(ев)ное прохождение,Посиделки у монитора ,https://www.youtube.com/watch?v=dAwExfdQ-Zc,2026-08-19T01:55:00Z,233,38.83,38.83,233,2026-08-19T06:52:23Z,233
2026-08-19T06:52:23Z,PoE 2 - OYUNUN GİDİŞATI HAKKINDA YENİ BİLGİLER,Vikingli Muhtar,https://www.youtube.com/watch?v=mOuZja_81Pg,2026-08-18T16:28:27Z,834,57.92,60.9,1246,2026-08-19T12:56:01Z,1246
2026-08-19T06:52:23Z,Double Corrupting 100+ Zana's Ingenuity,CaptainLance9,https://www.youtube.com/watch?v=QqodaRtkIKk,2026-08-18T13:57:44Z,5292,312.93,312.93,5292,2026-08-19T06:52:23Z,5292
2026-08-19T06:52:23Z,46k ES Facebreaker Luminary Climbing to 50k Today!,CaptainLance9,https://www.youtube.com/watch?v=hM9P7ezYco8,2026-08-18T23:40:52Z,5570,774.46,774.46,5810,2026-08-19T12:56:01Z,5810
2026-08-19T12:56:01Z,มวยมีหลายยก #poe2,แมวหลวง Ch,https://www.youtube.com/watch?v=Dm05kw_ajxc,2026-08-19T04:42:45Z,36,4.38,4.38,36,2026-08-19T12:56:01Z,36
2026-08-19T12:56:01Z,Speed Leveling Another Titan | Path Of Exile 2 0.5,LugoHQ,https://www.youtube.com/watch?v=1ftXsi-FSM4,2026-08-18T23:45:56Z,74,5.62,5.62,74,2026-08-19T12:56:01Z,74
2026-08-19T12:56:01Z,Path of Exile 2 Lvl 72 Djinn respec #poe2 #pathofexile2 #pathofexile,StruggleMann ,https://www.youtube.com/watch?v=5SPn3dQ3mmg,2026-08-19T06:17:16Z,186,27.99,27.99,240,2026-08-19T18:41:26Z,240
2026-08-19T12:56:01Z,"PATH OF EXILE 2 INDONESIA EXPEDITION FARM LOW BUDGET, 0 RARITY DIVINE?? #pathofexile2 #mediashareon",TUYUL DISKO,https://www.youtube.com/watch?v=0xXGMPmhc7Q,2026-08-19T10:54:06Z,247,41.17,41.17,275,2026-08-19T18:41:26Z,275
2026-08-19T12:56:01Z,896回目のシミュラクラムでGETしたボイスが念願の〇ソケ😭　 #pathofexile2 #poe2 #ゲーム #ゲーム実況 #ハクスラ #PCゲーム #新人vtuber,しゅん / shun,https://www.youtube.com/watch?v=DkiifUC0YrE,2026-08-19T10:02:22Z,697,116.17,154.43,1336,2026-08-19T18:41:26Z,1336
2026-08-19T18:41:26Z,Path Of Exile 2: Cook The Hamma - Oracle COC Shield / Hammer of the Gods build Act 2,FragManSaul,https://www.youtube.com/watch?v=7IkwYJSySnI,2026-08-19T13:15:43Z,26,4.33,4.33,26,2026-08-19T18:41:26Z,26
2026-08-19T18:41:26Z,【Path of Exile 2: 'Return of the Ancients'】超チャージで地面をぶっ叩き敵を殲滅せよ【おぶちゃんねる】#poe2 #パスオブエグザイル２ #ゲーム実況,おぶちゃんねる,https://www.youtube.com/watch?v=vn_T6oz-tBM,2026-08-19T09:00:12Z,48,4.95,4.95,48,2026-08-19T18:41:26Z,48
2026-08-19T18:41:26Z,PATH OF EXILE 2 ➤ ПЕРВОЕ ПРОХОЖДЕНИЕ | 0.5 стрим 31,CyberBros,https://www.youtube.com/watch?v=J-5uH8waOlc,2026-08-19T14:34:58Z,42,7.0,7.0,42,2026-08-19T18:41:26Z,42
2026-08-19T18:41:26Z,Yeni Başlayanlara Özel Başlangıç Rehberi - Bölüm 6 - Path of Exile 2 Türkçe Rehber (PoE2),Swordorin2,https://www.youtube.com/watch?v=pinX2U-X69k,2026-08-19T04:00:12Z,107,7.29,7.29,107,2026-08-19T18:41:26Z,107
2026-08-19T18:41:26Z,#37【Path of Exile 2: 'Return of the Ancients'】今の所殴ってますｗマーシャルアーティストでActラン【おぶちゃんねる】#パスオブエグザイル2 #ゲーム実況,おぶちゃんねる,https://www.youtube.com/watch?v=9_aS15kVI98,2026-08-19T16:28:56Z,46,7.67,7.67,46,2026-08-19T18:41:26Z,46
2026-08-19T18:41:26Z,Path of Exile 2 | Iceshot Dose Triple Herald - Headhunter / Mageblood ?,Wildan R,https://www.youtube.com/watch?v=rgGhPQPvfzk,2026-08-19T14:45:07Z,194,32.33,32.33,216,2026-08-20T06:54:03Z,216
2026-08-19T18:41:26Z,HOW TO THINK IN PATH OF EXILE 2 (INCREASED ITEM RARITY),787prada,https://www.youtube.com/watch?v=bGQ3dgs4p8I,2026-08-19T18:00:30Z,247,41.17,535.97,7969,2026-08-20T12:58:12Z,7969
2026-08-19T18:41:26Z,Path of Exile 2 -  New Druid: High Rarity Farming  🥶   (PC),CRiZZO,https://www.youtube.com/watch?v=-1XSwk7Kc7g,2026-08-19T11:14:12Z,349,46.82,46.82,349,2026-08-19T18:41:26Z,349
2026-08-19T18:41:26Z,Что нужно знать о следующей лиге в Path of Exile 2,ColdVision,https://www.youtube.com/watch?v=A5oUIIl3gYA,2026-08-19T16:50:33Z,375,62.5,132.62,2296,2026-08-20T12:58:12Z,2296
2026-08-19T18:41:26Z,Path of Exile 2 - душ(ев)ное прохождение,Посиделки у монитора ,https://www.youtube.com/watch?v=Ph44m4zVsNY,2026-08-19T17:47:20Z,651,108.5,108.5,830,2026-08-20T12:58:12Z,830
2026-08-19T18:41:26Z,🔴[LIVE] 💀First Time Ever Playing PATH OF EXILE 2 | HC SSF | Playthrough [Day 5],RelativityRabbit,https://www.youtube.com/watch?v=RGBXBtJEzVQ,2026-08-19T15:24:16Z,736,122.67,122.67,868,2026-08-20T06:54:03Z,868
2026-08-19T18:41:26Z,Why Necromancer will NEVER be added to PoE 2,GhazzyTV,https://www.youtube.com/watch?v=9N6V0PfOhRA,2026-08-19T15:53:57Z,749,124.83,502.26,7529,2026-08-20T06:54:03Z,7529
2026-08-19T18:41:26Z,Path of Exile 2 Passive Tree Explained - Beginner's Guide,Lolcohol,https://www.youtube.com/watch?v=g_PvO_Fg_hk,2026-08-19T15:00:25Z,1008,168.0,281.24,3784,2026-08-20T06:54:03Z,3784
2026-08-19T18:41:26Z,Massively Buffed? Or... - Chronomancer - The State of the Meta | PoE 2,MisoxShiru,https://www.youtube.com/watch?v=ZmB3-BMKVpQ,2026-08-19T14:00:29Z,3194,532.33,532.33,5889,2026-08-20T01:34:53Z,5889
2026-08-20T01:34:53Z,Path of Exile 2 ICE SHOT grind o dia todo!,Keuvelin,https://www.youtube.com/watch?v=XX_D1G4xCfs,2026-08-19T18:55:24Z,143,21.48,21.48,143,2026-08-20T12:58:12Z,143
2026-08-20T01:34:53Z,"POE2 0.5 Chaos Fireball 6th Boss (Draven, the Eternal Praetor)",R1veno,https://www.youtube.com/watch?v=aEczDyWxFEE,2026-08-19T17:03:47Z,207,24.3,24.3,226,2026-08-20T12:58:12Z,226
2026-08-20T01:34:53Z,💥PATH OF EXILE 2💥 HARDCORE: ДОЛБИМ РИТУАЛЫ!!🔥ВОИН РАЗЛОМ ЗЕМЛИ🔥,MERENKOFF,https://www.youtube.com/watch?v=teuswywxXyI,2026-08-19T23:05:06Z,285,47.5,47.5,285,2026-08-20T18:47:16Z,285
2026-08-20T01:34:53Z,COMO CRAFTAR BREACH RINGS PERFEITOS no Path of Exile 2! 💍🔥,ChibaTTV,https://www.youtube.com/watch?v=ZCm-TVTLjvA,2026-08-19T18:52:15Z,429,63.93,63.93,718,2026-08-20T12:58:12Z,718
2026-08-20T01:34:53Z,LIVE | Experimenting with Galvanic Field on Shaman | Path of Exile 2,Troy Tesko,https://www.youtube.com/watch?v=pAyG8h24CNo,2026-08-19T19:14:26Z,532,83.9,83.9,587,2026-08-20T12:58:12Z,587
2026-08-20T01:34:53Z,【POE2】地獄を楽しむ呪われた者たちの集会所,スイクンゲームズ,https://www.youtube.com/watch?v=WtqvDsnls9M,2026-08-19T16:58:42Z,936,108.8,108.8,936,2026-08-20T01:34:53Z,936
2026-08-20T01:34:53Z,Path of Exile 2 Rarity Problem Is Worse Than You Think,Jazzarus,https://www.youtube.com/watch?v=BwbPBjG9L34,2026-08-19T20:45:25Z,679,113.17,137.03,1954,2026-08-20T12:58:12Z,1954
2026-08-20T01:34:53Z,[Day 12] HCSSF Flameblast Chronomancer! Arbiter DOWN!,MisoxShiru,https://www.youtube.com/watch?v=wqI6aCshUcI,2026-08-19T13:39:28Z,1560,130.83,130.83,1560,2026-08-20T01:34:53Z,1560
2026-08-20T01:34:53Z,🔴Ao Vivo - Path of Exile 2 - Voltamos para as Novidads do Patch 0.5.5 Gamescom 2026,Mano Imp,https://www.youtube.com/watch?v=lFGGsNSI_Ps,2026-08-19T20:51:02Z,1812,302.0,302.0,1834,2026-08-20T12:58:12Z,1834
2026-08-20T01:34:53Z,Hogwarts Legacy 2 Tells Woke Activists To F Off,Qwazar77,https://www.youtube.com/watch?v=lX1YK87bl_g,2026-08-19T15:00:27Z,7137,674.96,674.96,8318,2026-08-20T06:54:03Z,8318
2026-08-20T01:34:53Z,Path of Exile 2 Fun Event Day 3,Raxxanterax,https://www.youtube.com/watch?v=OlGNEfGY1-w,2026-08-19T21:35:00Z,4433,738.83,738.83,4973,2026-08-20T12:58:12Z,4973
2026-08-20T01:34:53Z,CHAOS HERALD OF THUNDER [FROM ZERO TO HERO] PART 1 - ANOTHER WALKING SIMULATOR - ACTUALLY TANKY?,MAGEFIST,https://www.youtube.com/watch?v=9KGgy7ofDZk,2026-08-19T13:05:25Z,78897,6316.21,6316.21,78897,2026-08-20T01:34:53Z,78897
2026-08-20T06:54:03Z,AFK Simulacrum until Voices Day9 - Path of Exile 2,Wolfyowns,https://www.youtube.com/watch?v=KAbcYPzdV_A,2026-08-20T00:31:29Z,36,5.65,5.65,88,2026-08-20T18:47:16Z,88
2026-08-20T06:54:03Z,Path of Exile 2 ice shot deadeye,misa virag,https://www.youtube.com/watch?v=Li3iG0DUAqw,2026-08-19T20:21:21Z,75,7.11,7.11,75,2026-08-20T06:54:03Z,75
2026-08-20T06:54:03Z,⚔️ Path of Exile 2 LIVE | TEMPLUL LUI VAAL,iMisu,https://www.youtube.com/watch?v=jvggvCuBWWc,2026-08-19T21:19:34Z,77,8.04,8.04,78,2026-08-20T12:58:12Z,78
2026-08-20T06:54:03Z,🔴 Path Of Exile 2 -  First Time Playing (Portrait),MisterALX,https://www.youtube.com/watch?v=MwFwnJpkUu8,2026-08-19T15:59:19Z,166,11.13,29.5,177,2026-08-21T12:56:46Z,176
2026-08-20T12:58:12Z,Part 1: Path of Exile 2 Version 0.5 Noob Spirit walker level 83 Casual Streaming,Envy - Video Streams,https://www.youtube.com/watch?v=0GyxbOg4LX0,2026-08-20T11:20:23Z,36,6.0,6.31,47,2026-08-20T18:47:16Z,47
2026-08-20T12:58:12Z,🔴Enquanto a 0.5.5 não vem . . . | Path of Exile 2 !build !pix,Grind Infinito,https://www.youtube.com/watch?v=6-KeoD14Bgw,2026-08-20T00:31:41Z,85,6.83,6.83,85,2026-08-20T12:58:12Z,85
2026-08-20T12:58:12Z,Yeni Başlayanlara Özel Başlangıç Rehberi - Bölüm 7 - Path of Exile 2 Türkçe Rehber (PoE2),Swordorin2,https://www.youtube.com/watch?v=Wq9BMio8ATo,2026-08-20T04:00:32Z,63,7.03,7.03,83,2026-08-20T18:47:16Z,83
2026-08-20T12:58:12Z,Path of Exile  2 - Campaign - Witch(2),XileCrow,https://www.youtube.com/watch?v=_rANbZGp4ug,2026-08-20T08:08:03Z,50,8.33,8.33,50,2026-08-20T18:47:16Z,50
2026-08-20T12:58:12Z,Немного нового фарма. Path of Exile 2. Short.,Lord Kolobok,https://www.youtube.com/watch?v=eH0PgySIBDo,2026-08-20T06:57:50Z,98,16.32,16.32,101,2026-08-20T18:47:16Z,101
2026-08-20T12:58:12Z,I’m Trying Twisters for the First Time - PoE 2 Hardcore Spirit Walker,Blazeworks TV,https://www.youtube.com/watch?v=K6Isv1vdh1Y,2026-08-19T23:36:42Z,684,51.2,51.2,684,2026-08-20T12:58:12Z,684
2026-08-20T12:58:12Z,SpicySushi and The Fubgun INCIDENT! PoE 3.29 x Mortal Shell 2,POEClipZ,https://www.youtube.com/watch?v=2aNo7ry8WC8,2026-08-19T18:00:28Z,1702,89.76,89.76,1702,2026-08-20T12:58:12Z,1702
2026-08-20T18:47:16Z,First Playthrough!-Path of Exile 2! MONK Pt.4,Solveren,https://www.youtube.com/watch?v=okO1Q8xY4Ew,2026-08-20T10:16:53Z,12,1.41,1.41,12,2026-08-20T18:47:16Z,12
2026-08-20T18:47:16Z,111 Забегов в Симулякр за Сапфиром Войсес Path of Exile 2. Как выбить Voices в POE 2 ?,VDKHeart,https://www.youtube.com/watch?v=_r9o2-h-tPM,2026-08-20T09:55:13Z,15,1.69,1.69,15,2026-08-20T18:47:16Z,15
2026-08-20T18:47:16Z,Path of Exile 2 시즌5 젬링 떨어지는 천둥 맵핑영상,염제,https://www.youtube.com/watch?v=cZsuUFM6Qhw,2026-08-20T07:16:40Z,20,1.74,1.74,20,2026-08-20T18:47:16Z,20
2026-08-20T18:47:16Z,Path of Exile 2 0.5 他的散布災禍 血法師 廣東話不完全攻略,野良猫,https://www.youtube.com/watch?v=NXJY4JeXYY0,2026-08-20T16:01:48Z,11,1.83,1.83,11,2026-08-20T18:47:16Z,11
2026-08-20T18:47:16Z,Path of Exile  2 - Solo Campaign - Witch,XileCrow,https://www.youtube.com/watch?v=yk8O3LIrRr4,2026-08-20T14:49:35Z,13,2.17,2.17,13,2026-08-20T18:47:16Z,13
2026-08-20T18:47:16Z,Path of Exile 2 시즌5 젬링 무한떨천,염제,https://www.youtube.com/watch?v=s-SOWdUw0Zg,2026-08-20T07:56:09Z,27,2.49,2.49,27,2026-08-20T18:47:16Z,27
2026-08-20T18:47:16Z,First Playthrough!-Path of Exile 2! MONK Pt.5,Solveren,https://www.youtube.com/watch?v=shg10rfy1GU,2026-08-20T14:21:51Z,15,2.5,2.5,15,2026-08-20T18:47:16Z,15
2026-08-20T18:47:16Z,Path of Exile 2 - NEW OP Ice Shot Deadeye GAMEPLAY UPDATE🧊🏹| ROTA 0.5.4 Uber Endgame build SHOWCASE🎯,DeathKing,https://www.youtube.com/watch?v=of4RXHO3P-Q,2026-08-20T18:10:18Z,20,3.33,96.02,1224,2026-08-21T06:55:10Z,1224
2026-08-20T18:47:16Z,My Thoughts on 0.5 - Path Of Exile 2,Hawg,https://www.youtube.com/watch?v=haUKyTy-SEw,2026-08-20T17:46:07Z,168,28.0,112.64,1339,2026-08-21T06:55:10Z,1339
2026-08-20T18:47:16Z,POE2 Challenge Series Begins! #shorts,Scorpius,https://www.youtube.com/watch?v=_7SKGsOfw1I,2026-08-20T14:30:32Z,205,34.17,34.17,328,2026-08-21T01:40:12Z,328
2026-08-20T18:47:16Z,FARMEI 50 SIMULACRUMS! 💰 DROPOU A VOICE'S SAPPHIRE? | Path of Exile 2,ChibaTTV,https://www.youtube.com/watch?v=oPjrYDCFaFA,2026-08-20T15:23:47Z,289,48.17,76.12,782,2026-08-21T01:40:12Z,782
2026-08-20T18:47:16Z,1-BUTTON TANK CASTER! | Scattering Calamity Titan Build Guide 0.5,Ulfhednar,https://www.youtube.com/watch?v=YT-R7nrzjn8,2026-08-20T00:37:10Z,5677,312.46,312.46,5677,2026-08-20T18:47:16Z,5677
2026-08-20T18:47:16Z,"Co nowego w Path of Exile 1 i 2? Darmowe Skiny, Język Polski, Build od GGG!",Prozu,https://www.youtube.com/watch?v=i9A4e_Jwd9E,2026-08-20T14:13:11Z,2049,341.5,341.5,3583,2026-08-21T01:40:12Z,3583
2026-08-20T18:47:16Z,"Path of Exile 2 MYSTERY NEWS in 1 Week?! (New SSF, Race)",Talkative Tri,https://www.youtube.com/watch?v=vQ3VcEBoI-4,2026-08-20T15:35:28Z,2287,381.17,381.17,2493,2026-08-21T06:55:10Z,2493
2026-08-21T01:40:12Z,Чи варто починати грати коли ліга R.I.P. ? Path of Exile 2: Return of the Ancients - Українською,TOP-GAMER | ТОП-ГЕЙМЕР | ПРО ІГРИ УКРАЇНСЬКОЮ,https://www.youtube.com/watch?v=nwfB6gLcnPM,2026-08-20T20:13:10Z,61,10.17,10.17,61,2026-08-21T01:40:12Z,61
2026-08-21T01:40:12Z,Path Of Exile 2: Cook The Hamma - Oracle COC Shield / Hammer of the Gods build Act 2,FragManSaul,https://www.youtube.com/watch?v=CJTkx9P-lwI,2026-08-21T01:08:54Z,71,11.83,19.33,116,2026-08-21T06:55:10Z,116
2026-08-21T01:40:12Z,Path of Exile 2 | Malam Gengs,Wildan R,https://www.youtube.com/watch?v=QlhW9J7TF0Y,2026-08-20T20:02:43Z,85,14.17,14.17,85,2026-08-21T01:40:12Z,85
2026-08-21T01:40:12Z,"Deflect Chronomancer - SHRUG OFF all damage, blow up the screen, SNIPE the boss [PoE2 0.5]",Off-Meta Michael,https://www.youtube.com/watch?v=6GyqeZcaw4s,2026-08-20T23:05:28Z,116,19.33,139.73,1936,2026-08-21T12:56:46Z,1936
2026-08-21T01:40:12Z,⚔️ Path of Exile 2 LIVE | TEMPLUL LUI VAAL P2,iMisu,https://www.youtube.com/watch?v=FnFqOcsLIGE,2026-08-20T21:44:52Z,149,24.83,24.83,162,2026-08-21T12:56:46Z,162
2026-08-21T01:40:12Z,💥PATH OF EXILE 2💥 МОЙ ПЕРВЫЙ РАЗ В ЭТОЙ ИГРЕ! #twitch #flyntstonegaming,Берлога Флинстона,https://www.youtube.com/watch?v=yxOMFj65eFw,2026-08-20T20:10:45Z,151,25.17,25.17,153,2026-08-21T12:56:46Z,153
2026-08-21T01:40:12Z,"🔴 Path Of Exile 2 -  ""Witch"" class are you playing? (Portrait)",MisterALX,https://www.youtube.com/watch?v=sb2lx1gz8vA,2026-08-20T23:31:03Z,158,26.33,26.33,163,2026-08-21T18:42:32Z,163
2026-08-21T01:40:12Z,Path of Exile 2 - душ(ев)ное прохождение,Посиделки у монитора ,https://www.youtube.com/watch?v=0VIhOpPxHvw,2026-08-20T18:35:52Z,379,53.59,53.59,398,2026-08-21T06:55:10Z,398
2026-08-21T01:40:12Z,Path of Exile 2 | Mid Season Reset Soon! 150% Rarity Twister Spirit Walker! (PoE 2 0.5 Huntress),SiahZ,https://www.youtube.com/watch?v=3d3OpwB2Oz4,2026-08-20T20:15:24Z,446,74.33,74.33,644,2026-08-21T12:56:46Z,644
2026-08-21T01:40:12Z,New Class Announced at Gamescom!? w/ @Lolcohol &  @BlazeworksTV - The Path 2 Exile Podcast Ep. 57,MisoxShiru,https://www.youtube.com/watch?v=Fh05ia9-wE4,2026-08-21T00:07:26Z,474,79.0,328.92,6113,2026-08-21T18:42:32Z,6113
2026-08-21T01:40:12Z,GGG TOLD US to Watch This... Here's Why,Talkative Tri,https://www.youtube.com/watch?v=AI6-u6k05Kc,2026-08-21T00:15:38Z,770,128.33,792.75,12896,2026-08-21T18:42:32Z,12896
2026-08-21T01:40:12Z,How to Farm Breach Rares CORRECTLY in PoE 2 #PathOfExile2 #PoE2 #Breach,Ray Calloway,https://www.youtube.com/watch?v=y9lSuKGxxDI,2026-08-20T20:03:53Z,983,163.83,163.83,2297,2026-08-21T12:56:46Z,2297
2026-08-21T01:40:12Z,Path of Exile 2 Watching the Exilecon Race Qualifier,Raxxanterax,https://www.youtube.com/watch?v=899bFteOKsY,2026-08-20T23:17:56Z,6240,1040.0,1040.0,7334,2026-08-21T12:56:46Z,7334
2026-08-21T06:55:10Z,🎩Path of Exile 2🎩👓Кровавая ведьма с арбалетом на холоде.👓,mrBLO стримы,https://www.youtube.com/watch?v=YBwzkqhJcy8,2026-08-20T19:44:07Z,233,20.83,20.83,235,2026-08-21T12:56:46Z,235
2026-08-21T06:55:10Z,NOWE INFO o 0.5.5 w Path of Exile 2 *OLBRZYM IDZIE*,Nadin Wins,https://www.youtube.com/watch?v=oxIgW5VQi8U,2026-08-21T06:25:38Z,180,30.0,306.63,4917,2026-08-22T01:34:03Z,4917
2026-08-21T06:55:10Z,🚨PoE 2🚨HARDCORE SSF ARBITER OF ASH CHALLENGE BAŞLIYOR🚨1. GÜN🚨WITCHHUNTER/BOMBACI MAHMUT SAHNEDE🚨,Vikingli Muhtar,https://www.youtube.com/watch?v=mPdat91nGmA,2026-08-20T21:22:54Z,415,43.51,43.51,420,2026-08-21T12:56:46Z,420
2026-08-21T06:55:10Z,An Absolute Rollercoaster of a Race - PATH of EXILE 2 Exilecon Qualifier 3 of 4,ZiggyD Gaming,https://www.youtube.com/watch?v=EtriVlnk9OI,2026-08-21T05:06:09Z,625,104.17,366.66,5981,2026-08-22T01:34:03Z,5981
2026-08-21T06:55:10Z,POE 2 0.5.5 - HUGE NEWS SOON - Path of Exile 2 0.5.5 Livestream In A Week,sirgog,https://www.youtube.com/watch?v=Ocex0EYD6Uo,2026-08-21T05:23:58Z,1085,180.83,540.89,7401,2026-08-22T01:34:03Z,7401
2026-08-21T12:56:46Z,Path of Exile 2 젬링 묠니르 번차 대탐험 올로스의 은혜 드랍,킹흑우,https://www.youtube.com/watch?v=laF3nr5-cho,2026-08-21T02:41:08Z,67,6.53,6.53,67,2026-08-21T12:56:46Z,67
2026-08-21T12:56:46Z,🔴Enquanto a 0.5.5 não vem . . . | Path of Exile 2 !build !pix,Grind Infinito,https://www.youtube.com/watch?v=n_414SRI8Jk,2026-08-21T09:29:19Z,41,6.83,6.83,41,2026-08-21T12:56:46Z,41
2026-08-21T12:56:46Z,THE CRAZIEST ICE NOVA BUILD IN POE2 SO FAR! POE 2 Sorceress Build 0.5 (NEW META),KaidGames2,https://www.youtube.com/watch?v=9PgLUedSByU,2026-08-21T01:00:37Z,108,9.05,9.05,122,2026-08-21T18:42:32Z,122
2026-08-21T12:56:46Z,0 ОШИБОК! ДРУИД НА ХАРДКОРЕ В PATH OF EXILE 2 💀 HC SSF №1,MiM,https://www.youtube.com/watch?v=oHEwaDUzGO0,2026-08-21T04:00:07Z,85,9.5,9.52,140,2026-08-21T18:42:32Z,140
2026-08-21T12:56:46Z,First EVER Hardcore SSF Run! Bloodmage | Path of Exile 2,Explosive Paddle,https://www.youtube.com/watch?v=wHSPcNEHm3k,2026-08-21T06:03:21Z,72,10.45,10.45,73,2026-08-21T18:42:32Z,73
2026-08-21T12:56:46Z,💥PATH OF EXILE 2💥 HARDCORE: ЕЩЕ НЕМНОГО РИТУАЛЬЧИКА!!🔥ВОИН РАЗЛОМ ЗЕМЛИ🔥,MERENKOFF,https://www.youtube.com/watch?v=8YjWo_NbUNU,2026-08-21T01:14:41Z,209,17.86,17.86,209,2026-08-21T18:42:32Z,209
2026-08-21T12:56:46Z,Unethical Wisp Build for Path of exile 2 + bonus build,Outer Exile,https://www.youtube.com/watch?v=Gzgn8nuuGyY,2026-08-20T20:15:48Z,444,26.61,26.61,444,2026-08-21T12:56:46Z,444
2026-08-21T18:42:32Z,Mercenary: Act 3 Continued Even More | Path Of Exile 2,DrOctaviousJr,https://www.youtube.com/watch?v=QHvaBPa2mE4,2026-08-21T14:27:46Z,35,5.83,5.83,35,2026-08-21T18:42:32Z,35
2026-08-21T18:42:32Z,Path of Exile 2 - ExileCon verseny | #pathofexile2  #pathofexileii #poe2  #exilecon  #arpg,INVENTORY,https://www.youtube.com/watch?v=hD4d0xOSlEU,2026-08-21T18:26:20Z,86,14.33,35.21,258,2026-08-22T06:48:20Z,258
2026-08-21T18:42:32Z,Path Of Exile 2 Return Of The Ancients 9 New Character,LSneverEND,https://www.youtube.com/watch?v=huXujD6XZXo,2026-08-21T13:02:36Z,93,15.5,15.5,93,2026-08-22T01:34:03Z,93
2026-08-21T18:42:32Z,PATH OF EXILE 2 INDONESIA GEMLING TEMPORALIS? ENAKNYA DI BIKIN APA GUYS? #pathofexile2 #mediashareon,TUYUL DISKO,https://www.youtube.com/watch?v=gsd4dTq4qMA,2026-08-21T11:02:21Z,184,23.99,23.99,189,2026-08-22T01:34:03Z,189
2026-08-21T18:42:32Z,ВПЕРВЫЕ ЗАЛЕТАЮ В ПРИВАТКУ PATH OF EXILE 2 ПОЛАЯ ФОРМА ПОЕ 2 РУНЫ АЛЬДУРА,POE - Изобретатель,https://www.youtube.com/watch?v=jvalhMcGMaA,2026-08-21T05:27:30Z,337,25.43,25.43,387,2026-08-22T01:34:03Z,387
2026-08-21T18:42:32Z,"[Path of Exile 2] #30 Путь к 100 лвл. Экспедиции, храм и просто отдых в любимой игре)",KoToMaTb,https://www.youtube.com/watch?v=R9YZj58GsSE,2026-08-21T15:05:38Z,155,25.83,25.83,155,2026-08-22T01:34:03Z,155
2026-08-21T18:42:32Z,Path of Exile 2 Mod Menu 2026 (Free PC) Undetected | ESP + Loot Filter & Auto Pickup [No Ban],Mana Quiz,https://www.youtube.com/watch?v=WDf74GQcXOk,2026-08-21T17:35:40Z,247,41.17,41.17,322,2026-08-22T06:48:20Z,322
2026-08-21T18:42:32Z,[Path of Exile 2] Cosa aspettarsi dalla 0.5.5,ReVoGaming,https://www.youtube.com/watch?v=wFp01OGtiCQ,2026-08-21T09:26:15Z,543,58.57,58.57,648,2026-08-22T01:34:03Z,648
2026-08-21T18:42:32Z,Craft Your First 300 Divine Jewel Using This Method in PoE2 0.5,Mira Vance,https://www.youtube.com/watch?v=9-rQetBm-bE,2026-08-21T14:31:39Z,418,69.67,83.6,1015,2026-08-22T06:48:20Z,1015
2026-08-21T18:42:32Z,My Plans For The Rest Of The Year,Raxxanterax,https://www.youtube.com/watch?v=yWyVs23eL80,2026-08-21T12:00:31Z,21672,3234.4,3234.4,38120,2026-08-22T01:34:03Z,38120
2026-08-22T01:34:03Z,MINION ARMY ACOLYTE OF CHAYULA BUILD GUIDE | POE 2 PATCH 0.5,RNGenius,https://www.youtube.com/watch?v=JOmbfeN3hNY,2026-08-21T17:55:22Z,46,6.02,6.02,46,2026-08-22T01:34:03Z,46
2026-08-22T01:34:03Z,La mejor Lanza (para vender) #maxiibyeme #poe2 #pathofexile2 #ggg #gaming #crafting #shorts #fyp,Maxii Byeme,https://www.youtube.com/watch?v=yaFPfOGlo2c,2026-08-21T23:16:51Z,72,12.0,21.66,183,2026-08-22T12:48:31Z,183
2026-08-22T01:34:03Z,LIVE | Scaling A ZDPS Ability To 1DPS  | Path of Exile 2,Troy Tesko,https://www.youtube.com/watch?v=Fu6VvLL3054,2026-08-21T19:03:00Z,314,48.18,48.18,377,2026-08-22T12:48:31Z,377
2026-08-22T01:34:03Z,!CHEST CHALLENGE ☕ Path of Exile 2 SSFHC later,Zoodle,https://www.youtube.com/watch?v=S_lcDYkF8dE,2026-08-21T16:22:37Z,591,64.3,64.3,617,2026-08-22T06:48:20Z,617
2026-08-22T01:34:03Z,🔴[POE 2] 0.5.5 Event League Preparation Gemling Twister | Path Of Exile 2,Phalanx,https://www.youtube.com/watch?v=YdbyiUVh0_8,2026-08-21T13:12:11Z,844,68.26,68.26,844,2026-08-22T01:34:03Z,844
2026-08-22T01:34:03Z,Path of Exile 2 - душ(ев)ное прохождение,Посиделки у монитора ,https://www.youtube.com/watch?v=45TXUhHmr54,2026-08-21T20:12:40Z,540,90.0,90.0,562,2026-08-22T12:48:31Z,562
2026-08-22T01:34:03Z,Everything We Know About The Charm Changes | Path of Exile 2,KallTorak,https://www.youtube.com/watch?v=g6IqmY7mAjQ,2026-08-21T19:51:56Z,1241,206.83,239.85,3406,2026-08-22T12:48:31Z,3406
2026-08-22T01:34:03Z,Path of Exile 2 Making More Builds,Raxxanterax,https://www.youtube.com/watch?v=WTE3OSgzRLU,2026-08-21T23:34:19Z,3389,564.83,564.83,4165,2026-08-22T12:48:31Z,4165
2026-08-22T06:48:20Z,🔴 Path Of Exile 2 -  Is Witch the best class? (Portrait),MisterALX,https://www.youtube.com/watch?v=lCxgHvb7WUk,2026-08-21T19:20:53Z,116,10.12,10.12,116,2026-08-22T12:48:31Z,116
2026-08-22T06:48:20Z,"Что - то лопается, что - то сопротивляется. Path of Exile 2.",Lord Kolobok,https://www.youtube.com/watch?v=hifzU3JAOSY,2026-08-22T05:54:49Z,90,15.0,15.0,107,2026-08-22T18:37:05Z,107
2026-08-22T06:48:20Z,🎩Path of Exile 2🎩👓Кровавая ведьма с арбалетом на холоде.👓,mrBLO стримы,https://www.youtube.com/watch?v=eNcCOhwQdNM,2026-08-21T19:17:04Z,223,19.36,19.36,230,2026-08-22T12:48:31Z,230
2026-08-22T06:48:20Z,TheoryCast Ep. 27 w/ @subtractem | Path of Exile 3.29,z3r0pointflux,https://www.youtube.com/watch?v=8QDLMTBQqvw,2026-08-21T14:00:01Z,1038,61.77,61.77,1038,2026-08-22T06:48:20Z,1038
2026-08-22T06:48:20Z,5 Things GGG NEEDS to Buff in PoE2 0.5.5,Jazzarus,https://www.youtube.com/watch?v=0lK-jTd9-J0,2026-08-21T20:45:28Z,887,88.28,88.28,1108,2026-08-22T12:48:31Z,1108
2026-08-22T06:48:20Z,"""You should try Hardcore""",MisoxShiru,https://www.youtube.com/watch?v=zVzMZaeIwJI,2026-08-22T05:41:11Z,817,136.17,292.89,3665,2026-08-22T18:37:05Z,3665
2026-08-22T06:48:20Z,[POE2] 근접 클래스에 대한 불만 그리고 개선 방법!! [패스오브엑자일2],리펙스 | REPEX,https://www.youtube.com/watch?v=x7wxVE5SLYA,2026-08-22T02:55:13Z,881,146.83,231.99,2567,2026-08-22T18:37:05Z,2567
2026-08-22T06:48:20Z,Ruetoo RAGEQUITS & Deletes ALL His Currency... PoE 3.29,POEClipZ,https://www.youtube.com/watch?v=JO8hqwrMnjQ,2026-08-21T18:00:13Z,4377,341.9,341.9,4377,2026-08-22T06:48:20Z,4377
2026-08-22T06:48:20Z,GGG HAS BROKE THE SILENCE! Patch 0.5.5 News & Predictions!,MisoxShiru,https://www.youtube.com/watch?v=nmi1ZC_DN7Y,2026-08-22T02:50:50Z,5920,986.67,1473.09,20532,2026-08-22T18:37:05Z,20532
2026-08-22T06:48:20Z,PoE Streamer Cannot Believe 2 Mirrors Dropped,Exiled Again,https://www.youtube.com/watch?v=xBwgReFPppI,2026-08-21T13:00:27Z,21119,1186.58,1186.58,21119,2026-08-22T06:48:20Z,21119
2026-08-22T06:48:20Z,We BEAT PoE 2 with the WORST SKILL IN THE GAME! | Ep. 3 Finale,GhazzyTV,https://www.youtube.com/watch?v=nXL-QbXnsns,2026-08-21T18:10:00Z,17505,1384.99,1384.99,17505,2026-08-22T06:48:20Z,17505
2026-08-22T12:48:31Z,"🔥Path of Exile 2🔥фарм, общение",Suneaterchannel,https://www.youtube.com/watch?v=2eDq_OIpTE4,2026-08-22T05:40:22Z,22,3.08,3.08,22,2026-08-22T12:48:31Z,22
2026-08-22T12:48:31Z,Path of Exile 2 BUILD NOVA!,Keuvelin,https://www.youtube.com/watch?v=X4AhYL4ZaHY,2026-08-22T00:40:53Z,66,5.44,5.44,67,2026-08-22T18:37:05Z,67
2026-08-22T12:48:31Z,First EVER Hardcore SSF Run! Day 2 | Path of Exile 2,Explosive Paddle,https://www.youtube.com/watch?v=JrdkfuJz2q4,2026-08-22T06:08:43Z,40,6.0,6.0,40,2026-08-22T12:48:31Z,40
2026-08-22T12:48:31Z,🔴LIVE | Path of Exile 2 Then Mortal Shell 2,Apokolips TV,https://www.youtube.com/watch?v=IEQ9jRSVTGs,2026-08-22T05:36:44Z,47,6.53,6.53,49,2026-08-22T18:37:05Z,49
2026-08-22T12:48:31Z,Path of Exile 2 | Sore guys! Iceshot 1 shot expedition,Wildan R,https://www.youtube.com/watch?v=_yAaCLYuiyQ,2026-08-21T20:31:03Z,146,8.96,8.96,146,2026-08-22T12:48:31Z,146
2026-08-22T12:48:31Z,Path of Exile 2 -  Uhtred Farming for Runeseeker  🥶   (PC),CRiZZO,https://www.youtube.com/watch?v=vLHi-reKNTY,2026-08-22T09:51:39Z,70,11.67,11.67,71,2026-08-22T18:37:05Z,71
2026-08-22T12:48:31Z,Path of Exile 2 -  Uhtred Farming for Runeseeker  🥶   (PC),CRiZZO,https://www.youtube.com/watch?v=yzveZVcDvxo,2026-08-22T09:59:22Z,185,30.83,30.83,190,2026-08-23T01:42:55Z,190
2026-08-22T12:48:31Z,PoE 2 0.5.4| КРАФЧУ ЗРИТЕЛЯМ ЗА СВОЮ ВАЛЮТУ! Что из этого выйдет?,Ame_on,https://www.youtube.com/watch?v=BCHouHVbl5A,2026-08-21T21:20:27Z,820,53.01,53.01,820,2026-08-22T12:48:31Z,820
2026-08-22T12:48:31Z,ARPG Releases in 2026: What You Need To Know,Caffeinated Dad Gaming,https://www.youtube.com/watch?v=GEjyR7xq9LA,2026-08-21T20:00:03Z,3078,183.13,183.13,3078,2026-08-22T12:48:31Z,3078
2026-08-22T18:37:05Z,Mercenary: Act 4 | Path Of Exile 2,DrOctaviousJr,https://www.youtube.com/watch?v=-9gRX1gmLIk,2026-08-22T14:33:55Z,26,4.33,4.33,26,2026-08-22T18:37:05Z,26
2026-08-22T18:37:05Z,Полное прохождение Path of Exile 2 с подробным описанием — 1 АКТ (0.5.4),POE2Totems,https://www.youtube.com/watch?v=3Pjl0i9jqKw,2026-08-22T15:51:07Z,27,4.5,4.5,27,2026-08-22T18:37:05Z,27
2026-08-22T18:37:05Z,🔴LIVE - | Path of Exile 2 | Gemling Totem Build! Looking For My MIRROR!!!!,SuperNoob,https://www.youtube.com/watch?v=fQtn9EGp9Eo,2026-08-22T15:35:17Z,37,6.17,9.83,61,2026-08-23T18:35:42Z,61
2026-08-22T18:37:05Z,THE MOST OP PLANT DRUID BUILD I'VE EVER PLAYED! POE 2 Plant Build 0.5 (NEW META),KaidGames2,https://www.youtube.com/watch?v=6DN7RXNSdTs,2026-08-22T09:00:07Z,68,7.07,7.07,68,2026-08-22T18:37:05Z,68
2026-08-22T18:37:05Z,TOP 3 BEST MAPPING BUILDS DESTROY POE 2 PATCH 0.5.4F,RNGenius,https://www.youtube.com/watch?v=DCEU6njTV30,2026-08-22T16:00:03Z,59,9.83,39.81,829,2026-08-23T12:49:29Z,829
2026-08-22T18:37:05Z,TOP 3 BEST ENDGAME MAPPING BUILDS IN POE 2 PATCH 0.5.4F,RNGenius,https://www.youtube.com/watch?v=88ukAWcZEbc,2026-08-22T12:02:17Z,72,10.94,17.3,325,2026-08-23T06:49:31Z,325
2026-08-22T18:37:05Z,"Просто о Craft of Exile | Path of Exile, Path of Exile 2",Uno_Momento11,https://www.youtube.com/watch?v=pOaXY2sBk00,2026-08-22T12:00:39Z,83,12.56,12.56,137,2026-08-23T01:42:55Z,137
2026-08-22T18:37:05Z,0.5.5 Ara lig tanıtım tarihi belli oldu! - Path of Exile 2 Türkçe (PoE2),Swordorin2,https://www.youtube.com/watch?v=r2IZLo5PYMQ,2026-08-22T05:32:13Z,559,42.73,42.73,559,2026-08-22T18:37:05Z,559
2026-08-22T18:37:05Z,!CHEST CHALLENGE ☕ Path of Exile 2 HCSSF later,Zoodle,https://www.youtube.com/watch?v=gWvLt6y5K5g,2026-08-22T15:19:15Z,381,63.5,63.5,409,2026-08-23T12:49:29Z,409
2026-08-22T18:37:05Z,🔴[LIVE] 💀First Time Ever Playing PATH OF EXILE 2 | HC SSF | Playthrough [Day 6],RelativityRabbit,https://www.youtube.com/watch?v=uaRjup4_mAY,2026-08-22T13:42:48Z,646,107.67,107.67,688,2026-08-23T06:49:31Z,688
2026-08-22T18:37:05Z,🔴[POE 2] 0.5.5 Event League Preparation Infernalist Bonestorm | Path Of Exile 2,Phalanx,https://www.youtube.com/watch?v=4asgO_H6CPY,2026-08-22T13:42:31Z,705,117.5,117.5,781,2026-08-23T06:49:31Z,781
2026-08-22T18:37:05Z,Diablo 4’s Next Major Villain May Have Just Been Teased,Rhykker,https://www.youtube.com/watch?v=WFE8hd-1z-Q,2026-08-22T14:00:07Z,9779,1629.83,2005.91,27029,2026-08-23T06:49:31Z,27029
2026-08-23T01:42:55Z,⚔️ Path of Exile 2 LIVE | BOOM BOOM,iMisu,https://www.youtube.com/watch?v=WuDr0wjiqFo,2026-08-22T22:41:15Z,52,8.67,8.67,52,2026-08-23T01:42:55Z,52
2026-08-23T01:42:55Z,Path of Exile 2  League 5 boss fight 58 #shorts,MarioGaming,https://www.youtube.com/watch?v=C_e1jYBXJVQ,2026-08-22T19:00:38Z,60,8.95,8.95,94,2026-08-23T12:49:29Z,94
2026-08-23T01:42:55Z,Path of Exile 2 - Morri muito no Acto 01 e agora vamos de acto 2 [008],Taribaxa,https://www.youtube.com/watch?v=m-JlTTfTJBs,2026-08-22T22:24:46Z,70,11.67,11.67,71,2026-08-23T12:49:29Z,71
2026-08-23T01:42:55Z,"Crafting, Grinding, VIBING Path of Exile 2 Endgame stream",MightyMouthDFT,https://www.youtube.com/watch?v=jGx8FNIH1gM,2026-08-23T00:35:21Z,94,15.67,16.84,107,2026-08-23T18:35:42Z,107
2026-08-23T01:42:55Z,Path of Exile 2 | Sore Geng. One step closer for Mirror Bow!,Wildan R,https://www.youtube.com/watch?v=ACA3L6irg7k,2026-08-22T19:17:42Z,188,29.28,29.28,188,2026-08-23T12:49:29Z,188
2026-08-23T01:42:55Z,Path of Exile 2 - душ(ев)ное прохождение,Посиделки у монитора ,https://www.youtube.com/watch?v=fPuyUsIHJHo,2026-08-22T18:00:39Z,366,47.5,47.5,393,2026-08-23T12:49:29Z,393
2026-08-23T01:42:55Z,🎩Path of Exile 2🎩👓Кровавая ведьма с арбалетом на холоде.👓,mrBLO стримы,https://www.youtube.com/watch?v=MeSx6tdRzy8,2026-08-22T23:57:19Z,374,62.33,62.33,374,2026-08-23T18:35:42Z,374
2026-08-23T01:42:55Z,The Cheapest Way to Farm Hiveblood in Path of Exile 2 #PoE2 #Hiveblood #PathOfExile2,Ray Calloway,https://www.youtube.com/watch?v=pX5SeCa6QDs,2026-08-22T22:04:23Z,659,109.83,119.74,1479,2026-08-23T12:49:29Z,1479
2026-08-23T01:42:55Z,⚡ Crafting Evantide Petal Gloves for My Unarmed Monk | PoE 2 0.5,Diztoh,https://www.youtube.com/watch?v=skIxh0maDqE,2026-08-22T15:00:33Z,2882,269.19,269.19,3601,2026-08-23T06:49:31Z,3601
2026-08-23T01:42:55Z,СТАЛКЕР 2 - ЛУЧШИЕ НАСТРОЙКИ ГРАФИКИ 2026 | Оптимизация и повышение ФПС для всех ПК (Патч 2.0),BOSS POZiTiVA,https://www.youtube.com/watch?v=mGXg4pIkrPA,2026-08-22T15:17:16Z,3237,310.43,310.43,3533,2026-08-23T06:49:31Z,3533
2026-08-23T01:42:55Z,Path of Exile 2 Making More Builds,Raxxanterax,https://www.youtube.com/watch?v=zhzgbnT-c5E,2026-08-22T23:57:20Z,3734,622.33,622.33,4833,2026-08-23T18:35:42Z,4833
2026-08-23T01:42:55Z,Zero To Mirror Ep. 5: 400D in 2 Days To Get The Mirror!,XTheFarmerX,https://www.youtube.com/watch?v=j3pQYthh17A,2026-08-22T15:00:37Z,9518,889.11,889.11,15519,2026-08-23T12:49:29Z,15519
2026-08-23T06:49:31Z,BEST GLACIAL LANCE GEMLING LEGIONNAIRE BUILD IN POE 2 0.5.4F,RNGenius,https://www.youtube.com/watch?v=BwvlCdyznRY,2026-08-22T12:16:13Z,242,13.04,13.04,242,2026-08-23T06:49:31Z,242
2026-08-23T06:49:31Z,💥PATH OF EXILE 2💥 Я ЕСТЬ ТУХЛЯТИНА! #twitch #flyntstonegaming,Берлога Флинстона,https://www.youtube.com/watch?v=bxhgyrAl68A,2026-08-22T19:21:08Z,200,17.43,17.43,200,2026-08-23T12:49:29Z,200
2026-08-23T06:49:31Z,🔴LIVE - | Path of Exile 2 | Gemling Totem Build! Looking For My MIRROR!!!!,SuperNoob,https://www.youtube.com/watch?v=9fOuZNZAKqk,2026-08-23T04:04:16Z,122,20.33,20.33,137,2026-08-23T18:35:42Z,137
2026-08-23T06:49:31Z,Path of Exile 2 - душ(ев)ное прохождение,Посиделки у монитора ,https://www.youtube.com/watch?v=RAmtaH--PKw,2026-08-23T03:28:29Z,602,100.33,100.33,744,2026-08-23T18:35:42Z,744
2026-08-23T12:49:29Z,Path of Exile 2 BUILD NOVA!,Keuvelin,https://www.youtube.com/watch?v=uGGiXaG0I30,2026-08-23T00:08:41Z,54,4.26,4.26,54,2026-08-23T12:49:29Z,54
2026-08-23T12:49:29Z,🔴 Path Of Exile 2 -  Noob Player -  How to play?,MisterALX,https://www.youtube.com/watch?v=8oU1wl11B6M,2026-08-23T01:48:26Z,50,4.54,4.54,50,2026-08-23T18:35:42Z,50
2026-08-23T12:49:29Z,Part 2: Path of Exile 2 Version 0.5 Noob Spirit walker level 83 Casual Streaming level 10 maps,Envy - Video Streams,https://www.youtube.com/watch?v=etznCevd_OE,2026-08-23T08:29:21Z,40,6.67,6.67,48,2026-08-23T18:35:42Z,48
2026-08-23T12:49:29Z,Path of Exile 2 -  Expedition and Uhtred Farming for Runeseeker  🥶   (PC),CRiZZO,https://www.youtube.com/watch?v=PUJ5dripcaw,2026-08-23T08:48:20Z,170,28.33,28.33,176,2026-08-23T18:35:42Z,176
2026-08-23T12:49:29Z,Hero Siege | S10 Pyromancer Build Guide,Pohx,https://www.youtube.com/watch?v=ahXTSeUqTXo,2026-08-22T17:19:25Z,7455,382.29,382.29,7455,2026-08-23T12:49:29Z,7455
2026-08-23T18:35:42Z,Simulacrum and Ritual Farming | Ice Nova Chronomancer | Freezing Bodak Spiritwalker | POE 2,Chthonic Celestial,https://www.youtube.com/watch?v=81gpQ4-tzhY,2026-08-23T07:28:27Z,47,4.23,4.23,47,2026-08-23T18:35:42Z,47
2026-08-23T18:35:42Z,Path of Exile 2 treinando leveling!,Keuvelin,https://www.youtube.com/watch?v=l6otVPJaWtQ,2026-08-23T14:18:51Z,27,4.5,4.5,27,2026-08-23T18:35:42Z,27
2026-08-23T18:35:42Z,Path of Exile 2 Live Stream | Witch Run,AlexofAllTrades,https://www.youtube.com/watch?v=slnAPdY39k4,2026-08-23T17:21:39Z,28,4.67,4.67,28,2026-08-24T01:40:40Z,28
2026-08-23T18:35:42Z,AFK Simulacrum until Voices Day10 - Path of Exile 2,Wolfyowns,https://www.youtube.com/watch?v=8d3w3yGne4U,2026-08-23T04:40:08Z,66,4.74,4.74,66,2026-08-23T18:35:42Z,66
2026-08-23T18:35:42Z,#06 - CRAFT TO EXILE 2 - UMA AVENTURA RPG NO MINECRAFT! ⚔️💀,Only Novice,https://www.youtube.com/watch?v=Y8-gM75mK3k,2026-08-23T03:22:20Z,77,5.06,16.0,96,2026-08-24T01:40:40Z,96
2026-08-23T18:35:42Z,"Prima experiență în PoE 2, LIVE! EP.13 Path of Exile 2 România",IamNFI,https://www.youtube.com/watch?v=EqJhfv7-7RA,2026-08-23T15:19:33Z,95,15.83,15.83,101,2026-08-24T12:59:33Z,101
2026-08-23T18:35:42Z,🔴 Path Of Exile 2 -  Noob Player -  How to play?,MisterALX,https://www.youtube.com/watch?v=zKliJff96oc,2026-08-23T16:40:36Z,170,28.33,28.33,182,2026-08-24T12:59:33Z,182
2026-08-23T18:35:42Z,【POE2】超強化されたクロノマンサーが強すぎる！,スイクンゲームズ,https://www.youtube.com/watch?v=7eKD6PN6LNM,2026-08-23T07:24:18Z,712,63.63,63.63,712,2026-08-23T18:35:42Z,712
2026-08-23T18:35:42Z,"WREATHED IN LIGHT, THOT BECOMES FORM",Spazmatic Banana,https://www.youtube.com/watch?v=dD_zU2fu4a4,2026-08-23T04:44:01Z,1464,105.62,105.62,1464,2026-08-23T18:35:42Z,1464
2026-08-23T18:35:42Z,🔴[LIVE] 💀First Time Ever Playing PATH OF EXILE 2 | HC SSF | Playthrough [Day 7],RelativityRabbit,https://www.youtube.com/watch?v=qcdz2sB1L40,2026-08-23T15:19:42Z,808,134.67,134.67,867,2026-08-24T12:59:33Z,867
2026-08-23T18:35:42Z,POE2에서 RF는 정말 불가능할까?,춘삼_CHOONSAM,https://www.youtube.com/watch?v=I_X1IVE8l00,2026-08-23T03:45:26Z,4996,336.7,336.7,4996,2026-08-23T18:35:42Z,4996
2026-08-24T01:40:40Z,Path of Exile 2 // Only TEST 01 - Radeon ReLive //,Bulma,https://www.youtube.com/watch?v=q5E9u-PS1QA,2026-08-23T16:52:38Z,21,2.39,2.39,21,2026-08-24T01:40:40Z,21
2026-08-24T01:40:40Z,Path of Exile 2 Endgame Mapping - Ice Strike Monk is Fun,Mike Hero,https://www.youtube.com/watch?v=xmCP7T7uqv8,2026-08-23T19:46:36Z,26,4.33,4.33,26,2026-08-24T01:40:40Z,26
2026-08-24T01:40:40Z,Path of Exile 2 - Essa bruxa é mau! [009],Taribaxa,https://www.youtube.com/watch?v=JCOnQB8w1rw,2026-08-23T19:34:21Z,29,4.75,4.75,29,2026-08-24T01:40:40Z,29
2026-08-24T01:40:40Z,Path of Exile 2 Endgame Mapping - Ice Strike Monk is Fun,Mike Hero,https://www.youtube.com/watch?v=RWcvR7voKYU,2026-08-23T19:46:53Z,30,5.0,5.0,30,2026-08-24T07:07:42Z,30
2026-08-24T01:40:40Z,"Crafting, Grinding, VIBING Path of Exile 2 Endgame stream",MightyMouthDFT,https://www.youtube.com/watch?v=gMk0OrumzxM,2026-08-23T21:24:40Z,33,5.5,5.5,37,2026-08-24T07:07:42Z,37
2026-08-24T01:40:40Z,🔴LIVE - | Path of Exile 2 | Gemling Totem Build! Mapping Some 200% Delirium!,SuperNoob,https://www.youtube.com/watch?v=1VVurKrA2B0,2026-08-23T23:42:22Z,62,10.33,10.33,71,2026-08-24T12:59:33Z,71
2026-08-24T01:40:40Z,⚔️ Path of Exile 2 LIVE | BOOM BOOM P2,iMisu,https://www.youtube.com/watch?v=t3Wdi8YzKkQ,2026-08-23T19:58:16Z,64,10.67,10.67,68,2026-08-24T12:59:33Z,68
2026-08-24T01:40:40Z,Los mejores (Guantes para tirar) #maxiibyeme #poe2 #pathofexile2 #ggg #gaming #crafting #shorts #fyp,Maxii Byeme,https://www.youtube.com/watch?v=M9mzC2c9bhQ,2026-08-23T22:14:52Z,131,21.83,27.59,285,2026-08-24T18:47:56Z,285
2026-08-24T01:40:40Z,Path of Exile 2 | Breach party sampe muntah guys?,Wildan R,https://www.youtube.com/watch?v=S_SETvYORdk,2026-08-23T21:30:15Z,193,32.17,32.17,207,2026-08-24T18:47:56Z,207
2026-08-24T01:40:40Z,🎩Path of Exile 2🎩👓Кровавая ведьма с арбалетом на холоде.👓,mrBLO стримы,https://www.youtube.com/watch?v=L57okscwMCg,2026-08-24T00:39:29Z,329,54.83,54.83,349,2026-08-24T18:47:56Z,349
2026-08-24T01:40:40Z,This Build Broke Path of Exile 2’s Speed Limit - Actual Fastest Build,GL1TCH3D,https://www.youtube.com/watch?v=Iykf6RiXJ8k,2026-08-23T22:40:39Z,583,97.17,395.25,6729,2026-08-24T18:47:56Z,6729
2026-08-24T01:40:40Z,【POE2】超強化されたクロノマンサーが強すぎる！,スイクンゲームズ,https://www.youtube.com/watch?v=J07Yo6jjhEs,2026-08-23T15:41:03Z,996,99.66,99.66,1021,2026-08-24T07:07:42Z,1021
2026-08-24T01:40:40Z,Who is The Druid? | Path Of Exile 2 Lore,Lore Of Exile,https://www.youtube.com/watch?v=cbR8hKCi35g,2026-08-23T23:02:15Z,641,106.83,256.95,4665,2026-08-24T18:47:56Z,4665
2026-08-24T01:40:40Z,Is the Loathsome Mire Amulet Actually Worth Farming? #PathOfExile2 #LoathsomeMire #PoE2,Ray Calloway,https://www.youtube.com/watch?v=kqIk2KSBXl8,2026-08-23T20:03:46Z,979,163.17,163.17,1795,2026-08-24T12:59:33Z,1795
2026-08-24T01:40:40Z,Path of Exile 2 Making More Builds,Raxxanterax,https://www.youtube.com/watch?v=0XAC-2HLjtI,2026-08-23T18:46:27Z,4017,581.87,581.87,4445,2026-08-24T12:59:33Z,4445
2026-08-24T07:07:42Z,Complete META Ascendancy Tier List (Every Ascendancy Ranked) | Path of Exile 2,MistaWigglez ,https://www.youtube.com/watch?v=EuMi-0BOEio,2026-08-23T18:18:32Z,34,2.65,2.65,34,2026-08-24T07:07:42Z,34
2026-08-24T07:07:42Z,ARC SPELLSLINGER STORMWEAVER BUILD GUIDE | POE 2 PATCH 0.5,RNGenius,https://www.youtube.com/watch?v=H2isW1DL9QI,2026-08-23T16:13:59Z,50,3.36,3.36,50,2026-08-24T07:07:42Z,50
2026-08-24T07:07:42Z,Path of Exile 2 treinando leveling!,Keuvelin,https://www.youtube.com/watch?v=sjJBiGOJ2LE,2026-08-24T02:42:58Z,56,9.33,9.33,56,2026-08-24T12:59:33Z,56
2026-08-24T07:07:42Z,Path of Exile 2 - Será que jogar de Monge vai ser legal?,CafsGames,https://www.youtube.com/watch?v=vJ-kIj0p9zQ,2026-08-24T03:56:08Z,63,10.5,10.5,69,2026-08-24T18:47:56Z,69
2026-08-24T07:07:42Z,Path of Exile 2 - душ(ев)ное прохождение,Посиделки у монитора ,https://www.youtube.com/watch?v=dGdCUN9zkYA,2026-08-24T01:52:11Z,435,72.5,72.5,470,2026-08-24T12:59:33Z,470
2026-08-24T12:59:33Z,Path of Exile 2 Beta Iceshot Deadeye Mageblood finetuning,Nycurex,https://www.youtube.com/watch?v=2UyGQEGaaEM,2026-08-24T06:40:49Z,20,3.17,3.17,20,2026-08-24T12:59:33Z,20
2026-08-24T12:59:33Z,【PATH OF EXILE 2】GANTI BUILD LAGI?! WAKTUNYA BUKA MAP DAN TANGKAP GORILLA ITU! \(￣︶￣*\)),ZeRein Arcadia,https://www.youtube.com/watch?v=RB7dnvPlvkM,2026-08-24T10:03:14Z,32,5.33,5.33,37,2026-08-24T18:47:56Z,37
2026-08-24T12:59:33Z,Path of Exile 2 | welcome to the stream,jayyJ,https://www.youtube.com/watch?v=3OXIAxg6uDE,2026-08-24T05:16:45Z,75,9.72,12.5,75,2026-08-25T01:35:49Z,75
2026-08-24T12:59:33Z,PATH OF EXILE 2 INDONESIA FARMING TERUS POKOKNYA BUAT BAYAR UTANG!!!! #pathofexile2 #mediashareon,TUYUL DISKO,https://www.youtube.com/watch?v=UCh3WiQwDAE,2026-08-24T11:41:26Z,160,26.67,26.67,166,2026-08-25T01:35:49Z,166
2026-08-24T12:59:33Z,The Best Build I've Played in 10 Years of Path of Exile | Temporalis Infernalist,Keyson,https://www.youtube.com/watch?v=PrtDb4-ohE8,2026-08-24T11:15:39Z,398,66.33,295.17,3911,2026-08-25T01:35:49Z,3911
2026-08-24T12:59:33Z,"Récap arpg #279 Hero siege, PoE 2, Torchlight Infinite, Carbon, Gods Death & Reapers, Dust Origins",Best In Slot,https://www.youtube.com/watch?v=jLrO7wqCAG8,2026-08-24T07:00:04Z,1259,209.83,209.83,2140,2026-08-24T18:47:56Z,2140
2026-08-24T18:47:56Z,Mercenary: Interlude P2 | Path Of Exile 2,DrOctaviousJr,https://www.youtube.com/watch?v=bLtVG9PcVK0,2026-08-24T14:12:24Z,28,4.67,4.67,28,2026-08-24T18:47:56Z,28
2026-08-24T18:47:56Z,Path of Exile 2 -  Expedition and Uhtred Farming for Runeseeker  🥶   (PC),CRiZZO,https://www.youtube.com/watch?v=9mTs8K9-XgM,2026-08-24T02:07:07Z,146,8.75,24.67,148,2026-08-25T01:35:49Z,148
2026-08-24T18:47:56Z,Path of Exile 2 treinando leveling!,Keuvelin,https://www.youtube.com/watch?v=6m5PzxB7YOg,2026-08-24T14:41:18Z,53,8.83,8.83,53,2026-08-24T18:47:56Z,53
2026-08-24T18:47:56Z,"Threw A Lvl 82 Into The Fire, And He Survived | Shield Wall Titan | Mapping | Path Of Exile 2 0.5",LugoHQ,https://www.youtube.com/watch?v=4uJBu11M0co,2026-08-24T00:07:28Z,185,9.91,9.91,185,2026-08-24T18:47:56Z,185
2026-08-24T18:47:56Z,4 Underrated Uniques You NEED To Try - Path of Exile 2 Runes of Aldur,LilBotQ,https://www.youtube.com/watch?v=SWvvOmQN5H4,2026-08-24T15:32:51Z,60,10.0,90.75,912,2026-08-25T01:35:49Z,912
2026-08-24T18:47:56Z,"Path of Exile 2, 🦊Закончим пораньше, если рипнемся.🐾",Liisa_the_fox,https://www.youtube.com/watch?v=5e8gKFwjSz4,2026-08-24T17:07:46Z,61,10.17,10.17,61,2026-08-24T18:47:56Z,61
2026-08-24T18:47:56Z,Hoy sale hablar con la banda! | +100% quantity&rarity mientras ves el stream | 👉🏻kroximatuz.com,KroximatuZ,https://www.youtube.com/watch?v=jkHnAwO3aXw,2026-08-23T22:43:14Z,636,31.68,31.68,636,2026-08-24T18:47:56Z,636
2026-08-24T18:47:56Z,PoE2 처음 시작한 분께 무료 나눔합니다 #POE2 #패스오브엑자일2#POE2초보 #POE2초보자 #POE2무료나눔 #무료나눔 #POE2아이템,LootSmith,https://www.youtube.com/watch?v=Mv9QJocF-XA,2026-08-24T13:47:25Z,291,48.5,48.5,401,2026-08-25T01:35:49Z,401
2026-08-24T18:47:56Z,How I made 2000 divines in 3 days with simple glove craft poe2-0.5,SaVeQ,https://www.youtube.com/watch?v=T7R90v2JvFI,2026-08-24T13:15:49Z,622,103.67,111.73,1378,2026-08-25T01:35:49Z,1378
2026-08-24T18:47:56Z,Number 1 Divine Deleter in Path of Exile 2,OnesInTheChat,https://www.youtube.com/watch?v=7iDgCqbNgnU,2026-08-24T14:30:19Z,1020,170.0,206.64,2292,2026-08-25T01:35:49Z,2292
2026-08-25T01:35:49Z,stream path of exile 2,Nyzelko,https://www.youtube.com/watch?v=my7_vQ1hWqs,2026-08-24T20:49:01Z,70,11.67,11.67,70,2026-08-25T01:35:49Z,70
2026-08-25T01:35:49Z,The Most Epic BOSS Fight in Path of Exile 2 #pathofexile2 #gaming #bossfight,ggLicense,https://www.youtube.com/watch?v=Bddso5pdOOU,2026-08-24T15:26:16Z,240,23.62,23.62,240,2026-08-25T01:35:49Z,240
2026-08-25T01:35:49Z,Path of Exile 2 | Setelah sekian lama bergelimang di Iceshot! 1M + Damage,Wildan R,https://www.youtube.com/watch?v=b25x-YVDJhU,2026-08-24T21:18:47Z,165,27.5,27.5,165,2026-08-25T01:35:49Z,165
2026-08-25T01:35:49Z,🔴 🔴 Path of Exile 2 - New Player Gameplay (Portrait),MisterALX,https://www.youtube.com/watch?v=DTuZ-STxRss,2026-08-24T22:50:40Z,227,37.83,37.83,227,2026-08-25T01:35:49Z,227
2026-08-25T01:35:49Z,🎩Path of Exile 2🎩👓Кровавая ведьма с арбалетом на холоде.👓,mrBLO стримы,https://www.youtube.com/watch?v=v-ZK4vQYOlE,2026-08-25T00:13:35Z,238,39.67,39.67,238,2026-08-25T01:35:49Z,238
2026-08-25T01:35:49Z,🔴[POE 2] 0.5.5 Sub 4 Hour Campaign Practice | Path Of Exile 2,Phalanx,https://www.youtube.com/watch?v=WvkEV01ZUkk,2026-08-24T11:33:08Z,731,52.05,52.05,731,2026-08-25T01:35:49Z,731
2026-08-25T01:35:49Z,Path of Exile 2 | Mid Season Content REVEAL Tomorrow! 150% Rarity Twister! (PoE 2 0.5 Huntress),SiahZ,https://www.youtube.com/watch?v=kCdni3aarEw,2026-08-24T20:28:21Z,320,53.33,53.33,320,2026-08-25T01:35:49Z,320
2026-08-25T01:35:49Z,🔴Path of Exile 2  : ลองเล่น TITAN Shield Wall,Simuraz,https://www.youtube.com/watch?v=cE5eSAH6KAk,2026-08-24T17:52:14Z,675,87.36,87.36,675,2026-08-25T01:35:49Z,675
2026-08-25T01:35:49Z,O GLADIADOR DO PATH OF EXILE 2 CHEGOU NA GAMESCOM 2026?! 🔥,Mano Imp,https://www.youtube.com/watch?v=9IgUH4N4J3A,2026-08-24T23:13:21Z,859,143.17,143.17,859,2026-08-25T01:35:49Z,859
2026-08-25T01:35:49Z,PoE 2: Stop Doing Tedious Farms! Try THIS Instead #PathOfExile2 #FracturingOrb #PoE2,Ray Calloway,https://www.youtube.com/watch?v=NG5PsBVJB-g,2026-08-24T20:03:33Z,881,146.83,146.83,881,2026-08-25T01:35:49Z,881
2026-08-25T01:35:49Z,Path of Exile 2 Essence Drain Contagion,Raxxanterax,https://www.youtube.com/watch?v=FpwMhtxSFjQ,2026-08-24T21:55:06Z,3642,607.0,607.0,3642,2026-08-25T01:35:49Z,3642
2026-08-25T01:35:49Z,Path of Exile 2 NEEDS lots of changes by 1.0...,Talkative Tri,https://www.youtube.com/watch?v=NvCeUGl-hmE,2026-08-24T20:20:09Z,3912,652.0,652.0,3912,2026-08-25T01:35:49Z,3912
