first_seen_at,title,channel,url,published_at,first_seen_views,first_seen_velocity,peak_velocity,peak_views,last_seen_at,last_views
2026-07-01T04:17:12Z,"So, I datamined Swords in Path of Exile 2. Here's what they do",Rite of Sausage,https://www.youtube.com/watch?v=wI6YsYdPJYE,2026-06-30T22:17:17Z,55,9.17,32.08,1898,2026-07-03T09:27:27Z,1898
2026-07-01T04:17:12Z,Entangle Druid 1-Button XESHT Breach Pinnacle Boss | POE 2,Gaap,https://www.youtube.com/watch?v=FIAJMEkgSWY,2026-06-29T12:27:57Z,405,10.17,10.17,405,2026-07-01T04:17:12Z,405
2026-07-01T04:17:12Z,Evasion + Energy Shield est la défense la plus BROKEN du jeu DE LOIN #twitch #pathofexile2,Le Chat En Costume,https://www.youtube.com/watch?v=1MUNkKCHAog,2026-06-29T10:00:29Z,468,11.07,11.07,468,2026-07-01T06:24:22Z,468
2026-07-01T04:17:12Z,Path of Exile - Ep 1 - Empieza Tota - Acto 1 [Tota-Phrecia],Nicro4FUN,https://www.youtube.com/watch?v=KwVEpw2iBCI,2026-06-30T18:00:33Z,144,14.01,14.01,167,2026-07-01T09:47:44Z,167
2026-07-01T04:17:12Z,🔴 เล่นยาว 50 วัน  | Path of Exile 2 | วันที่ 1 บิลด์ในฝัน หรือ ฝันว่าได้บิลด์,2055 Capital,https://www.youtube.com/watch?v=yHXywxwpUBU,2026-06-30T18:38:44Z,140,14.52,14.52,140,2026-07-01T06:34:45Z,140
2026-07-01T04:17:12Z,Endgame Energy Blade Oshabi  | ToTA Day 4 | Path of Exile 1,Alohaa,https://www.youtube.com/watch?v=YZ_Jpx-Ts24,2026-06-30T21:18:24Z,158,22.64,28.1,921,2026-07-03T03:47:07Z,921
2026-07-01T04:17:12Z,Aarakali Servant - Animate Weapons | Day 3 Update | POE 1 ROTA | Phrecia V4.0,Lokati,https://www.youtube.com/watch?v=zzZYIsjs5zM,2026-06-29T12:39:04Z,905,22.83,22.83,944,2026-07-01T09:59:36Z,944
2026-07-01T04:17:12Z,[Path of Exile 2] Spiegone lunghissimo e dettagliato della mia strategua alch&go,ReVoGaming,https://www.youtube.com/watch?v=QYU12M_p9oc,2026-06-29T15:24:12Z,1016,27.55,27.55,1088,2026-07-01T14:47:59Z,1088
2026-07-01T04:17:12Z,day 3 ROTA Event - Path Of Exile 1,POEGuy,https://www.youtube.com/watch?v=SRuMwu-wGus,2026-06-29T15:12:55Z,1054,28.43,28.43,1070,2026-07-01T14:47:59Z,1070
2026-07-01T04:17:12Z,"Essence Drain Gemling - 10, 100, 1000 divines | Part 1/3 | Poe2 0.5 Rise of the Ancients",xRoGeSx,https://www.youtube.com/watch?v=49NS2Z2TLoI,2026-06-29T18:53:42Z,1206,36.12,36.12,1274,2026-07-01T20:03:02Z,1274
2026-07-01T04:17:12Z,[Path of Exile 2] Chaos + tablet = 150 divine in pochi minuti!,ReVoGaming,https://www.youtube.com/watch?v=0qz6xVPf-6Q,2026-06-30T10:32:15Z,679,38.26,39.57,996,2026-07-02T14:14:06Z,996
2026-07-01T04:17:12Z,TOP 10 NEW BEST COMMUNITY BUILDS AFTER 1 MONTH! Path of Exile 2 0.5 Builds | POE 2 Builds 0.5,KaidGames2,https://www.youtube.com/watch?v=g59X6bx0wz8,2026-06-30T20:00:05Z,415,50.09,50.09,2142,2026-07-03T03:47:07Z,2142
2026-07-01T04:17:12Z,"Impending Doom Gemling Legionnaire - All-Rounder de ""1 Botão"" - Guia Completo | Path of Exile 2 0.5",SasakiTV,https://www.youtube.com/watch?v=QK5f77ncWCY,2026-06-30T07:50:52Z,1373,67.18,67.18,1879,2026-07-02T09:22:30Z,1879
2026-07-01T04:17:12Z,[PoE 1] Late Upgrades & More Damage for my Ancestral Commander EA build // POEGuy's Event setup.,POEGuy,https://www.youtube.com/watch?v=x6bYqofIwP4,2026-06-29T09:56:54Z,3095,73.1,73.1,3210,2026-07-01T09:37:19Z,3210
2026-07-01T04:17:12Z,Selfsustaining Strongbox Farm | 30-50div per hour | ToTA Path of Exile 1,Alohaa,https://www.youtube.com/watch?v=SFjT8I8bfMw,2026-06-30T09:21:13Z,2309,121.96,121.96,3474,2026-07-02T09:22:30Z,3474
2026-07-01T04:17:12Z,[PoE2] ผมใช้อาวุธ 1 div ทำ Falling Thunder 1M | Budget 70 div+-,SolLudit,https://www.youtube.com/watch?v=dob6rwikU_8,2026-06-30T15:16:52Z,1651,126.94,140.23,4572,2026-07-02T19:40:29Z,4572
2026-07-01T04:17:12Z,Big TotA Build Update! - Phrecia League 3.0 - PoE 1 3.28,Path of Evening,https://www.youtube.com/watch?v=HyK13Vjfs2E,2026-06-29T14:00:37Z,6142,160.46,160.46,6567,2026-07-01T14:47:59Z,6567
2026-07-01T04:17:12Z,[POE2 0.5시즌] 이제는 1버튼 사냥이다! 마셜 아티스트 격파장법 2.0 세팅 가이드 | 레알POE2,레토르트,https://www.youtube.com/watch?v=pbP3xBgDqZ8,2026-06-29T08:45:10Z,8221,188.84,188.84,8473,2026-07-01T06:34:45Z,8473
2026-07-01T04:17:12Z,1 Ritual +50 Divine Profit! Ritual insane! Path of Exile 2 0.5  #pathofexile2 #poe2 #gaming #poeloot,Flower,https://www.youtube.com/watch?v=IP-1MgpsFWQ,2026-06-29T22:42:37Z,5966,201.71,218.97,9928,2026-07-01T20:03:02Z,9928
2026-07-01T04:17:12Z,Behemoth Cyclone - From Zero To Hero - Part 1 - Return of the Ancestors,EXILED CAT,https://www.youtube.com/watch?v=rZkj4wvw8Qc,2026-06-30T11:00:55Z,23547,1363.34,1363.34,33603,2026-07-02T14:14:06Z,33603
2026-07-01T05:40:08Z,[PoE2] Pillar Of The Caged God Making a Comeback,Carnarius,https://www.youtube.com/watch?v=4gg2Rbs7QgU,2026-06-30T16:42:20Z,2094,161.53,161.53,4211,2026-07-04T03:39:06Z,4211
2026-07-01T05:40:08Z,"Hollow Petals, The New King of Monk Builds - ALL BUDGET FRIENDLY - Full Build Guide",Master T,https://www.youtube.com/watch?v=Vwt3KVb49pg,2026-06-29T04:38:21Z,27630,563.54,563.54,28523,2026-07-01T09:27:16Z,28523
2026-07-01T06:24:22Z,NEW 0.5 'INFINITE' LOOP Tempoarlis BLINK AUTOBOMBER Bloodmage Build For POE 2,Mattjestic Life,https://www.youtube.com/watch?v=95ltXHd7jfo,2026-06-29T14:00:17Z,6424,159.0,159.0,6434,2026-07-01T06:34:45Z,6434
2026-07-01T09:27:16Z,Day 2 Deathless Ubers with Energy Blade Oshabi  | ToTA Phrecia Event| Path of Exile 1,Alohaa,https://www.youtube.com/watch?v=Zcenk_C0z1c,2026-06-28T18:32:05Z,2854,45.36,45.36,2854,2026-07-01T09:27:16Z,2854
2026-07-01T09:27:16Z,The Easiest 2K TOTA Build - Return of the Ancestors Guide (PoE),PapaREMGames,https://www.youtube.com/watch?v=m_fKGeb8EGs,2026-06-28T17:07:50Z,4170,64.83,64.83,4170,2026-07-01T09:27:16Z,4170
2026-07-01T09:27:16Z,Glacial Bolt SAVED my Gemling | 1-Button Screen Wide Explosions | POE 0.5,EverydayXP,https://www.youtube.com/watch?v=-v-Ita9ou-U,2026-06-28T18:16:23Z,4934,78.09,78.09,4934,2026-07-01T09:27:16Z,4934
2026-07-01T09:27:16Z,"POE2 준비물:골드,화폐  1분에1신성!! 차익런",오리뷰 Duck,https://www.youtube.com/watch?v=LL84-tuXiaY,2026-06-29T08:30:24Z,3873,79.12,79.12,3873,2026-07-01T09:27:16Z,3873
2026-07-01T09:27:16Z,Who's the NUMBER 1 DPS? B6 Ulquiorra vs B6 Kenpachi vs B6 Grimmjow | Bleach Soul Resonance,KlintonCRM,https://www.youtube.com/watch?v=G3IKyZ3rNa8,2026-06-28T11:18:02Z,6398,91.2,91.2,6398,2026-07-01T09:27:16Z,6398
2026-07-01T09:27:16Z,Behemoth Armour Stack Situation - Path of Exile 3.28 Ancestors Event,Bigdaddy,https://www.youtube.com/watch?v=9FQwtpjhFpw,2026-06-28T08:17:09Z,9019,123.26,123.26,9019,2026-07-01T09:27:16Z,9019
2026-07-01T09:27:16Z,"Diablo 4 Season 14 Builds/Prep/Rankings, later trying out RagnarokX (#ad)",wudijo,https://www.youtube.com/watch?v=-fCwH-_t8C8,2026-06-29T03:18:31Z,7924,146.35,146.35,7924,2026-07-01T09:27:16Z,7924
2026-07-01T09:27:16Z,How to Level With Spark From Level 1 — Twink Leveling Guide | Path of Exile 2,anime princess,https://www.youtube.com/watch?v=VgdTmxVwPXQ,2026-06-28T22:22:50Z,12442,210.62,210.62,12442,2026-07-01T09:27:16Z,12442
2026-07-01T09:27:16Z,Path of Exile 2 - Grim Pillars Build Guide with 4 Divines,OnesInTheChat,https://www.youtube.com/watch?v=dCFMABlcG0E,2026-06-30T14:30:08Z,6021,317.69,317.69,8065,2026-07-02T19:40:29Z,8065
2026-07-01T09:27:16Z,"Finally, THE BEST IGNITE build in Path of Exile 2 - Lifestacker Acolyte of Chayula.",Korihor,https://www.youtube.com/watch?v=-ELiaCSa8HQ,2026-06-29T23:45:09Z,12945,384.1,384.1,13384,2026-07-01T14:47:59Z,13384
2026-07-01T09:27:16Z,CRAFTING THIS SPEAR MADE ME WANT TO QUIT - Path of Exile 2,Spicysushi PoE,https://www.youtube.com/watch?v=MvwApFvZEig,2026-06-28T14:18:32Z,51692,769.85,769.85,51692,2026-07-01T09:27:16Z,51692
2026-07-01T09:27:16Z,PoE2 Most Expensive Build Loses To One Rare,Exiled Again,https://www.youtube.com/watch?v=4sQt3yD_hug,2026-06-28T13:00:12Z,63462,927.11,927.11,63462,2026-07-01T09:27:16Z,63462
2026-07-01T09:37:19Z,"[BR/ENG] QUARTA CHEGOU, BUILD MUDOU - POE 1 24/07 !build !discord",SasakiTV,https://www.youtube.com/watch?v=3sW8Rct21jg,2026-07-01T08:13:10Z,88,14.67,15.0,92,2026-07-01T14:47:59Z,92
2026-07-01T09:37:19Z,🛑LIVE : Path of exile  EP 1 🍀,SokoBo Maya Yama,https://www.youtube.com/watch?v=jpkonFG6VU0,2026-07-01T07:29:47Z,100,16.67,16.67,100,2026-07-01T14:47:59Z,100
2026-07-01T09:47:44Z,[PoE 2] Flameblast Perma Ignite with Frostflame Nova and Stacking Cooldown is fun | 0.5 RoTA,Lazy Exile,https://www.youtube.com/watch?v=FIrdL-dVFrI,2026-06-29T13:46:26Z,9070,206.03,206.03,9312,2026-07-01T14:47:59Z,9312
2026-07-01T09:59:36Z,【PoE2】やらないと即死する！最新アプデで神化した「エクスペディション」1分要約！ #poe2 #解説 #最新rpg,PoE2海外ハック最速解説【ドパミン】,https://www.youtube.com/watch?v=y7xE73c-AD8,2026-07-01T09:45:00Z,150,25.0,152.33,2903,2026-07-04T03:39:06Z,2903
2026-07-01T14:47:59Z,I Turned Deadeye Into a One-Man ARMY in POE2,Spud The King,https://www.youtube.com/watch?v=-cG0GQhnipM,2026-06-30T14:00:08Z,26706,1076.96,1076.96,34311,2026-07-02T14:14:06Z,34311
2026-07-01T20:03:02Z,[Path of Exile 2] Le migliori mod per diventare ricchi con i tablet,ReVoGaming,https://www.youtube.com/watch?v=n7-PHuSMPNA,2026-07-01T09:02:32Z,243,22.07,22.07,363,2026-07-02T19:40:29Z,363
2026-07-01T20:03:02Z,SUPLICIO 8 EM 1 DIA - BUILD WARLOCK MINIONS APROVADA - DIABLO 4 TEMPORADA 14,3p Venom,https://www.youtube.com/watch?v=Is7ysy7y8lA,2026-07-01T17:00:11Z,427,71.17,114.18,1988,2026-07-02T19:40:29Z,1988
2026-07-01T20:03:02Z,BOSSE ZERPLATZEN! Das ist der ULTIMATIVE Reap BUILD für PoE 2 0.5,KrushR,https://www.youtube.com/watch?v=igH5bIwYj58,2026-06-30T14:19:35Z,3422,115.12,115.12,4756,2026-07-04T03:39:06Z,4756
2026-07-01T20:03:02Z,Infernal Cry Gemling Is My New Favorite Mapper | PoE 2 0.5 Build Guide,ExFluent,https://www.youtube.com/watch?v=QO5Un_eRyQM,2026-06-30T22:00:28Z,3507,159.1,232.26,12242,2026-07-03T03:47:07Z,12242
2026-07-01T20:03:02Z,"""5-ways"", Ultimatums & Ritual Farming - ""ROTA"" EVENT",POEGuy,https://www.youtube.com/watch?v=flgJxolNLJE,2026-07-01T15:08:59Z,1007,167.83,167.83,1090,2026-07-02T19:40:29Z,1090
2026-07-01T20:03:02Z,What is Happening in Path of Exile 2 After 1 MONTH? [PoE2 0.5],Talkative Tri,https://www.youtube.com/watch?v=URtFuxFgPio,2026-07-01T16:44:41Z,4205,700.83,1091.52,24473,2026-07-04T13:45:39Z,24473
2026-07-02T04:01:47Z,2-20 💎DIVINOS💎 POR MAPA CON ESTE FARMEO DE ABISMOS + DELIRIO 200% EN PATH OF EXILE 2 | TEMPORADA 0.5,FidoJuegos,https://www.youtube.com/watch?v=RN4QjdVm4v0,2026-07-01T00:00:17Z,559,19.95,19.95,621,2026-07-02T19:40:29Z,621
2026-07-02T04:01:47Z,Path of Exile 2 (0.5.4): One Life Infernalist - Frost Darts cast on Frost Darts,pattoman,https://www.youtube.com/watch?v=iMEAu8CJ_VY,2026-07-01T08:15:50Z,466,23.58,23.58,829,2026-07-03T14:21:01Z,829
2026-07-02T04:01:47Z,"Craft ta veste endgame parfaite ! 3k6 evasion, full T1 mods à la 0.5 Return of the Ancients #poe2",Soawake,https://www.youtube.com/watch?v=VbxtiWOZHBo,2026-07-01T08:30:31Z,1080,55.32,55.32,1566,2026-07-03T14:21:01Z,1566
2026-07-02T04:01:47Z,Path of Exile 2 Build Showcase: Frogmancer by Yuzo TV,Path of Exile,https://www.youtube.com/watch?v=1Ms1GNzQfWo,2026-07-01T21:43:49Z,83533,13259.93,13259.93,257652,2026-07-04T19:22:23Z,257652
2026-07-02T14:14:06Z,Path of Exile 2 - Ep 49 - Nuevo PJ - Acto 1 [Ancients-0.5],Nicro4FUN,https://www.youtube.com/watch?v=sM6-Q5oZY6c,2026-07-02T10:00:31Z,131,21.83,22.35,415,2026-07-03T14:21:01Z,415
2026-07-02T14:14:06Z,"NEW 13,500,000+ DPS 27x COMPANION Spirit Walker ZOO Build! | 'Unkillable' With 6x TIER 1 Auras!",Mattjestic Life,https://www.youtube.com/watch?v=ekP9pLGQ4O0,2026-06-30T14:00:39Z,7168,148.64,148.64,9284,2026-07-04T03:39:06Z,9284
2026-07-02T14:14:06Z,1-SHOT Juiced Expeditions - Glacial Bolt Gemling - Updates & Crossbow Crafting Guide - POE 2 0.5,josiahyeet,https://www.youtube.com/watch?v=7T64H0DX_E8,2026-07-01T08:48:00Z,7066,240.05,240.05,10723,2026-07-04T03:39:06Z,10723
2026-07-02T14:14:06Z,Who is The Arbiter Of Ash? | Path Of Exile 2 Lore,Lore Of Exile,https://www.youtube.com/watch?v=Mnbop-Qx2v8,2026-07-02T10:13:20Z,3291,548.5,789.73,20928,2026-07-05T09:13:43Z,20928
2026-07-02T19:40:29Z,Path of Exile 2 | Updated BEST Twister Spirit Walker Build! (PoE 2 0.5 Huntress Guide),SiahZ,https://www.youtube.com/watch?v=z0xDZQ3GsvA,2026-07-01T18:03:30Z,14529,567.17,567.17,24636,2026-07-04T13:45:39Z,24636
2026-07-03T03:47:07Z,LEVELING DIABLO 4 TEMPORADA 14,3p Venom,https://www.youtube.com/watch?v=5sFh-Gk-2lA,2026-07-02T18:00:21Z,268,27.4,27.4,723,2026-07-05T19:25:44Z,723
2026-07-03T03:47:07Z,I Challenged My Non-Gamer Wife to Play Path of Exile 2 for 1 Hour,Ydoc,https://www.youtube.com/watch?v=jKRSxV4kJ8E,2026-07-03T02:49:50Z,181,30.17,276.9,9683,2026-07-05T19:25:44Z,9683
2026-07-03T03:47:07Z,This Ascendency is WAY BETTER Than Elementalist! | Goratha's Ignite Penance Brand Herald [PoE 3.28],GorathaRecaps,https://www.youtube.com/watch?v=pM4VZDIxqNE,2026-07-01T10:01:24Z,3692,88.41,88.41,3940,2026-07-03T09:27:27Z,3940
2026-07-03T03:47:07Z,"TOP 5 FREE WAYS To Gain 1,000,000+ Bonus DPS For ANY Minions Build! | Also NEW Tricks!",Mattjestic Life,https://www.youtube.com/watch?v=zMT2bA1TMzY,2026-07-01T14:00:06Z,3462,91.63,91.63,3858,2026-07-04T03:39:06Z,3858
2026-07-03T03:47:07Z,PoE 2 0.5 - Gambling My Way Into Poverty,Lolcohol,https://www.youtube.com/watch?v=dRRbDHuVYYw,2026-07-01T16:30:16Z,5515,156.32,156.32,6203,2026-07-04T13:45:39Z,6203
2026-07-03T03:47:07Z,The Insane Rage Ice Shot Build | PoE 2,Barczi POE2,https://www.youtube.com/watch?v=dRWcaM0PE2Q,2026-07-01T14:18:02Z,6620,176.61,176.61,8366,2026-07-03T19:37:37Z,8366
2026-07-03T03:47:07Z,Месяц лиги! Переваливаемся в междулижье | Path of Exile 2 | madarapoe,madarapoe,https://www.youtube.com/watch?v=REU0h0DQMMU,2026-07-02T06:30:23Z,4056,190.61,190.61,4748,2026-07-05T03:57:54Z,4748
2026-07-03T03:47:07Z,Are Lineage Support Gems Too Rare? w/@anime.princess - The Path 2 Exile Podcast Ep. 50,MisoxShiru,https://www.youtube.com/watch?v=woENvhFECEs,2026-07-03T00:42:31Z,1463,243.83,467.53,14246,2026-07-05T19:25:44Z,14246
2026-07-03T09:27:27Z,TOP 3 BEST STORMWEAVER BUILDS IN POE2 0.5! POE 2 Stormweaver Build 0.5 (NEW META),KaidGames2,https://www.youtube.com/watch?v=ZFhc33RJK6g,2026-07-02T15:00:08Z,550,29.8,29.8,550,2026-07-03T09:27:27Z,550
2026-07-03T09:27:27Z,【POE2】📈El verdadero problema de la inflación | Análisis y opinión,SnycMaster Kevin,https://www.youtube.com/watch?v=_GCC-bjXFxQ,2026-07-01T21:25:14Z,4783,132.72,132.72,5689,2026-07-04T19:22:23Z,5689
2026-07-03T09:27:27Z,Best Budget CoC Gemling Build - Infinite Comets | Path of Exile 2 Guide,NickTew,https://www.youtube.com/watch?v=nWFnYJYACUM,2026-07-02T00:39:37Z,25985,792.29,792.29,35797,2026-07-04T13:45:39Z,35797
2026-07-03T14:21:01Z,POE2 Aldur's Saga TRICK: 8 Grand Expeditions in 1 Logbook! Farming Guide,MazBro,https://www.youtube.com/watch?v=Vg4-tieqGk4,2026-07-03T00:24:24Z,638,45.76,45.76,1314,2026-07-05T19:25:44Z,1314
2026-07-03T14:21:01Z,Gemling Spark Is INSANE — Extreme Endgame CoC Comet Guide | PoE 2,anime princess,https://www.youtube.com/watch?v=iyFgJyYYIIs,2026-07-01T10:22:03Z,23092,444.22,444.22,28097,2026-07-04T03:39:06Z,28097
2026-07-03T14:21:01Z,[0.5] PoE 2 - 6 OP BUILDS FOR PATH OF EXILE RETURN OF THE ANCIENTS - PoE 2 Builds,Path of Exile Builds,https://www.youtube.com/watch?v=W-N0_v0FS7s,2026-07-01T13:04:01Z,37373,758.33,758.33,41172,2026-07-04T03:39:06Z,41172
2026-07-03T19:37:37Z,[PoE 2] Strongest Alt Leveling Guide for Every Class | AKT1 - Interludes (0.5),Lenek,https://www.youtube.com/watch?v=yVPo9xEJbIA,2026-07-02T13:34:43Z,1251,41.63,41.63,1887,2026-07-05T13:51:49Z,1887
2026-07-03T19:37:37Z,[Path of Exile 2] Return of the Ancients - Com'è andata? / Giveaway,ReVoGaming,https://www.youtube.com/watch?v=JZzR9qssRrU,2026-07-03T10:37:41Z,443,49.23,49.23,796,2026-07-06T04:04:33Z,796
2026-07-03T19:37:37Z,[PoE 2] Pillar Of The Caged God Ritualist Turned Out To Be Very Strong,Carnarius,https://www.youtube.com/watch?v=zmwL9jfNR2M,2026-07-03T16:29:14Z,619,103.17,223.83,6335,2026-07-06T10:48:50Z,6335
2026-07-03T19:37:37Z,⚡ How to Craft a One-Handed Mace | Double Crafted Mod Tech Explained | PoE 2,Diztoh,https://www.youtube.com/watch?v=WDEkEIQFgT4,2026-07-02T18:29:14Z,3675,146.18,146.18,4356,2026-07-05T19:25:44Z,4356
2026-07-03T19:37:37Z,I bought a FULL QUAD TAB of Ritual tablets to try something... - PoE2 #97,Empyriangaming,https://www.youtube.com/watch?v=lTgfbn_aJx4,2026-07-03T10:26:52Z,34021,3706.32,3706.32,75667,2026-07-06T04:04:33Z,75667
2026-07-04T03:39:06Z,ONE BUTTON IS THE WAY!  Yoke of Suffering Storm Wave Monk - Build Guide - Path of Exile 2,Jorgen,https://www.youtube.com/watch?v=FOHHfO0jOpA,2026-07-03T13:02:47Z,1310,89.69,89.69,1986,2026-07-04T19:22:23Z,1986
2026-07-04T03:39:06Z,Path of Exile 2 Crafting Guide: So verschwendest du keine Orbs mehr!,Lowepe,https://www.youtube.com/watch?v=6EEIA3cx250,2026-07-02T15:02:31Z,4398,120.13,120.13,5748,2026-07-05T09:13:43Z,5748
2026-07-04T03:39:06Z,SÓ PODE TER 1 MITICO? TODAS AS FORMAS DE CONSEGUIR ITENS MITICOS NA TEMPROADA 14 - DIABLO 4 -,3p Venom,https://www.youtube.com/watch?v=C33Fob2tADY,2026-07-03T15:30:19Z,3220,265.09,265.09,5102,2026-07-06T10:48:50Z,5102
2026-07-04T08:44:42Z,【Path of Exile 2】ほぼワンボタンでコストフリーな無限ビターデッドビルド【ジェムリングリージョネア】【PoE2】,ゲーミングナマケモノ,https://www.youtube.com/watch?v=7s3JKXpbvXQ,2026-07-02T08:00:03Z,7816,160.35,160.35,8539,2026-07-05T03:57:54Z,8539
2026-07-04T08:44:42Z,NEW 0.54 DISCOVERY To Spam & Guarantee MAGEBLOOD As Reward In Ritual Rewards!,Mattjestic Life,https://www.youtube.com/watch?v=SZV6q2_PWak,2026-07-02T14:00:21Z,9846,230.37,230.37,12801,2026-07-05T13:51:49Z,12801
2026-07-04T08:44:42Z,Zero to Mirror... in 26 Hours? | Hexblast Fulcrum | PoE 3.28 ToTA Event,Kankar,https://www.youtube.com/watch?v=Ty-3D83Lvb4,2026-07-03T12:34:45Z,6419,318.31,318.31,15919,2026-07-06T04:04:33Z,15919
2026-07-04T13:45:39Z,Can you beat Path of Exile 2 without picking up ANY LOOT?,Zizaran,https://www.youtube.com/watch?v=HNFk4XcpnPg,2026-07-02T22:10:55Z,49333,1246.44,1246.44,60907,2026-07-05T13:51:49Z,60907
2026-07-04T19:22:23Z,GUIDE COMPLET: Hollow Form + Whirling Assault + Martial Artist PoE2 0.5 FR - Le Chat En Costume,Le Chat En Costume,https://www.youtube.com/watch?v=pKQXHQjYRk4,2026-07-03T17:30:06Z,619,23.93,23.93,1141,2026-07-06T10:48:50Z,1141
2026-07-04T19:22:23Z,"POE2 파밍1티어 대탐험 ""룬스태킹"" 을 알아보자",오리뷰 Duck,https://www.youtube.com/watch?v=fNEd8xMi3d4,2026-07-02T09:00:30Z,2159,36.99,36.99,2282,2026-07-05T03:57:54Z,2282
2026-07-04T19:22:23Z,"[POE2, 0.5] REAL 0 Button Autobomber. 420% AoE, Infinite Damage, Play Walking / Looting Simulator.",KingPinUwU,https://www.youtube.com/watch?v=QVIOvVEj1mk,2026-07-03T04:07:54Z,8208,209.17,209.17,10494,2026-07-05T19:25:44Z,10494
2026-07-05T03:57:54Z,PATH OF EXILE 2 INDONESIA DAY 1 DRUID KAHHH?  #pathofexile2,TUYUL DISKO,https://www.youtube.com/watch?v=sQW5to8lnTY,2026-07-04T20:47:21Z,115,16.03,16.03,115,2026-07-05T03:57:54Z,115
2026-07-05T03:57:54Z,TOP 3 BEST LICH BUILDS IN POE2 0.5! POE 2 Lich Build 0.5 (NEW META),KaidGames2,https://www.youtube.com/watch?v=vY1UuuMjR6o,2026-07-03T15:00:06Z,1096,29.65,29.65,1096,2026-07-05T03:57:54Z,1096
2026-07-05T03:57:54Z,【PoE2】DAY5 「枯渇したマナルーン」を探す旅。仮にドロップ率1%なら10000回で100回出る。まだ余裕がある。｜0.5｜Path of Exile2｜Runes of Aldur,GPDちゃんねる,https://www.youtube.com/watch?v=Td1CmFjVSIY,2026-07-04T11:29:10Z,2072,125.73,125.73,2128,2026-07-06T20:05:38Z,2128
2026-07-05T09:13:43Z,【POE 1】3.29 前開荒模擬！酋長正火 Act 1–10 計時拓荒｜星野かね,Hoshino Kane 星野かね Ch.,https://www.youtube.com/watch?v=oqyM3PqBpZQ,2026-07-05T04:28:02Z,80,13.33,13.33,80,2026-07-05T09:13:43Z,80
2026-07-05T09:13:43Z,【PoE2】初心者にもオススメ！予算10神未満！安くて強いコンパニオン＆ミニオンビルド紹介｜スピリットウォーカー｜0.5｜Runes of Aldur｜Path of Exile2,GPDちゃんねる,https://www.youtube.com/watch?v=nUZ_qGscBN8,2026-07-03T10:00:24Z,3933,83.29,83.29,4397,2026-07-06T04:04:33Z,4397
2026-07-05T13:51:49Z,Raise Zombie Puppeteer #4 | Let's Play Path of Exile 1 - Ancestors League,LetsPlayMaster,https://www.youtube.com/watch?v=Q8q5xEg5XlY,2026-07-05T13:41:40Z,134,22.33,36.0,222,2026-07-06T15:45:05Z,222
2026-07-05T13:51:49Z,[PoE 1] Chasing Sub 3 Hour Campaign | Day 2/14 to Reveal,CyclonDefinitiv,https://www.youtube.com/watch?v=mBeSux62E20,2026-07-05T10:17:59Z,142,23.67,23.67,174,2026-07-06T10:48:50Z,174
2026-07-05T13:51:49Z,[ZTM Hideout Day 1]  WE HAVE 1 EXALT TO OUR NAME! | New Ztm Vid Out! | Links in Description,XTheFarmerX,https://www.youtube.com/watch?v=pozjlTvjCtA,2026-07-05T01:05:10Z,14452,1131.03,1131.03,15773,2026-07-07T09:52:00Z,15773
2026-07-05T19:25:44Z,PoE 1 and PoE 2 in Comparison | Mind over Meta EP 19,CyclonDefinitiv,https://www.youtube.com/watch?v=Y5JrpuiGX6c,2026-07-03T15:19:13Z,420,8.06,8.06,439,2026-07-06T04:04:33Z,439
2026-07-05T19:25:44Z,POE 2: Oracle Spell Totems GRIM PILLARS Build is IN A LEAGUE OF ITS OWN!!! Level 1 to 91 (ROTA 0.54),Visualize The Win Gaming,https://www.youtube.com/watch?v=LL2faxpJsgI,2026-07-04T18:06:39Z,210,8.29,8.29,322,2026-07-06T10:48:50Z,322
2026-07-05T19:25:44Z,[PoE 1] Testing Ele-Hit Slayer before it get's Gutted | Day 3/14 to Reveal,CyclonDefinitiv,https://www.youtube.com/watch?v=hpQtvsaCTb4,2026-07-05T11:33:37Z,128,16.27,27.69,176,2026-07-06T15:45:05Z,176
2026-07-06T04:04:33Z,99% of Hollow Form Builds Use Whirling Assault... Here's the Other 1% (SSF),GidGicken,https://www.youtube.com/watch?v=KUL01ILlEdo,2026-07-03T23:27:26Z,331,6.29,7.85,466,2026-07-06T10:48:50Z,466
2026-07-06T04:04:33Z,🔴 LIVE - dNextus - Path of Exile 2 Patch 0.5.4 - Делать тут нечего! Не играть в эту игру!,dNextus,https://www.youtube.com/watch?v=B1Y295sWzlU,2026-07-05T20:30:24Z,62,8.19,8.19,62,2026-07-06T04:04:33Z,62
2026-07-06T04:04:33Z,Rudolph's Revenge Build - Spirit Walker Glacial Bolt Vivid Stampede - Under 1 div,KenPlaysGamesss,https://www.youtube.com/watch?v=avS8WwfN9uU,2026-07-03T18:50:20Z,474,8.28,8.99,575,2026-07-06T10:48:50Z,575
2026-07-06T04:04:33Z,No Passives Ruthless Path of Exile (Day 1),Psyonic Panda,https://www.youtube.com/watch?v=WLQWe_npUo0,2026-07-05T18:56:36Z,82,8.98,8.98,82,2026-07-06T04:04:33Z,82
2026-07-06T04:04:33Z,【POE 1】3.29 前開荒模擬！酋長正火 Act 1–10 計時拓荒｜星野かね,Hoshino Kane 星野かね Ch.,https://www.youtube.com/watch?v=2vbDm7RxeT0,2026-07-05T18:48:20Z,131,14.13,14.13,138,2026-07-06T10:48:50Z,138
2026-07-06T04:04:33Z,Path of Exile 2 - Mageblood Time,OnesInTheChat,https://www.youtube.com/watch?v=evBBFmzlgxA,2026-07-05T14:30:09Z,6537,481.61,481.61,11360,2026-07-08T03:21:55Z,11360
2026-07-06T10:48:50Z,【POE 1】3.29 前開荒模擬！酋長正火 Act 1–10 計時拓荒｜星野かね,Hoshino Kane 星野かね Ch.,https://www.youtube.com/watch?v=rB6OoOBZ2EY,2026-07-06T08:53:10Z,48,8.0,8.0,48,2026-07-06T10:48:50Z,48
2026-07-06T10:48:50Z,[7/5] [Path of Exile 2] B A L L S | Chill New Character Leveling ( =w=) | Act 1-3,NonXzense,https://www.youtube.com/watch?v=vUy9ixT9X08,2026-07-06T07:45:58Z,93,15.5,15.5,94,2026-07-06T15:45:05Z,94
2026-07-06T10:48:50Z,PoE1| تختيم طور القصة بشخصية الدوليست - الفصل 1 و2 و3,Hajoos,https://www.youtube.com/watch?v=J34d8plVNIc,2026-07-06T09:26:11Z,95,15.83,19.16,129,2026-07-06T20:05:38Z,129
2026-07-06T10:48:50Z,[PoE 1] Curse of the Allflame / POEGuy's Take on the Teaser and Some Early Predictions.,POEGuy,https://www.youtube.com/watch?v=lZKP1tnQCk8,2026-07-06T10:22:22Z,130,21.67,214.33,3845,2026-07-08T14:27:27Z,3845
2026-07-06T10:48:50Z,Path of Exile 2 - Are Simulacrums Worth Doing?,OnesInTheChat,https://www.youtube.com/watch?v=P1j7ka2-3T0,2026-07-03T14:30:19Z,8912,130.47,130.47,8912,2026-07-06T10:48:50Z,8912
2026-07-06T10:48:50Z,Bloom Bomber Lich Is Hilarious Insane!!! - Build #8 - Day 1,KallTorak,https://www.youtube.com/watch?v=HOCl_OWuAZ8,2026-07-05T18:05:07Z,2252,134.62,406.0,2659,2026-07-08T19:41:23Z,2659
2026-07-06T10:48:50Z,POE 1 - 3.29 Teasers Day 1: Curse Of The Allflame Is Under 3 Weeks Away - Path of Exile,sirgog,https://www.youtube.com/watch?v=iy1O5xwd2TU,2026-07-06T06:20:12Z,3491,581.83,718.64,13940,2026-07-08T14:27:27Z,13940
2026-07-06T15:45:05Z,PATH of EXILE 2 RUNNING MAPS AND GETTING 1 TAPS 🙄😳,Deezzy Fettuccine,https://www.youtube.com/watch?v=qJzZxhhpjMY,2026-07-06T12:58:20Z,144,24.0,24.0,145,2026-07-06T20:05:38Z,145
2026-07-06T15:45:05Z,Raise Zombie Puppeteer #5 | Let's Play Path of Exile 1 - Ancestors League,LetsPlayMaster,https://www.youtube.com/watch?v=B3VtNV5INiY,2026-07-06T12:55:18Z,174,29.0,29.0,174,2026-07-06T20:05:38Z,174
2026-07-06T15:45:05Z,When Does One Stop Playing Path Of Exile 2?,Dear Gamer,https://www.youtube.com/watch?v=B3TC__c4aRw,2026-07-05T16:28:54Z,707,30.38,30.38,857,2026-07-07T03:55:33Z,857
2026-07-06T15:45:05Z,"PoE2 0.5: Plasma Blast Blood Mage Build Guide (One Button, No Crit, with Lightning Arrow)",Thor's Gaming Channel,https://www.youtube.com/watch?v=urPl6U78kPs,2026-07-04T11:36:23Z,1611,30.89,30.89,1692,2026-07-06T20:05:38Z,1692
2026-07-06T15:45:05Z,[PoE 1] Ranger 0 to T16 in less than 6 Hours?!? | Day 4/14 to Reveal,CyclonDefinitiv,https://www.youtube.com/watch?v=tHkUpkczZkA,2026-07-06T14:39:04Z,454,75.67,86.33,549,2026-07-07T03:55:33Z,549
2026-07-06T15:45:05Z,Is It A Pirate League FINALLY!? | Path of Exile 1: Curse of the Allflame 3.29 League,Jorgen,https://www.youtube.com/watch?v=l68ajZ-duh4,2026-07-06T11:53:47Z,542,90.33,134.8,4094,2026-07-08T19:41:23Z,4094
2026-07-06T15:45:05Z,BOAT LIGA w Path of Exile 1? Curse of the Allflame - O CO TU CHODZI?,Prozu,https://www.youtube.com/watch?v=yUad_Rrqhz4,2026-07-06T12:33:29Z,1168,194.67,281.19,3845,2026-07-08T19:41:23Z,3845
2026-07-06T15:45:05Z,"Path of Exile eskaliert 2026 komplett! POE1 3.29, POE2 Reset & Release",Lowepe,https://www.youtube.com/watch?v=T-kXYosrQpA,2026-07-06T11:37:18Z,1568,261.33,363.89,9365,2026-07-08T14:27:27Z,9365
2026-07-06T15:45:05Z,PoE2 Streamers Cannot Catch A Break,Exiled Again,https://www.youtube.com/watch?v=xLNYz50oh-c,2026-07-06T13:00:06Z,7093,1182.17,2036.71,35457,2026-07-08T19:41:23Z,35457
2026-07-06T15:45:05Z,Farmer Finally Gets His Mirror in PoE2,Exiled Again,https://www.youtube.com/watch?v=S2ir4hGulYs,2026-07-04T14:00:39Z,67837,1363.81,1363.81,68639,2026-07-06T20:05:38Z,68639
2026-07-06T20:05:38Z,"Path of Exile 2 \\ Патч 0.5, HC SSF Наемник через Огневую поддержку \\ Эпизод 1",Grand Moff DiZaster,https://www.youtube.com/watch?v=1Mzuf022J78,2026-07-06T07:21:39Z,174,13.67,13.67,174,2026-07-06T20:05:38Z,174
2026-07-06T20:05:38Z,"Lvl 100 today! - ""ROTA"" PoE 1 EVENT- // POEGuy's Ancestral Commander EA Ballista setup",POEGuy,https://www.youtube.com/watch?v=ilkhFhJMHLw,2026-07-04T13:17:22Z,857,15.64,15.64,857,2026-07-06T20:05:38Z,857
2026-07-06T20:05:38Z,[PoE 2] Pillar Ritualist Update - Pillar Clears All The Content In The Game,Carnarius,https://www.youtube.com/watch?v=XmV0t0K8Qvg,2026-07-06T18:06:34Z,442,73.67,215.66,5518,2026-07-09T03:49:04Z,5518
2026-07-07T03:55:33Z,Zero to Hero: Act 1 Captain Wraeclast NightFall Titan | Path of Exile 2 #arpg #pathofexile2 #gaming,lfcalderon - PoE2,https://www.youtube.com/watch?v=8zOZJBpTOIU,2026-07-06T19:00:22Z,135,15.13,15.13,135,2026-07-07T03:55:33Z,135
2026-07-07T03:55:33Z,Is Mapping Too COMPLICATED In 0.5? w/aer0! | Yap of Exile Podcast Ep. 9,WhateverMedia,https://www.youtube.com/watch?v=bYaif6RUa3U,2026-07-06T17:00:25Z,482,44.14,44.14,2456,2026-07-09T03:49:04Z,2456
2026-07-07T03:55:33Z,【POE1】Curse of the Allflame: primeras pistas y teorías🔥🌊,SnycMaster Kevin,https://www.youtube.com/watch?v=BzJ7LM59THg,2026-07-06T22:06:48Z,718,119.67,119.67,2291,2026-07-09T03:49:04Z,2291
2026-07-07T03:55:33Z,PoE 2 HC SSF Fresh Start Again Day 1 Witchhunter Perma Frost Bolts,ds lily,https://www.youtube.com/watch?v=MykddT9sPt4,2026-07-05T22:05:20Z,5368,179.91,179.91,5449,2026-07-08T08:37:07Z,5449
2026-07-07T03:55:33Z,АВТОБОМБЕР Монах НОЛЬ КНОПОК + 1 ДИВАЙН = ВЕСЬ КОНТЕНТ | Path of Exile 2 0.5 Return of The Ancients,Amaterasu,https://www.youtube.com/watch?v=TjdLO5439is,2026-07-06T20:11:37Z,1628,210.54,210.54,5924,2026-07-09T03:49:04Z,5924
2026-07-07T03:55:33Z,Новости PoE 1 | Анонс анонса 3.29 Проклятие Всепламени | PoE 3.29 Curse of the Allflame,unstabb,https://www.youtube.com/watch?v=VDq6xsuKKNs,2026-07-06T13:36:48Z,4032,281.71,281.71,6112,2026-07-08T19:41:23Z,6112
2026-07-07T03:55:33Z,Static Strike Exarch & Eater Leaguestart Leveling Run,Tuadh,https://www.youtube.com/watch?v=GdKhsQ9l5gk,2026-07-06T10:08:38Z,6082,342.03,342.03,11833,2026-07-08T14:27:27Z,11833
2026-07-07T03:55:33Z,59:07 Act 5 Kitava Deathless (WR),Imexile,https://www.youtube.com/watch?v=hSwW_BHmtNg,2026-07-06T00:37:59Z,10414,381.56,416.89,20959,2026-07-08T08:37:07Z,20959
2026-07-07T09:52:00Z,"[PoE 1] Build Highlights & Conclusions - ""Return of the Ancestors"" PoE1 Event.",POEGuy,https://www.youtube.com/watch?v=gXlEHljQdK8,2026-07-07T09:04:49Z,255,42.5,222.83,4232,2026-07-09T19:53:57Z,4232
2026-07-07T09:52:00Z,POE 1 - 3.29 Teasers Day 2: Transfigured Reap and Holy Hammers - Path of Exile Curse of the Allflame,sirgog,https://www.youtube.com/watch?v=2CPgJrpVZIU,2026-07-07T04:00:06Z,3892,648.67,653.84,13650,2026-07-09T09:49:47Z,13650
2026-07-07T09:52:00Z,Path of Exile 2 ist das Next-Gen-Diablo meiner Träume,Maurice Weber,https://www.youtube.com/watch?v=j1VTtXO_avE,2026-07-05T15:55:01Z,37022,882.53,882.53,43760,2026-07-07T20:03:48Z,43760
2026-07-07T09:52:00Z,⚡1 Omen of Lights Per Hour Every 20 Minutes Reaching for Level 98!  - Endgame Monk Abyss | PoE 2,Diztoh,https://www.youtube.com/watch?v=tbPWeA1JX9I,2026-07-07T05:48:58Z,10538,1756.33,1756.33,11255,2026-07-09T15:22:22Z,11255
2026-07-07T14:49:31Z,СИЛЬНО ПРОГРЕВАЕМСЯ НА СЛИВАХ К СТАРТУ ПОЕ 1 | PATH OF EXILE 2:Return of the Ancients,AgroMorph Highlights,https://www.youtube.com/watch?v=SHjvvM2iwX0,2026-07-07T12:57:59Z,1074,179.0,374.94,6358,2026-07-10T03:50:34Z,6358
2026-07-07T14:49:31Z,The State of Defences in 0.5 | Path of Exile 2: Return of the Ancients,Dreamcore,https://www.youtube.com/watch?v=vaIsy-78Qmw,2026-07-06T17:32:07Z,31658,1486.98,1486.98,45277,2026-07-09T03:49:04Z,45277
2026-07-07T20:03:48Z,PIT 138 TOP 1 DRUIDA - RAIO BOLADO - TEMPORADA 14 DIABLO 4,3p Venom,https://www.youtube.com/watch?v=zLAw0G-9erY,2026-07-07T15:00:18Z,671,111.83,111.83,1521,2026-07-08T08:37:07Z,1521
2026-07-07T20:03:48Z,PoE 2 0.5 Gemling Spark COC Comet - 200 Divine Budget ARC FULL SCREEN Clear - EASY 200% Delirious,Iva Markova,https://www.youtube.com/watch?v=XzdrHgtU2Qw,2026-07-06T16:21:11Z,5406,195.09,195.09,5406,2026-07-07T20:03:48Z,5406
2026-07-08T03:21:55Z,Zero to Hero | Kinetic Blast Surfcaster Part 1 | Path of Exile 1,Alohaa,https://www.youtube.com/watch?v=T3cPSy3zJak,2026-07-07T10:38:32Z,897,53.64,53.64,1575,2026-07-09T03:49:04Z,1575
2026-07-08T03:21:55Z,[Path of Exile 2] What Simulacrum Drops and Loot From 100 Runs,Precaso,https://www.youtube.com/watch?v=mDoS4LgsmG0,2026-07-07T11:43:32Z,864,55.24,55.24,1432,2026-07-09T03:49:04Z,1432
2026-07-08T03:21:55Z,【POE 1 教學】Act 10 後怎麼拓圖？酋長正火起手，後續轉 CWS｜星野かね,Hoshino Kane 星野かね Ch.,https://www.youtube.com/watch?v=qRh_0y2sdvM,2026-07-07T16:34:55Z,899,83.37,83.37,899,2026-07-08T03:21:55Z,899
2026-07-08T03:21:55Z,[PoE 3.29] Bow Deadeye Leaguestart Run (personal Record),CyclonDefinitiv,https://www.youtube.com/watch?v=nWiZ2uNz5ls,2026-07-07T15:22:13Z,2583,215.34,215.34,5614,2026-07-10T09:45:15Z,5614
2026-07-08T08:37:07Z,1 Mirror To 10 Mirrors Giga High End Crafting | New Ztm Vid Out! | Links in Description,XTheFarmerX,https://www.youtube.com/watch?v=1BnnS5Vhljc,2026-07-07T20:43:43Z,8192,688.98,688.98,9003,2026-07-10T14:39:59Z,9003
2026-07-08T14:27:27Z,Новости PoE 1 | Первые тизеры 3.29 : 2 преображенных гема | ПоЕ Проклятие Всепламени | PoE 3.29 CotA,unstabb,https://www.youtube.com/watch?v=qxW7CMfcL-8,2026-07-07T14:38:12Z,4844,203.35,203.35,6731,2026-07-10T09:45:15Z,6731
2026-07-08T14:27:27Z,The Fastest Monk In Path of Exile 2 #poe2,Requip Gaming ,https://www.youtube.com/watch?v=M1CDDxW1mxs,2026-07-07T13:03:38Z,10720,422.09,422.09,12095,2026-07-08T19:41:23Z,12095
2026-07-08T14:27:27Z,Я БРОСАЮ POE 2 РАДИ НОВОЙ ЛИГИ В КОНФЕТКЕ 1  | Path of Exile 2: Return of the Ancients,poe bota_лучшее,https://www.youtube.com/watch?v=HPT0zq6Ipfk,2026-07-08T11:00:40Z,2824,470.67,720.03,10522,2026-07-10T19:40:17Z,10522
2026-07-08T19:41:23Z,ISSO AQUI É ABSURDO - TOP 1 MUNDIAL BARBARO PIT 141 SSF - DIABLO 4 TEMPORADA 14,3p Venom,https://www.youtube.com/watch?v=uEH9PHXpLYg,2026-07-08T13:00:23Z,823,123.14,123.14,2352,2026-07-10T09:45:15Z,2352
2026-07-08T19:41:23Z,Path of Exile 2 - Grand Regalia Identifying and Reforging,OnesInTheChat,https://www.youtube.com/watch?v=JD_AA70M-to,2026-07-08T14:30:38Z,2399,399.83,411.88,9041,2026-07-11T03:16:44Z,9041
2026-07-08T19:41:23Z,Budget Spark CoC Comet Deletes EVERYTHING - Path of Exile 2 Build Guide,anime princess,https://www.youtube.com/watch?v=uRY4KZJiwEc,2026-07-08T14:05:37Z,3789,631.5,936.51,30367,2026-07-11T03:16:44Z,30367
2026-07-09T03:49:04Z,POE 1 - 3.29 Teasers Day 4: Animate Guardian & New Player QOL - Path of Exile Curse of the Allflame,sirgog,https://www.youtube.com/watch?v=NsPe3i6iGVM,2026-07-09T03:24:40Z,512,85.33,1275.65,21484,2026-07-12T03:28:47Z,21484
2026-07-09T03:49:04Z,POE2 0.5 | ว่างจัดเป็นเหตุ SSF พระม่วง EP.1,oMySelf,https://www.youtube.com/watch?v=yG--QjANqrw,2026-07-08T10:30:00Z,2168,125.19,125.19,2275,2026-07-10T09:45:15Z,2275
2026-07-09T03:49:04Z,1 Mirror To 10 Mirrors Giga High End Crafting | New Ztm Vid Out! | Links in Description,XTheFarmerX,https://www.youtube.com/watch?v=KHX1oNAeRwc,2026-07-08T22:03:14Z,10771,1795.17,1795.17,11969,2026-07-11T13:38:35Z,11969
2026-07-09T09:49:47Z,COMO CRAFTAR SPEAR 2.66 ATTACK SPEED! O Melhor Craft de Lança para o Weapon Set 1 l Path of Exile 2,ChibaTTV,https://www.youtube.com/watch?v=cJdzN1ULklc,2026-07-08T20:28:00Z,657,49.17,49.17,657,2026-07-09T09:49:47Z,657
2026-07-09T09:49:47Z,POE2's Entire Road to 1.0: What POE2 Players Should Know (Confirmed  + My Prediction),SamyCaps,https://www.youtube.com/watch?v=xUDKfFb6UTA,2026-07-08T19:00:27Z,1875,126.5,126.5,3036,2026-07-11T08:04:07Z,3036
2026-07-09T09:49:47Z,1 Mirror To 10 Mirrors Giga High End Crafting | New Ztm Vid Out! | Links in Description,XTheFarmerX,https://www.youtube.com/watch?v=nbPwUyr2n_I,2026-07-07T23:21:56Z,7439,215.85,215.85,7631,2026-07-10T14:39:59Z,7631
2026-07-09T09:49:47Z,"NEW 10,000,000+ DMG Infinite Scaling IMMORTAL 0.5 AFK Build! | 270%+ Rarity MF!",Mattjestic Life,https://www.youtube.com/watch?v=Tjp65KnHdwI,2026-07-07T12:05:21Z,11143,243.61,243.61,15112,2026-07-11T08:04:07Z,15112
2026-07-09T09:49:47Z,Who is The Arbiter Of Divinity? | Path Of Exile 2 Lore,Lore Of Exile,https://www.youtube.com/watch?v=jJTE-_imPYE,2026-07-09T06:45:05Z,1752,292.0,583.19,12553,2026-07-11T19:11:57Z,12553
2026-07-09T09:49:47Z,4000 Divines From One Crafting Method? Here's How Poe2 0.5,ASaVeQ,https://www.youtube.com/watch?v=8wklxh7eqZU,2026-07-08T12:45:12Z,6170,292.74,292.74,10361,2026-07-11T03:16:44Z,10361
2026-07-09T15:22:22Z,【POE 1 教學】Act 10 後怎麼拓圖？酋長正火起手，後續轉 CWS｜星野かね,Hoshino Kane 星野かね Ch.,https://www.youtube.com/watch?v=KuAMCMUckVc,2026-07-09T10:49:00Z,547,91.17,91.17,547,2026-07-09T15:22:22Z,547
2026-07-09T15:22:22Z,PoE2 [0.5] - Double CoC Comet Arc - Spark Stormweaver - Endgame Build guide,Caliathlol,https://www.youtube.com/watch?v=LGx4s3R9xL0,2026-07-08T09:47:16Z,4249,143.62,143.62,5325,2026-07-10T14:39:59Z,5325
2026-07-09T19:53:57Z,[PoE 2] Pillar Ritualist Final Update - Positively Surprised How Strong It Was,Carnarius,https://www.youtube.com/watch?v=N-iujzXcOog,2026-07-09T16:11:53Z,388,64.67,135.92,4219,2026-07-12T08:25:14Z,4219
2026-07-09T19:53:57Z,【POE2】カッコイイ雷ビルドでシミュラクラム周回！ボイス1/220ってマ🙄？　#poe2 #pathofexile2  #ぽえ2,しゅん / shun,https://www.youtube.com/watch?v=SMJcr8RPZm0,2026-07-09T08:42:38Z,833,74.45,74.45,833,2026-07-09T19:53:57Z,833
2026-07-10T03:50:34Z,NEW #1 POE 2 AFK Trading Methods That Make 500+ Divines Daily PASSIVE INCOME!,Mattjestic Life,https://www.youtube.com/watch?v=gs_q219eftw,2026-07-09T14:00:09Z,1955,141.25,194.37,8761,2026-07-12T08:25:14Z,8761
2026-07-10T03:50:34Z,3.29 Leaguestart Test - Elemental Hit Slayer (1-80),Ventrua,https://www.youtube.com/watch?v=RuauzQfM7hg,2026-07-09T17:19:57Z,1524,145.0,174.32,7322,2026-07-12T08:25:14Z,7322
2026-07-10T03:50:34Z,Did GGG Buff Divine Drops TOO MUCH? w/ @XTheFarmerX_POE2 – The Path 2 Exile Podcast Ep. 51,MisoxShiru,https://www.youtube.com/watch?v=dEkf815_OE8,2026-07-10T01:58:50Z,1225,204.17,596.24,14972,2026-07-12T08:25:14Z,14972
2026-07-10T03:50:34Z,1 Mirror To 10 Mirrors | Not Getting Baited By Fubgoon Gear Today | Links in Description,XTheFarmerX,https://www.youtube.com/watch?v=nosPJ0uY4OU,2026-07-10T00:50:21Z,11020,1836.67,1836.67,12109,2026-07-12T08:25:14Z,12109
2026-07-10T09:45:15Z,Zero to Mirror #1 – Die Challenge beginnt!,The_Benderr,https://www.youtube.com/watch?v=gHh6gYSdsis,2026-07-07T13:59:21Z,1926,28.42,28.42,1926,2026-07-10T09:45:15Z,1926
2026-07-10T09:45:15Z,Я сделал Самого Быстрого Персонажа в Path of Exile 2,Auphinity Path of Exile 2,https://www.youtube.com/watch?v=tG93AAQ39bg,2026-07-08T08:23:21Z,1834,37.15,37.15,1834,2026-07-10T09:45:15Z,1834
2026-07-10T09:45:15Z,New 10 Ex Unique Nobody Uses is the Best Item in the Game... Seriously | PoE 2 0.5,Belton,https://www.youtube.com/watch?v=1-r8gO_wey4,2026-07-09T18:36:45Z,30084,1986.83,1986.83,52944,2026-07-12T19:12:44Z,52944
2026-07-10T14:39:59Z,3.29 Leaguestart Test - Lightning Arrow Deadeye (1-80),Ventrua,https://www.youtube.com/watch?v=BQFpCl8ILPQ,2026-07-10T12:26:57Z,287,47.83,171.55,5183,2026-07-14T08:17:54Z,5183
2026-07-10T14:39:59Z,【POE1】Siguen llegando más adelantos👀| Curse of the Allflame 3.29,SnycMaster Kevin,https://www.youtube.com/watch?v=y7db2Yf_Dnw,2026-07-10T00:00:45Z,2495,170.26,170.26,4207,2026-07-12T08:25:14Z,4207
2026-07-10T14:39:59Z,"Новости PoE 1 | Новые тизеры 3.29: инвентарь АГ, тултипы +обновление уника| ПоЕ Проклятие Всепламени",unstabb,https://www.youtube.com/watch?v=Gv5BrEO5_IY,2026-07-09T13:56:30Z,8692,351.55,351.55,10221,2026-07-11T19:11:57Z,10221
2026-07-10T19:40:17Z,Eu Criei um MONSTRO no Path of Exile 1,Fessor Lih,https://www.youtube.com/watch?v=chhetTnb7qY,2026-07-10T14:15:28Z,896,149.33,149.33,2359,2026-07-12T19:12:44Z,2359
2026-07-10T19:40:17Z,PoE 2 0.5 Stormweaver Spark COC Comet - Temporalis Min-maxed LVL 40 Blink + Spark - Speed of LIGHT,Iva Markova,https://www.youtube.com/watch?v=CxRP1RKbtFs,2026-07-09T16:21:34Z,4354,159.42,159.42,4354,2026-07-10T19:40:17Z,4354
2026-07-10T19:40:17Z,Spark Leaguestart to Exarch & Eater Run for 3.29,Tuadh,https://www.youtube.com/watch?v=G8ssyHH6bd8,2026-07-09T12:33:28Z,7952,255.58,255.58,9265,2026-07-11T19:11:57Z,9265
2026-07-10T19:40:17Z,Path of Exile 2 - High Risk High Reward Chancing,OnesInTheChat,https://www.youtube.com/watch?v=mwu3ysZu81w,2026-07-10T14:30:23Z,3616,602.67,602.67,15377,2026-07-14T08:17:54Z,15377
2026-07-11T03:16:44Z,[PoE 1] Ele-Hit Slayer 1 Stone Run in less than 5 Hours? | Day 8/14 to Reveal,CyclonDefinitiv,https://www.youtube.com/watch?v=glrEWFOMq1Q,2026-07-10T23:31:56Z,330,55.0,55.0,330,2026-07-11T03:16:44Z,330
2026-07-11T03:16:44Z,Como Encontrar o GRAND MIRROR MUITO Mais Rápido! | 1 Grand Mirror a Cada 4 Mapas | Path of Exile 2,ChibaTTV,https://www.youtube.com/watch?v=Q83kbVlYRF0,2026-07-10T17:56:51Z,514,55.08,55.08,514,2026-07-11T03:16:44Z,514
2026-07-11T03:16:44Z,Does Path of Exile 2 have a Build Problem? | Mind over Meta Ep. 20,CyclonDefinitiv,https://www.youtube.com/watch?v=FTY870NKYTI,2026-07-10T16:41:39Z,724,68.4,68.4,1672,2026-07-12T13:38:56Z,1672
2026-07-11T03:16:44Z,【POE 1】颱風天繼續農CWS裝備｜星野かね,Hoshino Kane 星野かね Ch.,https://www.youtube.com/watch?v=MktdILXZNTk,2026-07-10T17:21:02Z,883,88.94,88.94,888,2026-07-11T13:38:35Z,888
2026-07-11T08:04:07Z,Path of Exile 2 Crafting Guide: Endgame Crafting Beispiele (Teil 2),Lowepe,https://www.youtube.com/watch?v=N7dxD-mrmvw,2026-07-11T05:34:29Z,331,55.17,142.03,3353,2026-07-13T14:46:38Z,3353
2026-07-11T08:04:07Z,3.29 Leaguestart Test - Kinetic Fusillade Ballistas Hierophant (1-80),Ventrua,https://www.youtube.com/watch?v=oXTR0Q1vK14,2026-07-11T05:32:16Z,531,88.5,270.19,6060,2026-07-14T08:17:54Z,6060
2026-07-11T13:38:35Z,[POE2 v0.5] 1 click + 300 divine? #shorts #gaming #pathofexile2,Gà Senpai,https://www.youtube.com/watch?v=kHZOLWRUmEk,2026-07-11T09:59:24Z,317,52.83,67.97,1299,2026-07-13T03:31:13Z,1299
2026-07-11T13:38:35Z,Wieder in Path of Exile 1 reinkommen mit einem Gift - Assassinen,Koi Uncut,https://www.youtube.com/watch?v=eR9bTn_K3YY,2026-07-11T13:32:32Z,412,68.67,92.33,791,2026-07-13T03:31:13Z,791
2026-07-11T19:11:57Z,【POE 1】颱風天繼續農CWS裝備｜星野かね,Hoshino Kane 星野かね Ch.,https://www.youtube.com/watch?v=AcLo4wZqDk0,2026-07-11T17:52:10Z,985,164.17,164.17,1072,2026-07-13T03:31:13Z,1072
2026-07-11T19:11:57Z,NEW #1 META 'Rage Berserker' Companions SPIRIT WALKER Build! | With 4x Anoint Slots!,Mattjestic Life,https://www.youtube.com/watch?v=tZFGWU2j6HI,2026-07-11T14:00:00Z,1673,278.83,278.83,6437,2026-07-14T08:17:54Z,6437
2026-07-11T19:11:57Z,Static Strike Slayer Fastest Eater Exarch Run | 3.28 Path of Exile,Alohaa,https://www.youtube.com/watch?v=RN3sdIvVH8A,2026-07-11T13:20:58Z,2334,389.0,415.55,12995,2026-07-14T08:17:54Z,12995
2026-07-12T03:28:47Z,"[Path of Exile 2] Craft de début de Endgame , Des Maps Tiers 1 aux Tiers 15. Guide et exemples",Henip,https://www.youtube.com/watch?v=t6Ho4Rfs2N0,2026-07-11T16:31:10Z,595,54.29,54.29,2038,2026-07-13T19:35:49Z,2038
2026-07-12T03:28:47Z,Testando uns trem pra liga do POE 1,kalibar,https://www.youtube.com/watch?v=qWNKBSCrNXQ,2026-07-11T22:23:38Z,426,71.0,71.0,429,2026-07-12T13:38:56Z,429
2026-07-12T03:28:47Z,【poe2 0.5】タイムリミットまで1週間【らじお第137回】,Lee,https://www.youtube.com/watch?v=ah3ZORBPATM,2026-07-11T15:31:16Z,1423,118.99,118.99,1653,2026-07-13T14:46:38Z,1653
2026-07-12T03:28:47Z,【PoE2 0.5】ドッジ時キャストジェムリングビルド研究【Path of Exile 2】,はう,https://www.youtube.com/watch?v=iM203z6_j9M,2026-07-11T19:05:21Z,3389,403.89,403.89,3816,2026-07-13T19:35:49Z,3816
2026-07-12T03:28:47Z,1 Mirror To 10 Mirrors | BIG PROFIT DAY TODAY | Links in Description,XTheFarmerX,https://www.youtube.com/watch?v=86K5Gb-uRkc,2026-07-11T01:04:44Z,11039,418.13,418.13,11380,2026-07-13T09:37:37Z,11380
2026-07-12T03:28:47Z,"Diablo 4 Season 14 - HCSSF #1 Push, Starting Sorc, Torchlight SS13 Reveal (#ad)",wudijo,https://www.youtube.com/watch?v=ZW1KXNujfUc,2026-07-12T01:21:44Z,11784,1964.0,1964.0,12510,2026-07-14T13:56:42Z,12510
2026-07-12T08:25:14Z,5 Top Gemling Legionnaire Builds in PoE 2 Meta,Gyrotex Gaming,https://www.youtube.com/watch?v=akocE98VTTk,2026-07-11T07:00:15Z,1513,59.53,64.22,4174,2026-07-14T08:17:54Z,4174
2026-07-12T13:38:56Z,"[PoE 1] From Beach to 1 Stone, Ele-Hit Redemption Run | 5 Days to Reveal!",CyclonDefinitiv,https://www.youtube.com/watch?v=DT4DnVQ1y8M,2026-07-11T22:58:18Z,380,25.89,25.89,380,2026-07-12T13:38:56Z,380
2026-07-12T13:38:56Z,🛕 One Room Away from Completion,SnooBAE85,https://www.youtube.com/watch?v=6Q2uYvWCIuk,2026-07-10T16:25:49Z,2626,58.07,58.07,2639,2026-07-12T19:12:44Z,2639
2026-07-12T19:12:44Z,【POE2】カッコイイ雷ビルドでシミュラクラム周回！ボイス1/355ってマ🙄？　#poe2 #pathofexile2  #ぽえ2,しゅん / shun,https://www.youtube.com/watch?v=LZsiK1ZWlj0,2026-07-12T08:41:29Z,1374,130.6,130.6,1400,2026-07-13T19:35:49Z,1399
2026-07-12T19:12:44Z,【POE 1】繼續農CWS裝備｜星野かね,Hoshino Kane 星野かね Ch.,https://www.youtube.com/watch?v=sQsf98gSy5A,2026-07-12T18:46:23Z,859,143.17,143.17,927,2026-07-13T14:46:38Z,927
2026-07-12T19:12:44Z,"This strategy generated over 1,000 Divine Orbs daily in PoE 2-0.5",ASaVeQ,https://www.youtube.com/watch?v=_V6XlODuFdw,2026-07-12T16:51:29Z,1458,243.0,892.29,21410,2026-07-15T02:51:43Z,21410
2026-07-12T19:12:44Z,🔥 5 Cool Path Of Exile 2 Community Builds To Check Out | Return of the Ancients 0.5 | S4 EP5,Jorgen,https://www.youtube.com/watch?v=X66GD6Q2pWY,2026-07-12T04:25:14Z,13221,893.81,893.81,21283,2026-07-14T13:56:42Z,21283
2026-07-13T03:31:13Z,FARMEO DE 💫BRECHAS DE FISURA💫 ROTO EN PATH OF EXILE 2 VERSIÓN 💲BARATA💲 Y 💰CARA💰 TUTORIAL COMPLETO,FidoJuegos,https://www.youtube.com/watch?v=gLPq20UMVXI,2026-07-10T20:00:01Z,1314,23.67,23.67,1314,2026-07-13T03:31:13Z,1314
2026-07-13T03:31:13Z,REWORK DA ABYSS ? Poe 1 com boss do poe 2 ? Curse of the all flame,kalibar,https://www.youtube.com/watch?v=hOmgcIHRy98,2026-07-12T23:22:10Z,402,67.0,67.0,1117,2026-07-13T19:35:49Z,1117
2026-07-13T03:31:13Z,PoE2 Streamer Reveal The Secret To Strong Builds,Exiled Again,https://www.youtube.com/watch?v=XbiIroPTtp0,2026-07-11T13:00:01Z,31664,822.01,822.01,35115,2026-07-14T08:17:54Z,35115
2026-07-13T09:37:37Z,"패스오브엑자일1 3.29, 심연 리워크가 맞을까?",핵슬톡,https://www.youtube.com/watch?v=APJinFi9TkA,2026-07-13T02:16:21Z,867,117.88,154.74,3461,2026-07-15T02:51:43Z,3461
2026-07-13T09:37:37Z,Crafting a T1 Quarterstaff Worth 1 Mirror | PoE 2,Raddish,https://www.youtube.com/watch?v=gE-lkTjnnD8,2026-07-12T22:00:18Z,1453,125.02,125.02,4469,2026-07-15T08:23:11Z,4469
2026-07-13T09:37:37Z,REWORK ABYSSU w POE1! Path of Exile: 3.29 Curse of the Allflame,Prozu,https://www.youtube.com/watch?v=jI8L2zu2X7k,2026-07-13T00:18:44Z,1494,160.39,169.72,3321,2026-07-14T19:26:50Z,3321
2026-07-13T09:37:37Z,3.29 Leaguestart Test - Chieftain Righteous Fire (1-80),Ventrua,https://www.youtube.com/watch?v=zPZ5ol6KyG8,2026-07-12T21:08:55Z,3124,250.35,250.35,6415,2026-07-15T08:23:11Z,6415
2026-07-13T09:37:37Z,POE 1 - 3.29 Teasers Day 8: POE 2's Abyss? Almost Surely - Path of Exile Curse of the Allflame,sirgog,https://www.youtube.com/watch?v=X2Q0mb7WA1E,2026-07-13T08:04:14Z,1899,316.5,1108.58,15353,2026-07-15T13:53:07Z,15353
2026-07-13T19:35:49Z,【POE 1】3.29前無限訓練！酋長正火 Act 1–10 計時拓荒｜星野かね,Hoshino Kane 星野かね Ch.,https://www.youtube.com/watch?v=Vghyr14q3cs,2026-07-13T15:27:13Z,274,45.67,45.67,274,2026-07-13T19:35:49Z,274
2026-07-13T19:35:49Z,NEW 'HIDDEN' Meta RARE MACE Spirit Walker Build | HUGE 1300+ Base DMG Scaling!,Mattjestic Life,https://www.youtube.com/watch?v=0B3jao0GFtw,2026-07-12T14:00:02Z,4652,157.18,157.18,5397,2026-07-15T02:51:43Z,5397
2026-07-13T19:35:49Z,Ignite Penance Brand Exarch & Eater Leaguestart Run for 3.29,Tuadh,https://www.youtube.com/watch?v=bus1NOvw9oM,2026-07-12T08:04:16Z,13671,384.82,384.82,14442,2026-07-14T02:53:16Z,14442
2026-07-13T19:35:49Z,3 BUFFS & NERFS for Patch 3.29 | Path of Exile: Curse of the Allflame Predictions,Dreamcore,https://www.youtube.com/watch?v=xtVsKHKmILM,2026-07-13T16:42:19Z,5848,974.67,1596.35,26098,2026-07-16T03:12:53Z,26098
2026-07-14T02:53:16Z,🔴[LIVE] Can You Beat PoE 2 with One Shots Only?,Lolcohol,https://www.youtube.com/watch?v=g4Ey84mUPls,2026-07-13T16:35:44Z,1414,137.38,137.38,1486,2026-07-14T08:17:54Z,1486
2026-07-14T02:53:16Z,Crafting the best Ele quarterstaff in 0.5 PoE 2,Keyson,https://www.youtube.com/watch?v=PorTRk9JiAo,2026-07-12T16:56:33Z,5463,160.93,160.93,5463,2026-07-14T02:53:16Z,5463
2026-07-14T02:53:16Z,3.29 Leaguestart Test - Berserker Earthshatter (1-80),Ventrua,https://www.youtube.com/watch?v=nsh9G__sFk8,2026-07-13T14:00:03Z,2256,175.06,175.06,3583,2026-07-15T19:19:22Z,3583
2026-07-14T02:53:16Z,Ironward Infernalist - Self Damage Engine Is Now Online - Build #9 - Day 1,KallTorak,https://www.youtube.com/watch?v=NnUCj5Fpkhg,2026-07-13T19:08:34Z,2313,298.64,298.64,2588,2026-07-15T02:51:43Z,2588
2026-07-14T02:53:16Z,Новости PoE 1 | Тизеры 3.29: по возможной переработке Абисса | ПоЕ Проклятие Всепламени | PoE 3.29,unstabb,https://www.youtube.com/watch?v=-Xm76nUrsYI,2026-07-13T12:41:10Z,4304,303.06,303.06,6217,2026-07-15T19:19:22Z,6217
2026-07-14T02:53:16Z,"Fartfinder, Build Overview - Path of Exile 2: Return of the Ancients",Skadoosh,https://www.youtube.com/watch?v=nw3Sw4__6Vg,2026-07-13T11:16:05Z,7192,460.44,460.44,8679,2026-07-14T08:17:54Z,8679
2026-07-14T02:53:16Z,Diablo 4 Season 14 - HC Sorcerer & Paladin Time!,wudijo,https://www.youtube.com/watch?v=LeNDwekzqJ4,2026-07-13T01:29:55Z,13852,545.58,545.58,13943,2026-07-15T08:23:11Z,13943
2026-07-14T02:53:16Z,[PoE2] Here's how I made 1000 Divines in 1 Hour - 100% Calculated Profit Gamba Strat,MazBro,https://www.youtube.com/watch?v=E0KpAMUMICI,2026-07-13T22:03:21Z,3317,552.83,939.6,17085,2026-07-16T08:22:42Z,17085
2026-07-14T08:17:54Z,ОТКРЫЛ 1000 РЕЛИКВАРИЕВ В PATH OF EXILE 2,Tihon,https://www.youtube.com/watch?v=Xerf4Vah4UA,2026-07-13T09:30:02Z,1256,55.09,86.77,2595,2026-07-14T19:26:50Z,2595
2026-07-14T08:17:54Z,Impale Cyclone Slayer Eater Exarch Run 4:34:26 | 3.28 Path of Exile,Alohaa,https://www.youtube.com/watch?v=96qGfaTaJMA,2026-07-13T15:55:17Z,6071,370.7,370.7,9586,2026-07-16T03:12:53Z,9586
2026-07-14T13:56:42Z,PoE1をPCでプレイする場合のおすすめPC構成や、動作を軽くする設定を紹介します。【PoE1 3.29 Curse of the Allflame】,バチャ丸,https://www.youtube.com/watch?v=NwTjIpl0sCw,2026-07-14T08:02:43Z,464,77.33,77.33,464,2026-07-14T13:56:42Z,464
2026-07-14T13:56:42Z,WHAT IS HAPPENING in Patch 3.29? | Path of Exile: Curse of the Allflame Speculations,Jorgen,https://www.youtube.com/watch?v=iYdnRhcs78g,2026-07-14T09:58:36Z,861,143.5,267.03,4946,2026-07-16T03:12:53Z,4946
2026-07-14T13:56:42Z,POE 1 - 3.29 Teasers Day 9: Mirage Isn't Going Core :( - Path of Exile Curse of the Allflame,sirgog,https://www.youtube.com/watch?v=1AVkfighXmQ,2026-07-14T10:37:01Z,5739,956.5,1470.7,19734,2026-07-16T19:20:19Z,19734
2026-07-14T19:26:50Z,Eye of Winter Spellslinger Elementalist Looks VERY Promising - League Start Test for PoE 3.29,Peuget2,https://www.youtube.com/watch?v=WNbhu261kMc,2026-07-14T14:00:38Z,1177,196.17,214.37,4968,2026-07-16T14:05:37Z,4968
2026-07-14T19:26:50Z,Новости PoE 1 | Мираж не в коре /будущее контента 3.28 | ПоЕ Проклятие Всепламени | PoE 3.29,unstabb,https://www.youtube.com/watch?v=VybN1GGOj7c,2026-07-14T14:54:18Z,3918,653.0,653.0,10700,2026-07-16T19:20:19Z,10700
2026-07-14T19:26:50Z,New Tech! Over 1 Million Gold / Minute Without Leaving Hideout | PoE 2 0.5,Belton,https://www.youtube.com/watch?v=TOUI_FB0Z2s,2026-07-14T16:24:22Z,4074,679.0,1412.7,20777,2026-07-16T19:20:19Z,20777
2026-07-14T19:26:50Z,"Mirage is NOT Going Core in 3.29, My Thoughts - Path of Exile 1",Fubgun,https://www.youtube.com/watch?v=UN5HwhrDbEs,2026-07-14T13:55:40Z,11905,1984.17,1984.17,29538,2026-07-16T19:20:19Z,29538
2026-07-15T02:51:43Z,Who were The Precursors? | Path Of Exile 2 Lore,Lore Of Exile,https://www.youtube.com/watch?v=aumN0EXeFKc,2026-07-14T23:00:20Z,2632,438.67,644.93,14882,2026-07-16T19:20:19Z,14882
2026-07-15T08:23:11Z,Creating A Random Gemling Build In Hardcore PoE 2 - Episode 1,Blazeworks TV,https://www.youtube.com/watch?v=RNTMe6jtgv0,2026-07-15T01:07:52Z,575,79.25,79.25,575,2026-07-15T08:23:11Z,575
2026-07-15T08:23:11Z,Dual Strike of Ambidexterity Slayer Looks VERY Promising - League Start Test for Path of Exile 3.29,Peuget2,https://www.youtube.com/watch?v=h5h7j8qnjCs,2026-07-13T14:00:13Z,4084,96.36,96.36,4360,2026-07-15T19:19:22Z,4360
2026-07-15T08:23:11Z,Crafting a 600 Divine Helmet in PoE2 pt.1 #poe2   #pathofexile2   #crafting  #poe2crafting #shorts,Niter,https://www.youtube.com/watch?v=RY7f0y9Amkg,2026-07-14T13:00:08Z,9034,466.05,497.76,22356,2026-07-16T19:20:19Z,22356
2026-07-15T08:23:11Z,Diablo 4 Season 14 - NEW PATCH LIVE & HCSSF Sorcerer Cooking!,wudijo,https://www.youtube.com/watch?v=KWgQ3_72xLw,2026-07-15T00:36:24Z,15492,1991.31,1991.31,15764,2026-07-15T13:53:07Z,15764
2026-07-15T13:53:07Z,5 Changes PoE 1 Needs in Patch 3.29!,Path of Evening,https://www.youtube.com/watch?v=CEBlViZ3p0U,2026-07-15T12:00:33Z,544,90.67,392.0,7187,2026-07-16T19:20:19Z,7187
2026-07-15T13:53:07Z,Poison Blade Fall Surfcaster chosen by DragonFang,CaptainLance9,https://www.youtube.com/watch?v=cZr-DinoRzA,2026-07-14T16:29:07Z,7519,351.35,351.35,8853,2026-07-16T19:20:19Z,8853
2026-07-15T13:53:07Z,【PoE2】ダメージ無効・1秒で1億ダメージ・画面破壊！今期の超火力・高耐久ビルド大集合！（生配信切り抜き）｜Path of Exile2｜Runes of Aldur,GPDちゃんねる,https://www.youtube.com/watch?v=5NU-Qt1KlMM,2026-07-15T09:00:21Z,2451,408.5,440.63,7556,2026-07-16T19:20:19Z,7556
2026-07-15T13:53:07Z,PoE2 Streamer Takes On A Ridiculous Challenge,Exiled Again,https://www.youtube.com/watch?v=qWusIPBRvho,2026-07-15T13:00:39Z,2573,428.83,1929.17,26535,2026-07-17T03:16:03Z,26535
2026-07-15T13:53:07Z,POE 1 - 3.29 Teasers Day 10: Full Reliquarian Deep Dive - Path of Exile Curse of the Allflame,sirgog,https://www.youtube.com/watch?v=A6PsRfnDXNg,2026-07-15T11:00:06Z,6025,1004.17,2065.09,28439,2026-07-17T03:16:03Z,28439
2026-07-15T19:19:22Z,[.5] 40k ES from 1 Unique,Oscrix,https://www.youtube.com/watch?v=XDPSwNl-JKA,2026-07-15T17:05:55Z,733,122.17,537.55,9966,2026-07-17T03:16:03Z,9966
2026-07-16T03:12:53Z,"PROXIMAS TEMPORADAS - POE 1 & POE 2, D4, TLI & MAIS",3p Venom,https://www.youtube.com/watch?v=eQTmbdfAUaU,2026-07-15T18:00:31Z,576,62.57,62.57,576,2026-07-16T03:12:53Z,576
2026-07-16T03:12:53Z,🔴[LIVE] Can You Beat PoE 2 with One Shots Only? Act 2!,Lolcohol,https://www.youtube.com/watch?v=GtZTLCb17DE,2026-07-15T16:43:00Z,1327,126.4,126.4,1327,2026-07-16T03:12:53Z,1327
2026-07-16T03:12:53Z,New Unique set for Reliquarian looks pretty NUTS!,LLYD,https://www.youtube.com/watch?v=T1aKHc_aY5A,2026-07-15T07:31:11Z,2939,149.22,149.22,3059,2026-07-16T14:05:37Z,3059
2026-07-16T03:12:53Z,"99 Push then 1 Div challenges! New Players welcome - Get involved, come say hello",Barricade,https://www.youtube.com/watch?v=nOQm6i7l1ak,2026-07-15T04:37:52Z,4417,195.58,195.58,4441,2026-07-16T14:05:37Z,4441
2026-07-16T08:22:42Z,Defenses are INSANE on New Reliquarian in 3.29 | Path of Exile: Curse of the Allflame,Jorgen,https://www.youtube.com/watch?v=Z-uKyyQvY5I,2026-07-15T22:53:44Z,3245,342.2,357.21,7496,2026-07-17T08:18:58Z,7496
2026-07-16T08:22:42Z,Новости PoE 1 | Новые пассивки Реликварианки в 3.29 | ПоЕ Проклятие Всепламени | PoE 3.29,unstabb,https://www.youtube.com/watch?v=clCvSJs7kR0,2026-07-15T16:46:55Z,5532,354.7,354.7,7302,2026-07-16T19:20:19Z,7302
2026-07-16T08:22:42Z,"POE 1 - 3.29 Teasers Day 11: Free MTX Promo, Big Reveal Soon - Path of Exile Curse of the Allflame",sirgog,https://www.youtube.com/watch?v=VKxw_722W2w,2026-07-16T03:05:18Z,3041,506.83,506.83,7687,2026-07-17T08:18:58Z,7687
2026-07-16T08:22:42Z,Added Damage Tech is EVEN CRAZIER on New Reliquarian in 3.29 | Path of Exile: Curse of the Allflame,Dreamcore,https://www.youtube.com/watch?v=orzys1TDhtI,2026-07-15T17:10:54Z,14334,943.23,943.23,20589,2026-07-17T03:16:03Z,20589
2026-07-16T14:05:37Z,HOW I MADE HUNDREDS OF DIVINES ON DAY 1 | ZERO TO MIRROR JOURNEY | Path of Exile 2,Phalanx,https://www.youtube.com/watch?v=8iXHXSUVTy8,2026-07-16T10:00:38Z,1213,202.17,436.1,6002,2026-07-17T08:18:58Z,6002
2026-07-16T19:20:19Z,【POE2】最高の神リーグ開始まであと1日！,スイクンゲームズ,https://www.youtube.com/watch?v=zxjlP7-ZaWM,2026-07-16T15:16:07Z,976,162.67,162.67,976,2026-07-16T19:20:19Z,976
2026-07-16T19:20:19Z,New Reliquarian looks insane?? - Path of Exile 1 News,Zizaran,https://www.youtube.com/watch?v=Cv5E5iQp_I0,2026-07-16T17:32:35Z,2668,444.67,444.67,2668,2026-07-16T19:20:19Z,2668
2026-07-16T19:20:19Z,"Новости PoE 1 | По дропсам и ""возможной"" тематике новой лиги | ПоЕ Проклятие Всепламени | PoE 3.29",unstabb,https://www.youtube.com/watch?v=cFAVzgpn6uY,2026-07-16T12:34:53Z,4593,679.7,679.7,6108,2026-07-17T08:18:58Z,6108
2026-07-17T03:16:03Z,POE 1 - 3.29 Teasers Day 12: First Reaction to GGG Livestream - Path of Exile Curse of the Allflame,sirgog,https://www.youtube.com/watch?v=eI64HXaqO84,2026-07-16T21:04:22Z,2058,332.21,332.21,3191,2026-07-17T08:18:58Z,3191
2026-07-17T03:16:03Z,🔴[LIVE] PoE 2 One Shot Challenge - JAMANRA TODAY,Lolcohol,https://www.youtube.com/watch?v=NIUuXof0Sto,2026-07-16T21:25:58Z,2108,351.33,351.33,2108,2026-07-17T03:16:03Z,2108
2026-07-17T03:16:03Z,"CURSE of the ALLFLAME Developer Q&A - PATH of EXILE's 3.29 Expansion - Boats, Buffs & Socket Changes",ZiggyD Gaming,https://www.youtube.com/watch?v=9-xhpd3HdyE,2026-07-17T00:20:51Z,2344,390.67,1282.17,28961,2026-07-18T02:53:02Z,28961
2026-07-17T03:16:03Z,The NEW Crafting is INSANE in 3.29!! - PoE 1 Reaction,GhazzyTV,https://www.youtube.com/watch?v=TWOUG5fj_bM,2026-07-16T21:31:34Z,2500,416.67,507.53,10009,2026-07-17T19:18:04Z,10009
2026-07-17T03:16:03Z,PoE 1 3.29 Reveal Is Way More Than I Expected,ds lily,https://www.youtube.com/watch?v=D3ONhlbtorA,2026-07-16T22:03:44Z,2589,431.5,478.05,8480,2026-07-17T19:18:04Z,8480
2026-07-17T03:16:03Z,Path of Exile’s Developers Just Called Out AAA Development,Destin,https://www.youtube.com/watch?v=D6FVzJnL1b0,2026-07-16T21:30:27Z,3164,527.33,667.9,14556,2026-07-17T19:18:04Z,14556
2026-07-17T03:16:03Z,VEM FORTE a Nova Liga do Path of Exile 1 - Curse of the Allflame 3.29,Escola do Exilado,https://www.youtube.com/watch?v=sa33toYA7vc,2026-07-17T01:57:09Z,3939,656.5,673.34,4285,2026-07-17T08:18:58Z,4285
2026-07-17T03:16:03Z,[Drops] POE1 3.29 Full Reveal and Watch Party at 4PM EST! Then !TorchLight Tonight at 10PM Est.,XTheFarmerX,https://www.youtube.com/watch?v=NgM5pbB3fNg,2026-07-17T00:25:26Z,4586,764.33,764.33,4794,2026-07-17T08:18:58Z,4794
2026-07-17T03:16:03Z,Ben's Thoughts On Reliquarian For 3.29,Ben,https://www.youtube.com/watch?v=2RsqeaeTaPM,2026-07-16T16:00:10Z,13141,1166.54,1166.54,17604,2026-07-17T13:49:50Z,17604
2026-07-17T03:16:03Z,Diablo 4 Season 14 - HC Sorc & Pally & Path of Exile Reveal Watch Party,wudijo,https://www.youtube.com/watch?v=tyxaQ-iufFM,2026-07-16T22:55:14Z,9220,1536.67,1536.67,9655,2026-07-18T02:53:02Z,9655
2026-07-17T03:16:03Z,Path of Exile 1: Curse of the Allflame Official Trailer,Path of Exile,https://www.youtube.com/watch?v=ARFSbodxJZU,2026-07-16T20:05:16Z,79455,11066.22,11066.22,136823,2026-07-17T19:18:04Z,136823
2026-07-17T03:16:03Z,Path of Exile 1: Curse of the Allflame Content Reveal,Path of Exile,https://www.youtube.com/watch?v=F5dO2Gg01VU,2026-07-16T20:34:34Z,97342,14546.84,14546.84,219317,2026-07-17T19:18:04Z,219317
2026-07-17T08:18:58Z,Luminary Ascendency REVEALED for 3.29 | Path of Exile: Curse of the Allflame,Jorgen,https://www.youtube.com/watch?v=-n_6LkExxJM,2026-07-17T03:55:25Z,1265,210.83,210.83,1265,2026-07-17T08:18:58Z,1265
2026-07-17T08:18:58Z,Ethereal Knives Elementalist | S+ Tier League starter just got better! | POE 1 3.29,Lokati,https://www.youtube.com/watch?v=FMtdXWFo0o8,2026-07-17T04:32:22Z,1326,221.0,605.75,15320,2026-07-18T13:26:41Z,15320
2026-07-17T08:18:58Z,So Many BUFFS in the Patch Notes for 3.29 | Path of Exile: Curse of the Allflame,Jorgen,https://www.youtube.com/watch?v=uhReEg1IE3Q,2026-07-17T02:16:14Z,2335,386.22,463.92,5363,2026-07-17T13:49:50Z,5363
2026-07-17T08:18:58Z,RESUMÃO da NOVA LIGA do Path of Exile - 3.29 Curse of the Allflame,Escola do Exilado,https://www.youtube.com/watch?v=4GS5ybwpJbM,2026-07-16T21:33:54Z,4422,411.3,411.3,4422,2026-07-17T08:18:58Z,4422
2026-07-17T08:18:58Z,패스오브엑자일1 3.29 패치노트 주요 변경점,핵슬톡,https://www.youtube.com/watch?v=ZnQWkEEg57o,2026-07-17T05:10:47Z,2538,423.0,423.0,9148,2026-07-18T13:26:41Z,9148
2026-07-17T08:18:58Z,GGG Live - Curse of the Allflame Reveal!,Path of Evening,https://www.youtube.com/watch?v=XIfL_ak59Og,2026-07-17T00:01:55Z,3712,448.07,448.07,3712,2026-07-17T08:18:58Z,3712
2026-07-17T13:49:50Z,"Socket Colours are ""Gone"" in Path of Exile 1 | What it Means for 3.29",Palsteron,https://www.youtube.com/watch?v=pUo6r_9aosE,2026-07-17T12:38:45Z,2354,392.33,1427.39,16597,2026-07-19T03:24:34Z,16597
2026-07-17T13:49:50Z,POE 1 - 3.29 Teasers Day 12 (Again): 6 Huge Improvements In 3.29 Path of Exile Curse of the Allflame,sirgog,https://www.youtube.com/watch?v=rzj8zEQr9hY,2026-07-17T12:25:50Z,2463,410.5,1286.32,14899,2026-07-18T19:11:39Z,14899
2026-07-17T13:49:50Z,"САМОЕ ГЛАВНОЕ С АНОНСА ЛИГИ. РЕВОРК АБИСА, МЕРКИ В КОРЕ · Path of Exile 3.29 Curse of the Allflame",Vurman PoE / Нарезки,https://www.youtube.com/watch?v=-QQpKYZ9MOM,2026-07-17T04:23:55Z,4436,470.31,470.31,4436,2026-07-17T13:49:50Z,4436
2026-07-17T13:49:50Z,🔥 5 Cool Path Of Exile 1 League Starter Builds To Check Out | Curse of the Allflame League 3.29,Jorgen,https://www.youtube.com/watch?v=srD1gy3IKuw,2026-07-17T11:20:55Z,2895,482.5,1479.12,34930,2026-07-18T19:11:39Z,34930
2026-07-17T13:49:50Z,Everything you need to know about POE 3.29 in less than 10 minutes,Zizaran,https://www.youtube.com/watch?v=rugOaj5h9sg,2026-07-17T12:23:27Z,3750,625.0,2506.62,30837,2026-07-18T19:11:39Z,30837
2026-07-17T13:49:50Z,Curse of the Allflame League Reveal!,CaptainLance9,https://www.youtube.com/watch?v=g5QjWARo1NE,2026-07-17T01:13:37Z,8624,684.24,684.24,8892,2026-07-17T19:18:04Z,8892
2026-07-17T13:49:50Z,[PoE 1] My SIege Ballista league starter in Patch 3.29 // What happened? & What I will do next,POEGuy,https://www.youtube.com/watch?v=XXIGBMWkM-Q,2026-07-17T08:30:49Z,4453,742.17,847.82,13129,2026-07-18T13:26:41Z,13129
2026-07-17T13:49:50Z,"These Spell ""Buffs"" Are... Interesting... (3.29 Patch Notes)",Ben,https://www.youtube.com/watch?v=CTgZQ4flIhE,2026-07-17T03:31:52Z,11587,1125.0,1125.0,21772,2026-07-18T08:00:37Z,21772
2026-07-17T13:49:50Z,Luminary Will Crush Leaguestart,CaptainLance9,https://www.youtube.com/watch?v=Kgxx3AhI_os,2026-07-17T03:45:23Z,22341,2217.62,2217.62,41803,2026-07-18T08:00:37Z,41803
2026-07-17T13:49:50Z,Sockets Colours Are GONE?! - POE Curse of the Allflame Reveal,Zizaran,https://www.youtube.com/watch?v=1f3r0VRrN7Y,2026-07-16T21:02:24Z,78538,4677.47,4677.47,94849,2026-07-17T19:18:04Z,94849
2026-07-17T19:18:04Z,Ethereal Knives Elementalist | Simple to follow EK Leveling Guide | POE 1 3.29,Lokati,https://www.youtube.com/watch?v=v6R3pnT2_W4,2026-07-17T10:35:19Z,3575,410.32,410.32,7435,2026-07-18T13:26:41Z,7435
2026-07-17T19:18:04Z,[Path of Exile 3.29] ⚔️ Cyclone Shockwave Slayer ⚔️ Updated League Starter Build,Sanavixx,https://www.youtube.com/watch?v=JFsK67lgLhI,2026-07-17T08:51:45Z,4667,447.08,447.08,8097,2026-07-18T08:00:37Z,8097
2026-07-17T19:18:04Z,Baron Zombie Slammer - SSF Zero to Hero - TOTA Event PoE 1,Thyworm,https://www.youtube.com/watch?v=PLlochomm6k,2026-07-17T11:10:54Z,5636,694.12,694.12,9636,2026-07-18T13:26:41Z,9636
2026-07-18T02:53:02Z,Is Mageblood too Overpowered or is it the Perfect Unique? - The Path 2 Exile Podcast Ep. 52,MisoxShiru,https://www.youtube.com/watch?v=R-E7cy2IzeM,2026-07-17T02:15:16Z,7287,295.87,295.87,7287,2026-07-18T02:53:02Z,7287
2026-07-18T02:53:02Z,[PoE 1] 11 builds para começar na nova liga sem passar fome! - Path of Exile Curse of Allflame,Melk PoE,https://www.youtube.com/watch?v=ap4w16nCA0s,2026-07-17T21:53:45Z,1977,329.5,347.52,3515,2026-07-18T08:00:37Z,3515
2026-07-18T02:53:02Z,3.29 Leaguestart Test - Winter Orb Elementalist - buffed by 67%,Ventrua,https://www.youtube.com/watch?v=1y_kBEsnps8,2026-07-17T23:16:49Z,2039,339.83,615.33,15666,2026-07-19T13:35:45Z,15666
2026-07-18T02:53:02Z,The Minion Build Meta didn't really change in 3.29..,GhazzyTV,https://www.youtube.com/watch?v=Umu08Jj-quo,2026-07-17T14:35:46Z,8848,720.06,720.06,15515,2026-07-19T08:26:27Z,15515
2026-07-18T02:53:02Z,3.29 full reveal and patch notes - !build !filter poe2,Fubgun,https://www.youtube.com/watch?v=y9CxJ9QdsI8,2026-07-17T04:13:50Z,24639,1087.65,1087.65,24934,2026-07-18T08:00:37Z,24934
2026-07-18T02:53:02Z,PoE 1 | 3.29 Righteous Fire Changes | Curse of the Allflame,Pohx,https://www.youtube.com/watch?v=y8E0vji4m_g,2026-07-17T23:56:06Z,6677,1112.83,2433.91,57354,2026-07-19T19:13:13Z,57354
2026-07-18T02:53:02Z,I had low expectations but patch notes look... fine?,Zizaran,https://www.youtube.com/watch?v=aG0jUDR2i_M,2026-07-17T10:52:05Z,24298,1517.12,1517.12,29122,2026-07-18T19:11:39Z,29122
2026-07-18T02:53:02Z,Winners Vs. Losers of POE 3.29,Zizaran,https://www.youtube.com/watch?v=eRh78PfX98o,2026-07-17T18:57:07Z,40839,5148.66,5148.66,106564,2026-07-19T13:35:45Z,106564
2026-07-18T08:00:37Z,Path of Exile 1: Curse of the Allflame Official Trailer,Path of Exile,https://www.youtube.com/watch?v=Hjgb9fmU_4U,2026-07-18T00:00:08Z,2331,291.08,291.08,2331,2026-07-18T08:00:37Z,2331
2026-07-18T08:00:37Z,Winter Orb SSF Start → Eater/Exarch in UNDER 5 HOURS,jungroan,https://www.youtube.com/watch?v=xpsV4hSIwqs,2026-07-17T22:30:33Z,23156,2437.15,2486.91,76915,2026-07-19T19:13:13Z,76915
2026-07-18T13:26:41Z,Crackling Lance Elementalist - League Starter Preview | PoE 3.29,Peuget2,https://www.youtube.com/watch?v=H_k45J_60Mo,2026-07-17T14:00:08Z,7544,321.81,321.81,7544,2026-07-18T13:26:41Z,7544
2026-07-18T13:26:41Z,Everything Explained About Low Budget Expedition Treasure Hunting - Currency Guide - Path of Exile 2,Master T,https://www.youtube.com/watch?v=t9DNsthvsmY,2026-07-17T23:55:18Z,4422,326.99,326.99,4422,2026-07-18T13:26:41Z,4422
2026-07-18T13:26:41Z,"[PoE 1] POEGUY's BACKUP 3.29 STARTER BUILD // GAMEPLAY SHOWCASE ( on Low, Normal & High budget )",POEGuy,https://www.youtube.com/watch?v=w6ujqr1GBbY,2026-07-18T10:08:40Z,3318,553.0,1250.62,24375,2026-07-20T09:24:51Z,24375
2026-07-18T13:26:41Z,CRUSH the New League with this Build | Curse of the Allflame | Path of Exile 3.29,EXILED CAT,https://www.youtube.com/watch?v=LAAATs8mWb4,2026-07-18T10:00:20Z,4992,832.0,1499.22,34416,2026-07-20T09:24:51Z,34416
2026-07-18T13:26:41Z,[3.29] Winter Orb Occultist l League Starter l Path of Exile,Tanjar,https://www.youtube.com/watch?v=DGJEmW6b5aw,2026-07-18T01:30:46Z,13698,1147.99,1147.99,24455,2026-07-19T08:26:27Z,24455
2026-07-18T13:26:41Z,The Biggest WINNERS & LOSERS of Patch 3.29 | Path of Exile: Curse of the Allflame,Dreamcore,https://www.youtube.com/watch?v=i63PkUjhark,2026-07-17T16:49:09Z,30567,1481.98,1481.98,33663,2026-07-19T03:24:34Z,33663
2026-07-18T19:11:39Z,Новости PoE 1 | Разбор анонса новой лиги | ПоЕ 3.29 Проклятие Всепламени | PoE Curse of the Allflame,unstabb,https://www.youtube.com/watch?v=dbah4fqe_bk,2026-07-17T12:36:02Z,10332,337.72,337.72,10332,2026-07-18T19:11:39Z,10332
2026-07-18T19:11:39Z,The Top 10 Biggest Changes in 3.29 Curse of the Allflame - Path of Exile 1,Fubgun,https://www.youtube.com/watch?v=NIZ5_NK9WFA,2026-07-18T15:19:26Z,4976,829.33,1088.3,28181,2026-07-20T14:19:21Z,28181
2026-07-18T19:11:39Z,[3.29] ARCTIC SALVO Build Guide — Creeping Frost & Winter Orb Elementalist [Path of Exile 1],PhazePlays,https://www.youtube.com/watch?v=kO1ZTP_WLvE,2026-07-18T17:12:05Z,5305,884.17,2982.57,63690,2026-07-20T14:19:21Z,63690
2026-07-18T19:11:39Z,Winter Orb Elementalist - League Starter Preview | PoE 3.29,Peuget2,https://www.youtube.com/watch?v=62JkpZ4VtCk,2026-07-18T14:00:20Z,6071,1011.83,1011.83,20792,2026-07-19T19:13:13Z,20792
2026-07-18T19:11:39Z,Spark Archmage Hierophant is BACK! | 3.29 League Starter Guide | Path of Exile,Big Ducks,https://www.youtube.com/watch?v=DpHXNVNeH88,2026-07-18T13:30:10Z,7034,1172.33,1172.33,29633,2026-07-20T09:24:51Z,29633
2026-07-18T19:11:39Z,PoE Streamers React to Curse of the Allflame Content Reveal,Exiled Again,https://www.youtube.com/watch?v=2Sg_-Di72d4,2026-07-17T15:31:38Z,40330,1457.69,1457.69,44237,2026-07-19T08:26:27Z,44237
2026-07-19T03:24:34Z,"Подводный фарм, удаление синтеза, ExileCon и прочее из интервью | Path of Exile",CARDIFF GAMING,https://www.youtube.com/watch?v=ZCg6vxseEGc,2026-07-18T17:47:52Z,3450,358.93,358.93,6816,2026-07-19T19:13:13Z,6816
2026-07-19T03:24:34Z,❰Path of Exile 3.29 Curse of the Allflame❱ Poison Reaper of Revenants Build Guide!,tabl3s,https://www.youtube.com/watch?v=FqhnXGafObk,2026-07-18T20:50:02Z,3139,477.35,687.42,14129,2026-07-20T14:19:21Z,14129
2026-07-19T03:24:34Z,Path of Exile: Лучшие стартовые билды для Curse of the Allflame. Чем стартовать?,ThisIsMacho,https://www.youtube.com/watch?v=zR7VyvGGA1I,2026-07-18T14:14:47Z,6586,500.33,500.33,14623,2026-07-20T14:19:21Z,14623
2026-07-19T03:24:34Z,[PoE 3.29] Wintertide Brand Cold Dot Elementalist League Starter Guide | Curse of the Allflame,Lazy Exile,https://www.youtube.com/watch?v=TJHcfOATmeM,2026-07-18T20:11:26Z,5138,711.72,711.72,17211,2026-07-20T14:19:21Z,17211
2026-07-19T03:24:34Z,17 Most BUFFED Skills in PoE 3.29 - Patch Notes TL;DR for New League Builds - Path of Exile 1,ronarray,https://www.youtube.com/watch?v=LXODGljq5L8,2026-07-18T22:28:03Z,5002,833.67,1110.62,27075,2026-07-20T19:48:57Z,27075
2026-07-19T08:26:27Z,BEST CURRENCY FARMS For Lazy Braindead Dad Gamers!,Perra Gaming,https://www.youtube.com/watch?v=9NOtnKREENc,2026-07-18T17:50:04Z,6438,440.76,440.76,10794,2026-07-20T09:24:51Z,10794
2026-07-19T08:26:27Z,POE 1 - 3.29 Teasers - EVERYTHING about Mirror Crafting Changed. Path of Exile Curse of the Allflame,sirgog,https://www.youtube.com/watch?v=eXC7WeZfcjM,2026-07-19T07:26:18Z,2803,467.17,2042.84,26244,2026-07-20T19:48:57Z,26244
2026-07-19T08:26:27Z,[POE2] How I Hit #1 Rarity this Season in PoE2 (Full Rarity Bot Guide),MazBro,https://www.youtube.com/watch?v=P9JhcYdXzpg,2026-07-18T19:36:22Z,6271,488.59,488.59,10425,2026-07-20T09:24:51Z,10425
2026-07-19T13:35:45Z,Новости PoE 1 | Разбор патчноута новой лиги | ПоЕ 3.29 Проклятие Всепламени | Curse of the Allflame,unstabb,https://www.youtube.com/watch?v=shVPwugrU8E,2026-07-18T11:02:12Z,7437,280.02,280.02,7823,2026-07-19T19:13:13Z,7823
2026-07-19T13:35:45Z,[PoE 1] My 3.29 League Start Plans & Addressing Some Common Concerns.,POEGuy,https://www.youtube.com/watch?v=ckGl8Dx4NkI,2026-07-19T09:29:47Z,2425,404.17,505.34,9447,2026-07-20T19:48:57Z,9447
2026-07-19T13:35:45Z,PoE 3.29 - Ice Crash Ignite Chieftain - Build Guide,Crouching_Tuna,https://www.youtube.com/watch?v=YTTcKnqipOM,2026-07-18T13:13:21Z,46735,1917.46,1917.46,46735,2026-07-19T13:35:45Z,46735
2026-07-19T19:13:13Z,[0.5] PoE 2 ARC GEMLING IS THE MOST OP - RETURN OF THE ANCIENTS - PoE 2 Builds,Path of Exile Builds,https://www.youtube.com/watch?v=O0Sfv7mnGXc,2026-07-19T13:14:31Z,4107,684.5,684.5,10441,2026-07-20T14:19:21Z,10441
2026-07-19T19:13:13Z,Venom Gyre is Still Good! | My plans for 3.29 Curse of the Allflame | Path of Exile 1,Kankar,https://www.youtube.com/watch?v=pdFpksjrre4,2026-07-19T16:07:22Z,7482,1247.0,1562.02,29321,2026-07-21T03:18:39Z,29321
2026-07-19T19:13:13Z,Why These Buffed Spells Might be Insane in 3.29 - Path of Exile 1,Fubgun,https://www.youtube.com/watch?v=WtjTWxnQ84I,2026-07-19T13:38:47Z,24876,4146.0,4146.0,69568,2026-07-21T03:18:39Z,69568
2026-07-20T03:38:23Z,[PoE 3.29] How to get to Endgame FAST in 3.29 Curse of the Allflame!,CyclonDefinitiv,https://www.youtube.com/watch?v=HppqlC2bDq4,2026-07-18T14:57:09Z,10354,282.22,282.22,10354,2026-07-20T03:38:23Z,10354
2026-07-20T03:38:23Z,Conductive Runes Pathfinder -  New Build New Day - Build #11 - Day 1,KallTorak,https://www.youtube.com/watch?v=Us9tSimubmY,2026-07-19T18:06:29Z,2991,313.79,313.79,2991,2026-07-20T03:38:23Z,2991
2026-07-20T03:38:23Z,Mercenary Breakdown ~ Luminary Basics,CaptainLance9,https://www.youtube.com/watch?v=i-jJT6Z9-ZU,2026-07-19T13:52:24Z,25860,1878.47,1878.47,38087,2026-07-21T03:18:39Z,38087
2026-07-20T03:38:23Z,[PoE 3.29] Winter Orb Occultist Build - IN DEPTH League Starter Guide - Path of Exile,ronarray,https://www.youtube.com/watch?v=yn1MzoinnUw,2026-07-19T21:37:11Z,12109,2011.41,2189.26,59150,2026-07-21T08:36:50Z,59150
2026-07-20T09:24:51Z,Winter Orb Exarch & Eater Leaguestart Run for 3.29,Tuadh,https://www.youtube.com/watch?v=7hh9007q-Mc,2026-07-18T10:33:44Z,18297,390.53,390.53,18297,2026-07-20T09:24:51Z,18297
2026-07-20T09:24:51Z,"POE 1 - 3.29 Teasers Day 15: Scuttling Totems, NEW Abyss Unique- Path of Exile Curse of the Allflame",sirgog,https://www.youtube.com/watch?v=EDEzsdi88AM,2026-07-20T06:19:29Z,5136,856.0,1519.52,19252,2026-07-21T14:05:12Z,19252
2026-07-20T14:19:21Z,[POE 3.29 牙膏] 追加 PN 1 &  新傳奇 x 2 | 自走型法術圖騰 | POE1 3.29 | Curse of the Allflame | 亡焰咒海,hfok,https://www.youtube.com/watch?v=z1fL3aQ4Quk,2026-07-20T06:58:15Z,2271,308.9,308.9,2841,2026-07-20T19:48:57Z,2841
2026-07-20T14:19:21Z,Toxic Rain Pathfinder League Start Guide - PoE 3.29,Path of Evening,https://www.youtube.com/watch?v=HwsaAGY8HdQ,2026-07-20T12:00:31Z,3556,592.67,1543.05,24335,2026-07-21T19:38:37Z,24335
2026-07-20T14:19:21Z,[PoE 1] NEW TOTEM ARCHETYPE: MOVING TOTEMS // The Crustacean's Call staff,POEGuy,https://www.youtube.com/watch?v=vLQxgTZxLwY,2026-07-20T08:43:27Z,5815,969.17,969.17,12778,2026-07-21T14:05:12Z,12778
2026-07-20T14:19:21Z,Armour Stack 3.29 Changes – Path of Exile: Curse of the Allflame,Bigdaddy,https://www.youtube.com/watch?v=dwCf84ZIFSQ,2026-07-20T07:08:03Z,7461,1037.91,1037.91,7461,2026-07-20T14:19:21Z,7461
2026-07-20T14:19:21Z,[PoE 3.29] Luminary Link/Aurabot with Kineticist Mercenary Guide | Leaguestart to Endgame Overview,Nerotox,https://www.youtube.com/watch?v=q53Zy1rsiXg,2026-07-20T01:15:00Z,13631,1042.71,1042.71,13631,2026-07-20T14:19:21Z,13631
2026-07-20T14:19:21Z,Penance Brand Ignite Elementalist UPDATED FOR 3.29 - BETTER THAN EVER!,Goratha,https://www.youtube.com/watch?v=42t9yK-9_Go,2026-07-19T17:42:18Z,37703,1828.68,1828.68,50400,2026-07-21T03:18:39Z,50400
2026-07-20T19:48:57Z,Path of Exile Curse of the Allflame Supporter Packs | Full MTX Showcase,Robsafari,https://www.youtube.com/watch?v=X9aB9N59Hrw,2026-07-20T14:15:16Z,1562,260.33,260.33,1562,2026-07-20T19:48:57Z,1562
2026-07-20T19:48:57Z,Static Strike Slayer Leaguestarter Guide | Full Leveling POB and crafting guide | 3.29 Path of Exile,Alohaa,https://www.youtube.com/watch?v=jQy7qtUnQHM,2026-07-19T16:49:07Z,14917,552.54,552.54,17746,2026-07-21T03:18:39Z,17746
2026-07-20T19:48:57Z,Winter Orb Elementalist - League Starter Leveling Guide | PoE 3.29,Peuget2,https://www.youtube.com/watch?v=yRmMxrYS3bM,2026-07-20T14:00:20Z,3503,583.83,583.83,12038,2026-07-22T03:16:59Z,12038
2026-07-20T19:48:57Z,LIVESTREAM - POE 1 3.29 PATCH NOTES Second Thoughts - Path of Exile - Curse of the Allflame League,sirgog,https://www.youtube.com/watch?v=Iaq5tzh8wsE,2026-07-20T19:15:44Z,4205,700.83,714.39,7387,2026-07-21T19:38:37Z,7387
2026-07-20T19:48:57Z,Do NOT League Start Winter Orb in PoE 3.29,aer0,https://www.youtube.com/watch?v=YKQp36JiJPE,2026-07-20T15:20:03Z,5089,848.17,1142.95,26171,2026-07-22T03:16:59Z,26171
2026-07-20T19:48:57Z,POE 1 - 3.29 | The Best Patch for New Players!,Pohx,https://www.youtube.com/watch?v=DI55ujuqJOc,2026-07-20T15:13:09Z,9893,1648.83,1648.83,23852,2026-07-22T03:16:59Z,23852
2026-07-20T19:48:57Z,"Lightning Arrow Deadeye, League Start Guide for 3.29 - Path of Exile 1",Fubgun,https://www.youtube.com/watch?v=Ov5KpoNcvr4,2026-07-20T14:37:03Z,14104,2350.67,2350.67,39115,2026-07-22T03:16:59Z,39115
2026-07-20T19:48:57Z,One of the MOST EFFECTIVE Leaguestarters! - Boneshatter Juggernaut [PoE 3.29],Zizaran,https://www.youtube.com/watch?v=ThANqlWYJ98,2026-07-20T14:40:41Z,21744,3624.0,3624.0,67885,2026-07-22T03:16:59Z,67885
2026-07-21T03:18:39Z,This Is What 10 Years Of PoE Looks Like,Exiled Again,https://www.youtube.com/watch?v=L1tHwNDIVXw,2026-07-19T13:00:13Z,46973,1226.21,1226.21,46973,2026-07-21T03:18:39Z,46973
2026-07-21T03:18:39Z,Best PoE 1 QOL Update for New Players! | Path of Exile 1: Curse of the Allflame Content Reveal Q&A,Path of Exile,https://www.youtube.com/watch?v=VR3MAVpXBms,2026-07-20T22:54:49Z,8132,1355.33,2015.26,58209,2026-07-22T08:36:22Z,58209
2026-07-21T03:18:39Z,POE2 In 2026 - Better Than Diablo 4?,TheLazyPeon,https://www.youtube.com/watch?v=Mf3VWTDZx-0,2026-07-19T14:00:22Z,59182,1586.44,1586.44,59182,2026-07-21T03:18:39Z,59182
2026-07-21T03:18:39Z,"""The biggest buff by a mile..."" | The PoE Report Podcast #11 | Path of Exile: Curse of the Allflame",Dreamcore,https://www.youtube.com/watch?v=fPTU3EGe59A,2026-07-20T14:15:27Z,22699,1738.91,1738.91,37332,2026-07-22T03:16:59Z,37332
2026-07-21T03:18:39Z,"The Spellcaster Changes Are Kinda Weird | Path of Exile, Patch 3.29",Palsteron,https://www.youtube.com/watch?v=XstdJOSBNE8,2026-07-20T19:31:08Z,26906,3452.94,3452.94,61594,2026-07-22T08:36:22Z,61594
2026-07-21T08:36:50Z,PoE 3.29 Day 1 Farming Strategy - How to Make Currency at League Start,bLut,https://www.youtube.com/watch?v=ethtJ13feeg,2026-07-20T16:13:05Z,5034,307.02,307.02,5034,2026-07-21T08:36:50Z,5034
2026-07-21T08:36:50Z,[PoE] Brutus of Divine Judgment Is Going To Be Stronger Than Ever in 3.29,Carnarius,https://www.youtube.com/watch?v=-DX3Mw4l1iI,2026-07-20T16:26:51Z,5223,323.07,323.07,5223,2026-07-21T08:36:50Z,5223
2026-07-21T08:36:50Z,Path of Exile 2 - Most Profitable Vaaling Session Ever,OnesInTheChat,https://www.youtube.com/watch?v=_PiaF0Me3pE,2026-07-20T14:30:32Z,5884,324.99,324.99,5884,2026-07-21T08:36:50Z,5884
2026-07-21T08:36:50Z,1 DIV Hollow Palm Monk Is Better Than You Think | PoE 2,Barricade,https://www.youtube.com/watch?v=B6SMMTprTj0,2026-07-20T20:51:14Z,4193,356.54,356.54,5280,2026-07-21T14:05:12Z,5280
2026-07-21T08:36:50Z,Новости PoE 1 | Новые уники в 3.29 | ПоЕ Проклятие Всепламени | PoE 3.29 Curse of the Allflame,unstabb,https://www.youtube.com/watch?v=Au21N2YXkss,2026-07-20T16:17:21Z,6532,400.12,400.12,7410,2026-07-21T14:05:12Z,7410
2026-07-21T08:36:50Z,POE1 3.29 Exsang Miner Elementalist Campaign Is OP | Testing Day 1 Maps,XTheFarmerX,https://www.youtube.com/watch?v=5WL3_J6_Ugc,2026-07-21T02:21:23Z,6216,993.33,993.33,6790,2026-07-21T19:38:37Z,6790
2026-07-21T08:36:50Z,Bonezone is BACK! - SPINESHATTER Champion Leaguestart (PoE 3.29 Curse of the Allflame),Woolie,https://www.youtube.com/watch?v=EGkr-48wZas,2026-07-20T17:34:45Z,18030,1199.21,1199.21,18030,2026-07-21T08:36:50Z,18030
2026-07-21T14:05:12Z,패스오브엑자일1 3.29 악몽 상하차는 여전히 좋을까?,핵슬톡,https://www.youtube.com/watch?v=2cuK_J78uBk,2026-07-21T04:44:45Z,3081,329.84,329.84,3081,2026-07-21T14:05:12Z,3081
2026-07-21T14:05:12Z,[PoE 1] Starter 3.29: POEGuy's Direct Hit EA Ballista // Great build for Casuals/New Players.,POEGuy,https://www.youtube.com/watch?v=gTrOwsAdwSE,2026-07-21T09:34:28Z,2804,467.33,532.71,7939,2026-07-22T08:36:22Z,7939
2026-07-21T14:05:12Z,Scion Act 1 Practice Makes Perfect,CaptainLance9,https://www.youtube.com/watch?v=FTnrJlOKrlg,2026-07-20T22:51:43Z,7563,496.76,496.76,8561,2026-07-22T08:36:22Z,8561
2026-07-21T14:05:12Z,"POE 1 - 3.29 Teasers Day 16: GGG FAQ, more QOL updates - Path of Exile Curse of the Allflame",sirgog,https://www.youtube.com/watch?v=vt6vi89gobU,2026-07-21T09:53:45Z,6138,1023.0,1141.18,13781,2026-07-22T14:08:23Z,13781
2026-07-21T14:05:12Z,This Cheap Build DESTROYS the New Legion | 3.29 League Starter,aer0,https://www.youtube.com/watch?v=9JlXC_nTF8Y,2026-07-21T09:00:03Z,7381,1230.17,1424.53,25906,2026-07-22T19:27:27Z,25906
2026-07-21T19:38:37Z,FLAMEWOOD TOTEMS! My League Starter Act 1 to 10 Leveling Guide | PoE 3.29,Jorgen,https://www.youtube.com/watch?v=X6S1-OL9GJY,2026-07-21T12:12:17Z,6026,810.06,810.06,9948,2026-07-22T08:36:22Z,9948
2026-07-21T19:38:37Z,My Spectre League Starter for 3.29 Allflame! - PoE 1 Build Guide,GhazzyTV,https://www.youtube.com/watch?v=3JzWWN28ECI,2026-07-21T15:26:31Z,5230,871.67,1103.25,25069,2026-07-23T08:37:58Z,25069
2026-07-21T19:38:37Z,Farm Strat Tier List for PoE 1 3.29,Path of Evening,https://www.youtube.com/watch?v=JGeTJN6sazY,2026-07-21T12:00:03Z,9363,1225.07,1225.07,19655,2026-07-23T03:23:41Z,19655
2026-07-21T19:38:37Z,3.29 League Starter Build Tier List - Path of Exile 1 - Curse of the Allflame League,AsmodeusClips,https://www.youtube.com/watch?v=LVYCeoLIAyo,2026-07-21T13:00:39Z,12787,1927.84,1927.84,40456,2026-07-23T03:23:41Z,40456
2026-07-21T19:38:37Z,The Best League Start Builds in 3.29 Curse of the Allflame - Path of Exile 1,Fubgun,https://www.youtube.com/watch?v=lOnHH393bhQ,2026-07-21T15:33:52Z,23196,3866.0,5867.12,130268,2026-07-23T08:37:58Z,130268
2026-07-22T03:16:59Z,These Builds Got INSANE BUFFS! in PoE 3.29 | Path of Exile Curse of the Allflame,GorathaRecaps,https://www.youtube.com/watch?v=8iuPfFfKIpo,2026-07-21T16:00:18Z,6368,564.62,564.62,11470,2026-07-22T14:08:23Z,11470
2026-07-22T03:16:59Z,OUR STARTER BUILD IN 3.29 LEAGUE - SYNTHESIS ITEMS ARE GONE- RELIQUARIAN- ASSASSIN- OR MAYBE SLAYER?,MAGEFIST,https://www.youtube.com/watch?v=ZxXjPVJQyk8,2026-07-21T12:28:31Z,48524,3276.87,3276.87,69303,2026-07-23T03:23:41Z,69303
2026-07-22T03:16:59Z,This build will be the META! - Winter Orb Elementalist Build Guide [PoE 3.29],Zizaran,https://www.youtube.com/watch?v=OZypCJ-5Bog,2026-07-21T20:31:15Z,49320,7293.18,7293.18,108641,2026-07-23T08:37:58Z,108641
2026-07-22T08:36:22Z,[POE] 패스파인더 슈프림 맹독성 비 가이드 All-in-One | 3.29 올플레임의 저주,Arserina 아르,https://www.youtube.com/watch?v=ikfI3iF0oik,2026-07-21T23:00:07Z,2571,267.69,267.69,2571,2026-07-22T08:36:22Z,2571
2026-07-22T08:36:22Z,Crie sua PRÓPRIA BUILD #1 - Se Aventurando no POB,Escola do Exilado,https://www.youtube.com/watch?v=n3vYxARli90,2026-07-21T22:14:36Z,4226,407.8,407.8,4226,2026-07-22T08:36:22Z,4226
2026-07-22T08:36:22Z,11 СТАРТОВЫХ БИЛДОВ ДЛЯ ЛИГИ НА КОТОРЫХ Я БЫ ПОИГРАЛ · Path of Exile 3.29 Curse of the Allflame,Vurman PoE / Нарезки,https://www.youtube.com/watch?v=c219jf7VOaY,2026-07-22T00:45:19Z,3248,413.71,413.71,3248,2026-07-22T08:36:22Z,3248
2026-07-22T08:36:22Z,Huge SRS Buffs Are Coming For PoE 1 Curse Of The Allflame?,BalorMage,https://www.youtube.com/watch?v=SX_52aI8Pws,2026-07-21T18:19:22Z,11216,785.24,785.24,15781,2026-07-23T03:23:41Z,15781
2026-07-22T08:36:22Z,1 Divine Build Temporalis Run,Yangmal,https://www.youtube.com/watch?v=GMlqr7vZfEk,2026-07-22T00:44:30Z,6659,846.71,986.86,27395,2026-07-23T14:14:22Z,27395
2026-07-22T08:36:22Z,LIVESTREAM - POE 1 3.29 PATCH NOTES UPDATED - SPELL DOT BUFFS - Path of Exile -Curse of the Allflame,sirgog,https://www.youtube.com/watch?v=coTzeRSmo-Q,2026-07-22T01:11:01Z,11517,1551.61,1551.61,17871,2026-07-23T03:23:41Z,17871
2026-07-22T14:08:23Z,"Who is Tangmazu, The Raven Trickster? | Path Of Exile 2 Lore",Lore Of Exile,https://www.youtube.com/watch?v=jWEySRnlWxs,2026-07-22T05:36:06Z,4580,536.42,560.99,10440,2026-07-23T03:23:41Z,10440
2026-07-22T14:08:23Z,Luminary Leaguestarter 1-100 Guide,Oscrix,https://www.youtube.com/watch?v=eTq8Kn2GSW4,2026-07-21T20:29:03Z,10192,577.27,577.27,12014,2026-07-22T19:27:27Z,12014
2026-07-22T14:08:23Z,"POE 1 - 3.29 Teasers Day 17: DOT Buffs, 3 Keystones & More - Path of Exile Curse of the Allflame",sirgog,https://www.youtube.com/watch?v=ZTdCt0azPSo,2026-07-22T12:08:58Z,3758,626.33,1666.49,18714,2026-07-23T14:14:22Z,18714
2026-07-22T14:08:23Z,[PoE 3.29] Even STRONGER Now! Holy Absolution Guardian Build - League Starter Guide - Path of Exile,ronarray,https://www.youtube.com/watch?v=k6xZ3LckqtM,2026-07-21T23:06:00Z,13525,899.28,899.28,25819,2026-07-23T14:14:22Z,25819
2026-07-22T14:08:23Z,CWS Chieftain Zero to Hero Guide | 3.29 Path of Exile: Curse of the Allflame,emiracle,https://www.youtube.com/watch?v=2fMifC2ZAao,2026-07-22T01:27:02Z,16231,1279.12,1279.12,27430,2026-07-23T14:14:22Z,27430
2026-07-22T14:08:23Z,Spellslinger x Cold DoT Elementalist League Start Build Guide [Path of Exile 3.29],jungroan,https://www.youtube.com/watch?v=a0qmdTU8PLI,2026-07-22T11:34:57Z,11632,1938.67,4620.5,76319,2026-07-23T19:25:42Z,76319
2026-07-22T14:08:23Z,Top 10 of the BEST Starters for PoE 3.29 Curse of the Allflame,ds lily,https://www.youtube.com/watch?v=lfqXQ2rdJbI,2026-07-22T05:51:16Z,25244,3046.84,3046.84,60839,2026-07-23T19:25:42Z,60839
2026-07-22T14:08:23Z,I Looted the Ocean While My Mercenary Did All the Work - CURSE OF THE ALLFLAME Early Hands On,ZiggyD Gaming,https://www.youtube.com/watch?v=BUhy78_RgF0,2026-07-22T08:38:18Z,34747,5791.17,6662.64,105513,2026-07-23T19:25:42Z,105513
2026-07-22T19:27:27Z,BEST POE 3.29 League Starter Builds in Path of Exile 1 Allflame,Fubgun Builds,https://www.youtube.com/watch?v=b-jdd8Z2ZDk,2026-07-22T06:13:43Z,7275,549.93,596.14,12618,2026-07-23T03:23:41Z,12618
2026-07-22T19:27:27Z,Farm League Start Currency With DELVE! - PoE 1 3.29,Path of Evening,https://www.youtube.com/watch?v=Edu-Z2M2Qqc,2026-07-22T12:00:13Z,6487,870.27,870.27,8970,2026-07-23T03:23:41Z,8970
2026-07-23T03:23:41Z,[3.29] BLEED SLAMS Slayer: Build Guide — Perforate of Bloodshed & Hydrosphere Edition [PoE],PhazePlays,https://www.youtube.com/watch?v=PGj3Pcq4HFY,2026-07-22T23:47:07Z,4679,779.83,1199.86,24912,2026-07-24T08:34:14Z,24912
2026-07-23T03:23:41Z,Path of Exile 1: Curse of the Allflame Voyage Deep Dive,Path of Exile,https://www.youtube.com/watch?v=SCAAl94bJLo,2026-07-22T22:31:56Z,44354,7392.33,7582.02,113735,2026-07-24T08:34:14Z,113735
2026-07-23T08:37:58Z,"Новости PoE 1 | Баффы ДоТа, обновления патчноута и планы по стартеру | ПоЕ 3.29 Проклятие Всепламени",unstabb,https://www.youtube.com/watch?v=S6x0662T-5I,2026-07-22T18:18:11Z,8383,585.0,585.0,8383,2026-07-23T08:37:58Z,8383
2026-07-23T08:37:58Z,This Path of Exile 2 News is Pretty Huge,Talkative Tri,https://www.youtube.com/watch?v=YZPrvKQZulQ,2026-07-22T20:26:44Z,7288,597.99,597.99,7288,2026-07-23T08:37:58Z,7288
2026-07-23T08:37:58Z,Path of Exile 1: Curse of the Allflame Voyage Deep Dive,Path of Exile,https://www.youtube.com/watch?v=PAh1qXA7EQc,2026-07-23T04:00:05Z,4267,711.17,866.86,16499,2026-07-24T08:34:14Z,16499
2026-07-23T08:37:58Z,[PoE 3.29] SMOOTH Starter! Shockwave CYCLONE Slayer Build - League Starter Guide - Path of Exile,ronarray,https://www.youtube.com/watch?v=x_USZOU-jnY,2026-07-23T00:43:24Z,6526,825.07,825.07,17582,2026-07-24T03:17:55Z,17582
2026-07-23T08:37:58Z,Scorching Ray Buff is Massive for 3.29 | Path of Exile: Curse of the Allflame,Dreamcore,https://www.youtube.com/watch?v=l0VA3we9rJ0,2026-07-22T17:14:53Z,19243,1250.77,1250.77,23970,2026-07-24T03:17:55Z,23970
2026-07-23T08:37:58Z,Blade Fall Blade Blast Slinger Assassin Leaguestart Build Guide 3.29 - Path of Exile,Ky - Path of Exile,https://www.youtube.com/watch?v=d3fCmCBM0F0,2026-07-23T01:57:15Z,12247,1833.71,1919.32,52657,2026-07-24T08:34:14Z,52657
2026-07-23T08:37:58Z,MY LEAGUE STARTER TIERLIST FOR 3.29 CURSE OF THE ALLFLAME - Path of Exile 1,Spicysushi PoE,https://www.youtube.com/watch?v=Et9PHqMxGa8,2026-07-23T06:09:37Z,12215,2035.83,6124.74,130361,2026-07-24T13:55:48Z,130361
2026-07-23T08:37:58Z,Luminary Merc Bot Leaguestarter Build Guide,CaptainLance9,https://www.youtube.com/watch?v=a5RWEyNW_DU,2026-07-22T17:21:06Z,33120,2167.35,2167.35,58087,2026-07-24T03:17:55Z,58087
2026-07-23T14:14:22Z,СЕКРЕТЫ Poe 1 на сюжетке ! Скрытые локации с самым важным лутом для стартовой валюты! Path of exile,Skladic,https://www.youtube.com/watch?v=mW647vOLyBY,2026-07-23T10:57:35Z,3551,591.83,1223.46,30487,2026-07-24T13:55:48Z,30487
2026-07-23T14:14:22Z,패스오브엑자일1 3.29 예상 TOP4 직업,핵슬톡,https://www.youtube.com/watch?v=vm9Pr53l21o,2026-07-23T07:56:47Z,5129,815.01,815.01,7375,2026-07-23T19:25:42Z,7375
2026-07-23T14:14:22Z,POE1 - Act 1-10 RF Walkthrough,Pohx,https://www.youtube.com/watch?v=z4TzAXuYDMM,2026-07-22T21:01:13Z,15736,913.86,913.86,16645,2026-07-23T19:25:42Z,16645
2026-07-23T14:14:22Z,POE 1 - 3.29 Teasers Day 18: Remaining Gems & Mechanic Preview - Path of Exile Curse of the Allflame,sirgog,https://www.youtube.com/watch?v=wKDIBli-8FU,2026-07-23T08:00:51Z,8477,1361.68,1361.68,16702,2026-07-24T13:55:48Z,16702
2026-07-23T14:14:22Z,PoE 3.29 Atlas Progression Guide,Tytykiller,https://www.youtube.com/watch?v=Gt4Tod3Qu5Y,2026-07-23T10:32:17Z,8881,1480.17,3833.96,61904,2026-07-24T13:55:48Z,61904
2026-07-23T19:25:42Z,Penance Brand Ignite Elementalist League Starter Guide | PoE 3.29,anime princess,https://www.youtube.com/watch?v=EOjw8h43-bk,2026-07-23T11:02:12Z,6551,780.63,780.63,16925,2026-07-24T13:55:48Z,16925
2026-07-23T19:25:42Z,PoE1 - 3.29 Act 1-10 Full Campaign Run with Righteous Fire Chieftain,Pohx,https://www.youtube.com/watch?v=c1TrfFVEGSg,2026-07-23T13:30:40Z,6743,1123.83,1123.83,22898,2026-07-24T19:37:01Z,22898
2026-07-23T19:25:42Z,PoE Streamers Are Roasting Each Other Again,Exiled Again,https://www.youtube.com/watch?v=NUzglBtOjUk,2026-07-22T13:00:00Z,37349,1227.43,1227.43,37349,2026-07-23T19:25:42Z,37349
2026-07-23T19:25:42Z,How to Level as Winter Orb Elementalist in Campaign - Path of Exile 1,Fubgun,https://www.youtube.com/watch?v=QNfIrVN-W44,2026-07-23T15:02:41Z,15780,2630.0,3374.42,69365,2026-07-24T19:37:01Z,69365
2026-07-23T19:25:42Z,These NEW Patch Notes are looking JUICY!! [PoE1 3.29],Zizaran,https://www.youtube.com/watch?v=MiLMOmhLNS0,2026-07-23T12:30:27Z,58945,8516.72,8516.72,96917,2026-07-24T08:34:14Z,96917
2026-07-24T03:17:55Z,Kingsmarch Guide for Allflame League Start - PoE 1 3.29,Path of Evening,https://www.youtube.com/watch?v=5AvCsPxKHqM,2026-07-23T12:00:08Z,12714,831.17,831.17,15177,2026-07-24T13:55:48Z,15177
2026-07-24T03:17:55Z,3.29 Guide - Atlas + Build = Currency. Dozens Of Paths To Get Rich In POE 1 - Path Of Exile,sirgog,https://www.youtube.com/watch?v=nPZqsG9Yn2s,2026-07-23T17:19:39Z,10762,1079.31,1079.31,19579,2026-07-24T19:37:01Z,19579
2026-07-24T03:17:55Z,[PoE 3.29] My Starter! EK IGNITE Elementalist Build - League Starter + Leveling - Path of Exile,ronarray,https://www.youtube.com/watch?v=tlK_BllLBL8,2026-07-23T21:19:39Z,8626,1437.67,1608.32,35849,2026-07-24T19:37:01Z,35849
2026-07-24T03:17:55Z,PoE1 - 3.29 Righteous Fire Chieftain League Start Guide,Pohx,https://www.youtube.com/watch?v=aXDVnydIXJw,2026-07-23T22:18:06Z,11900,1983.33,2384.86,24490,2026-07-24T08:34:14Z,24490
2026-07-24T03:17:55Z,Path of Exile 1: Curse of the Allflame Challenge Rewards,Path of Exile,https://www.youtube.com/watch?v=5_05mNyIg-c,2026-07-24T01:39:08Z,19457,3242.83,7604.78,116206,2026-07-25T03:16:12Z,116206
2026-07-24T03:17:55Z,Path of Exile 1: Curse of the Allflame - Luminary Showcase,Path of Exile,https://www.youtube.com/watch?v=_CiNRHX6roU,2026-07-23T23:28:08Z,43127,7187.83,9133.74,123162,2026-07-24T19:37:01Z,123162
2026-07-24T08:34:14Z,Rating Top PoE 3.29 League Starter Builds - Curse of the Allflame,ds lily,https://www.youtube.com/watch?v=ay5dm_yRTdU,2026-07-23T20:49:49Z,19330,1646.46,1744.12,39743,2026-07-24T19:37:01Z,39743
2026-07-24T08:34:14Z,3 INSANE Starters for Curse of the Allflame.,Ruetoo,https://www.youtube.com/watch?v=v4eOWYUa9Wo,2026-07-23T14:14:15Z,75286,4106.55,4106.55,108173,2026-07-24T19:37:01Z,108173
2026-07-24T13:55:48Z,Новости PoE 1 | Разбор новых гемов и подробности по лигмеханике | ПоЕ 3.29 Проклятие Всепламени,unstabb,https://www.youtube.com/watch?v=RFp1ChBx6S0,2026-07-23T18:17:51Z,8507,433.31,433.31,8507,2026-07-24T13:55:48Z,8507
2026-07-24T13:55:48Z,How to Progress your Atlas in 3.29 Allflame League - Path of Exile 1,Fubgun,https://www.youtube.com/watch?v=k1txoPdP3Xs,2026-07-24T13:00:12Z,4375,729.17,4471.39,44477,2026-07-25T08:14:04Z,44477
2026-07-24T13:55:48Z,The Build No One Is Talking About - Whispering Tendrils Elementalist - MY League Starter - Poe 3.29,Master T,https://www.youtube.com/watch?v=POs8F63fhr4,2026-07-24T00:52:54Z,12045,923.09,923.09,20085,2026-07-25T03:16:12Z,20085
2026-07-24T13:55:48Z,POE 1 - 3.29 Teasers Day 19: Last Teaser Day. Occultist Buffed - Path of Exile Curse of the Allflame,sirgog,https://www.youtube.com/watch?v=4xbGbBjode8,2026-07-24T10:38:38Z,6981,1163.5,1513.72,14903,2026-07-25T08:14:04Z,14903
2026-07-24T13:55:48Z,"Stalling Podcast For Curse Of The Allflame With Zizaran, Quin & Steelmage",Mathilification,https://www.youtube.com/watch?v=nx2PRwSdFlE,2026-07-24T02:20:53Z,15362,1326.35,1496.72,29351,2026-07-25T03:16:12Z,29351
2026-07-24T13:55:48Z,🔥 5 More Cool Path Of Exile 1 League Starter Builds To Check Out | Curse of the Allflame League 3.29,Jorgen,https://www.youtube.com/watch?v=Ndv6CzPWgQI,2026-07-24T08:28:30Z,12511,2085.17,2315.26,37870,2026-07-25T08:14:04Z,37870
2026-07-24T19:37:01Z,Гайд на стартовую сборку Огненный шторм Элементалистка - билд для сюжетки poe 1 | Path of exile 1,Skladic,https://www.youtube.com/watch?v=0Ud7pbBvnk4,2026-07-24T13:10:49Z,2503,388.85,388.85,4460,2026-07-25T08:14:04Z,4460
2026-07-24T19:37:01Z,[0.5] TOP 10 PoE 2 BUILDS FOR PATH OF EXILE RETURN OF THE ANCIENTS - PoE 2 Builds #pathofexile2,Path of Exile Builds,https://www.youtube.com/watch?v=Y9gZS_EHi1s,2026-07-23T14:33:18Z,15023,516.93,516.93,15023,2026-07-24T19:37:01Z,15023
2026-07-24T19:37:01Z,The Strongest Underdog of Minion Builds - Physical Soulwrest - League Start Build Guide Poe 3.29,Master T,https://www.youtube.com/watch?v=_Ie1BcYp5ms,2026-07-23T13:28:27Z,22267,738.71,738.71,22267,2026-07-24T19:37:01Z,22267
2026-07-24T19:37:01Z,[PoE 3.29] Day 1 Atlas Progression Guide & Destructive Play Mercenary Strat | Curse of the Allflame,Lazy Exile,https://www.youtube.com/watch?v=KJjuO7u9IHI,2026-07-24T11:59:27Z,6122,802.75,802.75,7868,2026-07-25T08:14:04Z,7868
2026-07-24T19:37:01Z,PoE 3.29 Best League Starter Builds Flow Chart - Curse of the Allfflame,ds lily,https://www.youtube.com/watch?v=q8n7x4oE2Hc,2026-07-23T19:10:37Z,31659,1295.36,1295.36,31659,2026-07-24T19:37:01Z,31659
2026-07-24T19:37:01Z,MF Righteous Fire Chieftain - League start Progression & Crafting Guide [3.29 Curse of the Allflame],Spicysushi PoE,https://www.youtube.com/watch?v=7btowEqohyc,2026-07-23T23:57:16Z,35675,1814.35,1814.35,35675,2026-07-24T19:37:01Z,35675
2026-07-24T19:37:01Z,[PoE 3.29] 10+ GREAT League Starter Builds for Curse of the Allflame - Path of Exile,ronarray,https://www.youtube.com/watch?v=oaSihU9KnSU,2026-07-24T12:34:34Z,25995,3691.92,3691.92,54193,2026-07-25T08:14:04Z,54193
2026-07-25T03:16:12Z,Başlangıç buildı için kararsızsan... İşte cevabın! - Curse of the Allflame - Path of Exile 1,Caner Jhonnie Güngörür,https://www.youtube.com/watch?v=HWhiTaNwAhw,2026-07-24T07:58:32Z,3723,192.96,192.96,3839,2026-07-25T08:14:04Z,3839
2026-07-25T03:16:12Z,[3.29] The Free Mageblood Build (Fast Autobomber) Path of Exile Curse of the Allflame,Phoenix,https://www.youtube.com/watch?v=ywuik7oNGa8,2026-07-24T14:31:57Z,2579,202.47,202.47,2847,2026-07-25T08:14:04Z,2847
2026-07-25T03:16:12Z,Path of Exile | Assassin Winter Orb Is Insane! League Start Day 1 (PoE 3.29 Shadow),SiahZ,https://www.youtube.com/watch?v=kv7F4ObVmfc,2026-07-25T02:36:57Z,1341,223.5,278.83,1958,2026-07-25T19:15:54Z,1958
2026-07-25T03:16:12Z,TOP BUILDS League Starter - Path of Exile 3.29 Curse of the Allflame!,kalibar,https://www.youtube.com/watch?v=KIoObcdOHnE,2026-07-24T14:59:27Z,2887,235.11,235.11,2950,2026-07-25T13:46:17Z,2950
2026-07-25T03:16:12Z,Is Rarity Still a Problem in Patch 0.5? w/ @snoobae8553 - The Path 2 Exile Podcast Ep. 53,MisoxShiru,https://www.youtube.com/watch?v=oQ-5Hm2wpNY,2026-07-24T01:37:13Z,6545,255.17,255.17,6545,2026-07-25T03:16:12Z,6545
2026-07-25T03:16:12Z,My Minion League Starter Build Guide Updates in 3.29 - Curse of the Allflame - Path of Exile 1,Helm Breaker,https://www.youtube.com/watch?v=-kpkIeotT5k,2026-07-24T14:47:40Z,3407,273.09,273.09,3754,2026-07-25T08:14:04Z,3754
2026-07-25T03:16:12Z,[PoE] This Could Be The Strongest End Game Build In 3.29,Carnarius,https://www.youtube.com/watch?v=SYtx4UHqHcw,2026-07-24T15:18:47Z,4172,348.92,348.92,4974,2026-07-25T13:46:17Z,4974
2026-07-25T03:16:12Z,[PoE 1] THE MOST NEW PLAYER FRIENDLY BUILD. Patch 3.29 - Curse of the Allflame -,POEGuy,https://www.youtube.com/watch?v=5H4pQFgp5p4,2026-07-24T13:25:40Z,9040,653.07,653.07,9804,2026-07-25T08:14:04Z,9804
2026-07-25T03:16:12Z,"Guildrun, WC3, Path of Exile 1 -  LIVE - Grubby - 24-July-2026",GrubbyStreams,https://www.youtube.com/watch?v=K1O3aNro86M,2026-07-24T23:28:11Z,5367,894.5,894.5,6007,2026-07-25T19:15:54Z,6007
2026-07-25T03:16:12Z,POE 1 Huge update - MAGE TIME - !poe1 Path of Exile 1 #ad,BarbarousKing,https://www.youtube.com/watch?v=hQgpOdW0wZ4,2026-07-25T00:06:46Z,7248,1208.0,1208.0,7499,2026-07-25T19:15:54Z,7499
2026-07-25T03:16:12Z,Path of Exile 1: Curse of the Allflame Mystery Box,Path of Exile,https://www.youtube.com/watch?v=S_dA1ippIFM,2026-07-24T22:50:58Z,16861,2810.17,3056.2,40861,2026-07-25T13:46:17Z,40861
2026-07-25T08:14:04Z,🔥 League Start Day 1 - Flamewood Totem Hierophant,Jorgen,https://www.youtube.com/watch?v=t-zGw6KngAU,2026-07-24T18:08:23Z,1972,139.91,386.33,2503,2026-07-26T03:30:20Z,2503
2026-07-25T08:14:04Z,POE 1 - 3.29 Teasers - DATAMINED VESTIGAL UNIQUES - Path of Exile Curse of the Allflame,sirgog,https://www.youtube.com/watch?v=NgftS5YNNNg,2026-07-24T19:40:54Z,2557,203.7,203.7,2928,2026-07-25T13:46:17Z,2928
2026-07-25T08:14:04Z,Meccha Chameleon WITH CHAT,BarbarousKing,https://www.youtube.com/watch?v=fr_Hpt5yLms,2026-07-25T03:23:29Z,2169,361.5,361.5,2402,2026-07-25T13:46:17Z,2402
2026-07-25T08:14:04Z,Essa Build Vai Te TRAUMATIZAR - Nova Liga do Path of Exile 1,Escola do Exilado,https://www.youtube.com/watch?v=NjBcMUJOpaE,2026-07-25T03:34:49Z,14173,2362.17,2362.17,14761,2026-07-25T19:15:54Z,14761
2026-07-25T13:46:17Z,[POE 3.29] 워든 파장의 원소의 일격 | 활 스타터 1일차 오픈런,김김두부,https://www.youtube.com/watch?v=q3Wfra9YF9Y,2026-07-24T23:30:01Z,871,61.03,61.03,871,2026-07-25T13:46:17Z,871
2026-07-25T13:46:17Z,COMEÇOU! Nova Liga Curse of the Allflame | Path of Exile 1 | Progressão do Zero,ChibaTTV,https://www.youtube.com/watch?v=K-bcUHdAqA4,2026-07-25T06:11:48Z,464,61.26,61.26,464,2026-07-25T13:46:17Z,464
2026-07-25T13:46:17Z,#pathofexile l Path of Exile 1 3.29 l Ep.1 สักหน่อยละกัน ไม่ได้เล่นมา 20+ ลีค,bAllz HD,https://www.youtube.com/watch?v=uKBlAfQEGI0,2026-07-25T09:30:50Z,379,63.17,63.17,379,2026-07-25T13:46:17Z,379
2026-07-25T13:46:17Z,"Path Of Exile 1: New Expansion  Curse of the Allflame, Earthquake Gladiator!",Zaric Zhakaron,https://www.youtube.com/watch?v=uf6sXZCfwMA,2026-07-25T13:14:52Z,402,67.0,82.93,499,2026-07-25T19:15:54Z,499
2026-07-25T13:46:17Z,🔴DAY 1 LOGIN - ALLFLAME - POE 3.29 - 1440p60fps,Pyrelics Gaming,https://www.youtube.com/watch?v=CaI7It5oM1s,2026-07-24T22:00:06Z,1324,83.96,83.96,1324,2026-07-25T13:46:17Z,1324
2026-07-25T13:46:17Z,Ice Spear Totems | League Start | PoE 3.29 | Livestream 1,ImSidVicious,https://www.youtube.com/watch?v=T7sov24Jz4A,2026-07-25T08:00:51Z,697,116.17,116.17,769,2026-07-25T19:15:54Z,769
2026-07-25T13:46:17Z,Path Of Exile Bot 2026: Auto-Farm Currency & Maps Fast ⚔️ (ExiledBot Setup Guide & Test),pandaktik,https://www.youtube.com/watch?v=6uhrDo2-rrw,2026-07-24T19:11:06Z,2317,124.66,124.66,2317,2026-07-25T13:46:17Z,2317
2026-07-25T13:46:17Z,"Yay! PoE 1 | Curse of the Allflame Expansion TODAY! | No SRS this season, Earthquake Gladiator!",Zaric Zhakaron,https://www.youtube.com/watch?v=XpuqqHHt8W4,2026-07-25T07:03:00Z,891,132.56,132.56,947,2026-07-26T03:30:20Z,947
2026-07-25T13:46:17Z,MARATON POE 1: Curse of the Allflame 3.29 🔥Sprawdź !holy 🔥 Taniej gry na !instant🔥!mchose #ad,Nadin Wins,https://www.youtube.com/watch?v=6xPVTu_TWnE,2026-07-25T04:46:26Z,3476,386.33,386.33,3511,2026-07-25T19:15:54Z,3511
2026-07-25T13:46:17Z,🔴 POE 3.29 Day 1 เปิดลีคใหม่ด้วย Cold DoT Elementalist,SoNice,https://www.youtube.com/watch?v=uRNlrqWBkbI,2026-07-25T05:01:22Z,8283,946.77,946.77,8479,2026-07-25T19:15:54Z,8479
2026-07-25T19:15:54Z,【POE2】ボイス1/640ってマ🙄？ボイス調査隊いきますｗ　#poe2 #pathofexile2  #ぽえ2,しゅん / shun,https://www.youtube.com/watch?v=z4-1p25erTs,2026-07-25T07:50:24Z,675,59.08,59.08,675,2026-07-25T19:15:54Z,675
2026-07-25T19:15:54Z,Death Aura | La vie d'un exilé #1 | Path of Exile Curse of the Allflame,Chtitou,https://www.youtube.com/watch?v=k_2Hs8hqCkM,2026-07-25T10:53:17Z,833,99.44,99.44,1318,2026-07-26T03:30:20Z,1318
2026-07-25T19:15:54Z,🔴 AO VIVO - Curse of the Allflame - Dia 1,Jogatinas Saudáveis,https://www.youtube.com/watch?v=XztjrzvCclY,2026-07-25T05:06:45Z,1686,119.13,119.13,1686,2026-07-25T19:15:54Z,1686
2026-07-25T19:15:54Z,Finalmente Joguei Minha Primeira Liga de Path of Exile (Nova Série #1),Breno MMO,https://www.youtube.com/watch?v=cE-68t9IIC4,2026-07-25T11:00:10Z,1157,140.03,140.03,1867,2026-07-26T03:30:20Z,1867
2026-07-25T19:15:54Z,PoE 1 | A Ghost & Pirate Now Serve Me?! A Support's Journey - Luminary Aurabot Build Guide,Allie,https://www.youtube.com/watch?v=EwsoXykJreg,2026-07-25T13:53:34Z,1639,273.17,273.17,3910,2026-07-26T08:33:18Z,3910
2026-07-25T19:15:54Z,⚔️ Scion Luminary League Start! | Learning the New Ascendancy LIVE | PoE 1,Diztoh,https://www.youtube.com/watch?v=008gqjBGajI,2026-07-25T07:09:53Z,4208,347.76,347.76,4370,2026-07-26T03:30:20Z,4370
2026-07-25T19:15:54Z,PoE 3.29 | SHOCKWAVE CYCLONE IS OP! – PoE Builds – Path of Exile Curse of the Allflame League,Path of Exile Builds,https://www.youtube.com/watch?v=OxZVWXuRXh0,2026-07-25T13:01:46Z,2591,415.51,415.51,5020,2026-07-26T03:30:20Z,5020
2026-07-25T19:15:54Z,Eu Criei a PIOR LEAGUESTART do Path of Exile 1 - Dia 1 - Allflame 3.29,Escola do Exilado,https://www.youtube.com/watch?v=aL7lWb9c6CM,2026-07-25T14:15:23Z,2984,497.33,497.33,6084,2026-07-26T08:33:18Z,6084
2026-07-25T19:15:54Z,Luminary Merc Bot Day 1 Update,CaptainLance9,https://www.youtube.com/watch?v=WvpA2ALdC_M,2026-07-25T14:21:11Z,12087,2014.5,2429.41,38857,2026-07-26T08:33:18Z,38857
2026-07-25T19:15:54Z,"3.29 Launch, worb elementalist - !build !filter poe1",Fubgun,https://www.youtube.com/watch?v=iXyS9iwOFbw,2026-07-25T11:13:17Z,65112,8094.7,8094.7,65112,2026-07-25T19:15:54Z,65112
2026-07-26T03:30:20Z,Path of Exile 1 - Cyclone Slayer Deletando TUDO na Nova Liga,Mano Imp,https://www.youtube.com/watch?v=FX0nagPrk6Y,2026-07-25T20:40:47Z,516,75.59,75.59,531,2026-07-26T08:33:18Z,531
2026-07-26T03:30:20Z,1 MILLION DPS ALREADY | Day 01 Update | LACERATE BLEED GLADIATOR | PoE 3.29,KOSX_01,https://www.youtube.com/watch?v=tUmp5l9O_xA,2026-07-25T22:15:21Z,485,80.83,144.43,2954,2026-07-26T19:18:41Z,2954
2026-07-26T03:30:20Z,"Reliquarian Fire Mage Day 1 Update, Flame surge damage Slap! [Path of exile 1 3.29]",LLYD,https://www.youtube.com/watch?v=QXVkS7RzjGg,2026-07-25T16:58:00Z,1056,100.2,100.2,1295,2026-07-26T08:33:18Z,1295
2026-07-26T03:30:20Z,[DIA 1] DE LAS MEJORES STARTER QUE USÉ! | Path of exile 3.29,BuBahz,https://www.youtube.com/watch?v=BoBTyPG4SrU,2026-07-25T20:16:39Z,938,129.77,129.77,938,2026-07-26T03:30:20Z,938
2026-07-26T03:30:20Z,[PoE] 流亡黯道 3.29 亡焰咒海 #1 新季開荒 女巫都玩凜冬球？ Curse of the Allflame! Winter Orb Witch is a MUST?,Wabi蛙比わび,https://www.youtube.com/watch?v=DQcxM09F9ew,2026-07-25T23:34:13Z,978,163.0,163.0,993,2026-07-26T08:33:18Z,993
2026-07-26T03:30:20Z,[PoE 3.29] Wintertide Brand BUFF delivers the best Day 1 ever | Curse of the Allflame,Lazy Exile,https://www.youtube.com/watch?v=BnZvgn1L-J0,2026-07-25T22:13:50Z,2266,377.67,405.83,7661,2026-07-26T19:18:41Z,7661
2026-07-26T03:30:20Z,PoE 1 | 3.29 CotA - Day 1 Stream Highlights,Pohx,https://www.youtube.com/watch?v=7T-LwPBZwMQ,2026-07-25T13:00:16Z,10123,698.08,698.08,11760,2026-07-26T08:33:18Z,11760
2026-07-26T03:30:20Z,Path of Exile 1 💜 Hardcore - Solo Self Found 💛 @FerretsLive !Heartbound !Website !TTS,Pirate Software,https://www.youtube.com/watch?v=yWjyt5ArWQg,2026-07-25T20:06:20Z,5460,737.83,737.83,5778,2026-07-26T13:41:21Z,5778
2026-07-26T03:30:20Z,My League Starter Plans For Assassin CoC Soulrend With The New OP Bifuricate Ascend Node - 72 So Far,Mathilification,https://www.youtube.com/watch?v=w7yIaZWbNgk,2026-07-25T11:33:29Z,13985,876.94,876.94,13985,2026-07-26T03:30:20Z,13985
2026-07-26T03:30:20Z,Essa Build Vai Te TRAUMATIZAR - Nova Liga do Path of Exile 1,Escola do Exilado,https://www.youtube.com/watch?v=yb8wQajTaSo,2026-07-26T00:17:06Z,5790,965.0,965.0,6092,2026-07-26T19:18:41Z,6092
2026-07-26T03:30:20Z,Are Charts Worth Your Time? PoE 3.29,Path of Evening,https://www.youtube.com/watch?v=e2DzRjTdmuQ,2026-07-25T15:02:05Z,24967,2002.02,2002.02,31088,2026-07-26T08:33:18Z,31088
2026-07-26T08:33:18Z,[Path of Exile 3.29] ⚔️ Cyclone Shockwave Slayer ⚔️ Day 1/2 Update,Sanavixx,https://www.youtube.com/watch?v=1DyPar_uUxw,2026-07-26T07:14:28Z,266,44.33,369.99,7122,2026-07-27T10:00:33Z,7122
2026-07-26T08:33:18Z,TOP 10 MOST OP BUILDS IN 3.29! Path of Exile Builds | POE 3.29 Builds (NEW META),KaidGames2,https://www.youtube.com/watch?v=Al0Wjr1FxZM,2026-07-25T20:00:17Z,1083,86.29,86.29,1083,2026-07-26T08:33:18Z,1083
2026-07-26T08:33:18Z,PoE 3.29 - Making Currency with Harvest - My Day 1 Update,bLut,https://www.youtube.com/watch?v=nQJ6CLfuaTA,2026-07-25T20:59:04Z,2762,238.71,261.72,4372,2026-07-26T13:41:21Z,4372
2026-07-26T08:33:18Z,Mirror Wealth Starts on Day 1 | My League Start Investment Strategy (PoE 2),Keyson,https://www.youtube.com/watch?v=g4xtVUSyIKE,2026-07-25T19:31:45Z,3289,252.49,252.49,4036,2026-07-26T13:41:21Z,4036
2026-07-26T08:33:18Z,Spectres are REALLY GOOD in 3.29! - Day 1 Build Progression,GhazzyTV,https://www.youtube.com/watch?v=-P7iggyq098,2026-07-25T20:30:28Z,4141,343.73,343.73,5489,2026-07-26T13:41:21Z,5489
2026-07-26T08:33:18Z,League Start to Full clear Simulacrum 15 on day 1 highlights,emiracle,https://www.youtube.com/watch?v=RjaMYPMbrCg,2026-07-25T17:00:28Z,5982,384.76,384.76,5982,2026-07-26T08:33:18Z,5982
2026-07-26T08:33:18Z,[PoE 3.29] EK IGNITE Elementalist Build - DAY 1 DMG & Upgrade TIPS - League Starter - Path of Exile,ronarray,https://www.youtube.com/watch?v=cTf865o_gj0,2026-07-25T20:57:22Z,7568,652.47,652.84,10924,2026-07-26T13:41:21Z,10924
2026-07-26T08:33:18Z,One of my Best Starters Yet - Day 1 Build Update for Winter Orb - Path of Exile 1,Fubgun,https://www.youtube.com/watch?v=W0AnGpWnSFM,2026-07-26T04:40:54Z,15932,2655.33,4130.99,74239,2026-07-27T10:00:33Z,74239
2026-07-26T13:41:21Z,Kann PoE1 noch mit PoE2 mithalten? Mein ehrliches Fazit nach den ersten Stunden,KrushR,https://www.youtube.com/watch?v=pjJvvERdttU,2026-07-26T08:00:28Z,932,155.33,155.33,1516,2026-07-26T19:18:41Z,1516
2026-07-26T13:41:21Z,O Kitava CHOROU nessa Build (mas tem potencial?) - Dia 1 - Allflame 3.29,Escola do Exilado,https://www.youtube.com/watch?v=5UosMCjykN0,2026-07-25T18:15:12Z,3503,180.23,180.23,3503,2026-07-26T13:41:21Z,3503
2026-07-26T13:41:21Z,"[PoE 1] My DAY#1 Progress: T16 Showcase, Items, Common Mistakes, Reminders & More!",POEGuy,https://www.youtube.com/watch?v=DfcUieRrfkA,2026-07-26T09:36:36Z,1181,196.83,305.62,5321,2026-07-27T10:00:33Z,5321
2026-07-26T13:41:21Z,"Day 1 - Again, an amazing league start - PoE 3.29 CotA",Thyworm,https://www.youtube.com/watch?v=RL7jBKx2Eqk,2026-07-25T20:56:12Z,4011,239.43,239.43,4011,2026-07-26T13:41:21Z,4011
2026-07-26T13:41:21Z,I Became an Aurabot for My Mercenary! | PoE 1,Diztoh,https://www.youtube.com/watch?v=ps-lYx0pmes,2026-07-26T06:57:57Z,1748,259.99,259.99,1960,2026-07-26T19:18:41Z,1960
2026-07-26T13:41:21Z,[PoE 3.29] This Build OVER Delivered | Tanky + Big Damage | Lightning Conduit Elementalist Day 1,Telvanni PoE,https://www.youtube.com/watch?v=OJ8P64fg4D0,2026-07-26T04:34:04Z,2527,277.04,277.04,5692,2026-07-27T10:00:33Z,5692
2026-07-26T13:41:21Z,[PoE 1] The Most Currency I Made At The Path Of Exile League Start Ever!,Zen_M,https://www.youtube.com/watch?v=lQ_N5bXVhq4,2026-07-26T08:15:54Z,1849,308.17,482.68,8493,2026-07-27T10:00:33Z,8493
2026-07-26T13:41:21Z,Static Strike Slayer Day 1 Update | 3.29 Path of Exile,Alohaa,https://www.youtube.com/watch?v=CIo_qYiPYQE,2026-07-26T06:00:06Z,2457,319.61,319.61,6779,2026-07-27T10:00:33Z,6779
2026-07-26T13:41:21Z,Kinetic Fusillade Ballista Hierophant | Still Destroying the Game | Day 1 Update 3.29,Palsteron,https://www.youtube.com/watch?v=gg0DlGmcQbE,2026-07-26T09:34:15Z,4371,728.5,1038.42,14437,2026-07-27T03:38:06Z,14437
2026-07-26T13:41:21Z,Essence Drain Contagion IS Crazy! Day 1 Update 3.29 Curse of the Allflame,Goratha,https://www.youtube.com/watch?v=BPdFKSIBhKw,2026-07-26T02:24:07Z,14273,1264.52,1264.52,25947,2026-07-27T03:38:06Z,25947
2026-07-26T19:18:41Z,[PoE 3.29] SSF Bone Zerker Day 1 Update,smokie_777,https://www.youtube.com/watch?v=Hu59LoK94k0,2026-07-25T22:48:55Z,2625,128.07,128.07,2625,2026-07-26T19:18:41Z,2625
2026-07-26T19:18:41Z,Essence Drain Contagion DAY 1  -  Curse of the Allflame 3.29,b0b5,https://www.youtube.com/watch?v=Q4vkFnQ4zBw,2026-07-26T05:11:58Z,1831,129.75,129.75,1831,2026-07-26T19:18:41Z,1831
2026-07-26T19:18:41Z,6 Chaos orb ile T16 dönmek? - Curse of the Allflame - Path of Exile 1,Caner Jhonnie Güngörür,https://www.youtube.com/watch?v=PCyE0KLOhb4,2026-07-26T07:55:56Z,2224,195.44,195.44,2931,2026-07-27T10:00:33Z,2931
2026-07-26T19:18:41Z,GAME DEV Q/A 💜 Go Make Games 💛 !Heartbound !Website !TTS,Pirate Software,https://www.youtube.com/watch?v=13VX43RFaME,2026-07-26T07:10:20Z,4157,342.44,342.44,4157,2026-07-26T19:18:41Z,4157
2026-07-26T19:18:41Z,Are You The Villain in Path Of Exile 2?,Lore Of Exile,https://www.youtube.com/watch?v=iXu7umN3gbA,2026-07-26T07:03:35Z,6947,567.02,567.02,10165,2026-07-27T10:00:33Z,10165
2026-07-26T19:18:41Z,This Low Budget Winter Orb Destroyed the Endgame | PoE 3.29 Curse of the Allflame,Peuget2,https://www.youtube.com/watch?v=yB3SDLnEVHE,2026-07-26T11:00:20Z,7670,923.43,923.43,18055,2026-07-27T14:47:58Z,18055
2026-07-26T19:18:41Z,The strategies I used to farm Headhunter Day 1 - Path of Exile 1,Fubgun,https://www.youtube.com/watch?v=J2wqK79_RvY,2026-07-26T16:47:23Z,7030,1171.67,2680.61,49133,2026-07-27T19:42:12Z,49133
2026-07-27T03:38:06Z,Flame Wall Hierophant Was An Insanely Cheap And Effective League Starter For Me In PoE 3.29,Dr3adful,https://www.youtube.com/watch?v=BR9h2F45yWY,2026-07-26T18:23:36Z,1346,145.64,145.64,2694,2026-07-27T19:42:12Z,2694
2026-07-27T03:38:06Z,Lightning Arrow Deadeye & Voyage Strongbox Strat  - Easy Headhunter Day 2 Path of Exile 1 3.29,AlanStriker,https://www.youtube.com/watch?v=kD-FC519ZpY,2026-07-26T18:24:28Z,1488,161.26,213.18,5019,2026-07-27T19:42:12Z,5019
2026-07-27T03:38:06Z,Assassin CwC BV of the Scythe/Void Sphere of Rending - Day 1 Update | PoE 3.29,ThatsRealNeato,https://www.youtube.com/watch?v=gE7mvKYHm-Q,2026-07-26T07:18:53Z,6351,312.54,312.54,7099,2026-07-27T10:00:33Z,7099
2026-07-27T03:38:06Z,PoE 1 | 3.29 CotA - Day 2 Stream Highlights,Pohx,https://www.youtube.com/watch?v=MPz05Wz_PH8,2026-07-26T13:00:02Z,4930,336.88,336.88,6388,2026-07-27T14:47:58Z,6388
2026-07-27T03:38:06Z,POE 1 - 3.29 First Weekend - Divine 'Altar' Voyage Is Real. Path of Exile Curse of the Allflame,sirgog,https://www.youtube.com/watch?v=Wutv-KPmZMk,2026-07-26T16:50:39Z,8750,810.87,810.87,12818,2026-07-27T19:42:12Z,12818
2026-07-27T03:38:06Z,Ignite Herald Stacker Is Absolutely INSANE – Penance Brand Autobomber Build Guide | PoE 3.29,anime princess,https://www.youtube.com/watch?v=BeMOb1LHklM,2026-07-26T14:51:37Z,10908,853.87,853.87,15221,2026-07-27T14:47:58Z,15221
2026-07-27T03:38:06Z,Essa Build Vai Te TRAUMATIZAR - Nova Liga do Path of Exile 1,Escola do Exilado,https://www.youtube.com/watch?v=nxioP2fdx7Y,2026-07-27T01:34:29Z,6479,1079.83,1079.83,7106,2026-07-28T08:43:19Z,7106
2026-07-27T03:38:06Z,[POE 3.29] 42D PER HOUR Farm Strategy. I got Headhunter on Day 1. Ethereal Allflame,KingPinUwU,https://www.youtube.com/watch?v=HO9xUpb-Jdk,2026-07-26T08:18:05Z,24991,1292.62,1292.62,24991,2026-07-27T03:38:06Z,24991
2026-07-27T03:38:06Z,FLICKER STRIKE JOURNEY [FROM ZERO TO HERO] PART 1 - COLD DAMAGE ORO'S SACRIFICE - ENDURANCE CHARGES™,MAGEFIST,https://www.youtube.com/watch?v=C2ErV5RvhFg,2026-07-26T10:13:57Z,57782,3320.32,3320.32,72617,2026-07-27T14:47:58Z,72617
2026-07-27T10:00:33Z,"[PoE] Str Stack Brutus Jugg Update - Super Smooth League Start, 4 Voidstones + Atlas Day 1",Carnarius,https://www.youtube.com/watch?v=0zONOhy-oNA,2026-07-26T12:58:54Z,2389,113.61,113.61,2389,2026-07-27T10:00:33Z,2389
2026-07-27T10:00:33Z,I Became an Aurabot for My Mercenary! | PoE 1,Diztoh,https://www.youtube.com/watch?v=fEqa2TjxIaQ,2026-07-27T05:48:11Z,2466,411.0,411.0,2726,2026-07-28T08:43:19Z,2726
2026-07-27T14:47:58Z,[PoE 1] INCREDIBLE LEAGUE START! Blasting everything & having fun. POEGuy's brainless starter setup.,POEGuy,https://www.youtube.com/watch?v=PTO0t_YZjTM,2026-07-27T08:43:08Z,1132,186.16,209.11,4268,2026-07-28T14:22:02Z,4268
2026-07-27T14:47:58Z,СТАРТ ЛИГИ 3.29 ПРОКЛЯТИЕ ВСЕПЛАМЕНИ НА ЗАБЫТОМ ПЕНАНС БРЕНДЕ! | Path of Exile 1,Тупой Горностай,https://www.youtube.com/watch?v=DevSFSxTTBE,2026-07-27T10:20:22Z,1315,219.17,273.5,4582,2026-07-28T14:22:02Z,4582
2026-07-27T14:47:58Z,PoE2 0.5 Horrible League Start? - Path of Exile 2 Pod w/ CoC,Talkative Tri,https://www.youtube.com/watch?v=T6ZKYgSewZo,2026-07-27T12:00:14Z,1474,245.67,528.09,7499,2026-07-28T19:39:38Z,7499
2026-07-27T14:47:58Z,PoE 1 | Internet Men Hate Support Build: How My Mercenary Proved Them Wrong - Luminary Aurabot Day 2,Allie,https://www.youtube.com/watch?v=OIT7mVJoPV4,2026-07-26T16:35:19Z,5968,268.7,268.7,6647,2026-07-27T19:42:12Z,6647
2026-07-27T14:47:58Z,Path of Exile 1 💜 Hardcore - Solo Self Found 💛 !Heartbound !Website !TTS,Pirate Software,https://www.youtube.com/watch?v=0JFue4ONz8o,2026-07-27T07:12:51Z,2234,294.51,550.0,3855,2026-07-28T19:39:38Z,3855
2026-07-27T14:47:58Z,[POE] 1디바인으로 2배 강력해진 벼려진 서리운반자 세팅! 서리운반자 스타터 2차 빌드업 | 3.29 올플레임의 저주,Arserina 아르,https://www.youtube.com/watch?v=2xBe3nuBELQ,2026-07-27T08:00:10Z,2643,388.86,388.86,5359,2026-07-28T14:22:02Z,5359
2026-07-27T14:47:58Z,How I Made My First 50 Divines on Day 1,anime princess,https://www.youtube.com/watch?v=O1i8qeYoBuA,2026-07-26T16:21:51Z,9694,432.08,432.08,9694,2026-07-27T14:47:58Z,9694
2026-07-27T14:47:58Z,PoE 1 | GGG JUST BUFFED EVERYTHING ABOUT MERCS AND LUMINARY,Allie,https://www.youtube.com/watch?v=vlc1B4OJkqk,2026-07-27T03:26:27Z,5517,485.7,485.7,8216,2026-07-28T08:43:19Z,8216
2026-07-27T14:47:58Z,POE1 | 3.29 Righteous Fire Chief Day 1 Update + Tips,Pohx,https://www.youtube.com/watch?v=x5nB5QM5LYg,2026-07-26T15:29:05Z,22506,965.31,965.31,25048,2026-07-27T19:42:12Z,25048
2026-07-27T14:47:58Z,Allflame Crafting is Overpowered in 3.29 - Path of Exile 1,Fubgun,https://www.youtube.com/watch?v=3hS41qsBNVY,2026-07-27T10:43:58Z,8641,1440.17,2085.59,36111,2026-07-28T14:22:02Z,36111
2026-07-27T14:47:58Z,POE 1 - 3.29 Loot Patch Live Now. Better High Tier Voyage Loot. Path of Exile Curse of the Allflame,sirgog,https://www.youtube.com/watch?v=bZKDdwp7MOc,2026-07-27T07:21:27Z,13805,1854.98,1854.98,25388,2026-07-28T08:43:19Z,25388
2026-07-27T19:42:12Z,Path of Exile Boat crafting is too easy....,Slaydra,https://www.youtube.com/watch?v=Jb__53Kvuzw,2026-07-27T15:42:33Z,652,108.67,108.67,652,2026-07-27T19:42:12Z,652
2026-07-27T19:42:12Z,[PoE1] Winter Orb Elementalist // Weekend 1 Summary // Quality Support Maxxing,Cicero Xott,https://www.youtube.com/watch?v=CyrSx0Ss4_M,2026-07-27T01:12:43Z,2091,113.08,113.08,2688,2026-07-28T02:54:46Z,2688
2026-07-27T19:42:12Z,Path of Exile Curse of Allflame New Luminary Class Quick Build Guide (leveling),Slaydra,https://www.youtube.com/watch?v=obpySgfhFas,2026-07-27T16:30:14Z,733,122.17,122.17,1131,2026-07-28T08:43:19Z,1131
2026-07-27T19:42:12Z,BOAS MELHORIAS COM O 3.29.0B PATCH NOTES? PATH OF EXILE 1 CURSE OF THE ALLFLAME,Beskman,https://www.youtube.com/watch?v=GZOHaVkY8Y8,2026-07-27T12:44:47Z,860,123.62,123.62,1207,2026-07-28T08:43:19Z,1207
2026-07-28T02:54:46Z,"[PoE] Brutus Jugg Day 3 Update - Insane Damage, How To Get/Craft Items and More",Carnarius,https://www.youtube.com/watch?v=kaLS4WEigIo,2026-07-27T15:52:38Z,1280,115.99,115.99,1280,2026-07-28T02:54:46Z,1280
2026-07-28T02:54:46Z,Luminary is NOT the one! Path of Exile 3.29 Curse of the Allflame update,Fuzzy Duckzy Gaming,https://www.youtube.com/watch?v=pOXn876UvTU,2026-07-27T14:20:25Z,1608,127.9,127.9,1964,2026-07-28T08:43:19Z,1964
2026-07-28T02:54:46Z,17mil DPS Flamewood Totem Hierophant Build Guide - Update 1 | PoE 3.29,Jorgen,https://www.youtube.com/watch?v=p4MyoO7JmI0,2026-07-27T14:06:07Z,2295,179.14,179.14,4515,2026-07-28T19:39:38Z,4515
2026-07-28T02:54:46Z,PoE 1 | My Ghost & I Went On A Training Montage To Become Stronger! - Luminary Aurabot Day 3,Allie,https://www.youtube.com/watch?v=hEhu0yhOtiA,2026-07-27T15:38:24Z,2517,223.28,223.28,3671,2026-07-28T19:39:38Z,3671
2026-07-28T02:54:46Z,A liga NOVA de Path of Exile 1 começou com PROBLEMAS,Tesdey,https://www.youtube.com/watch?v=eXbSJCycJU0,2026-07-27T20:32:02Z,1902,298.17,298.17,5094,2026-07-29T03:13:49Z,5094
2026-07-28T02:54:46Z,PoE 1 | How I Earned An Honest Living Farming Lifeforce - 3.29 Earlygame Harvest Guide,Allie,https://www.youtube.com/watch?v=otfMvQXAzsA,2026-07-27T13:28:31Z,7435,553.3,553.3,13104,2026-07-28T19:39:38Z,13104
2026-07-28T02:54:46Z,Stacked Decks Made Me Rich + Other Budget Currency Strategies. PoE 3.29,WafflezLovesArpgs,https://www.youtube.com/watch?v=Sqezvc9j6QQ,2026-07-27T16:18:24Z,10532,993.0,993.0,10532,2026-07-28T02:54:46Z,10532
2026-07-28T02:54:46Z,Poe 3.29 - Infamous Mercenary Rushing - How i farmed 100+ Divines on League Start,BawLoch,https://www.youtube.com/watch?v=CRYQt7SPiso,2026-07-27T13:50:05Z,18955,1449.37,1449.37,18955,2026-07-28T02:54:46Z,18955
2026-07-28T08:43:19Z,Path of exile Curse of Allflame Whats Inside Message in a bottles?,Slaydra,https://www.youtube.com/watch?v=N2CuCXToN9A,2026-07-28T01:58:09Z,733,108.55,108.55,733,2026-07-28T08:43:19Z,733
2026-07-28T08:43:19Z,Новости PoE 1 | Улучшения механики и планы разработчиков (+по билду) | ПоЕ 3.29 Проклятие Всепламени,unstabb,https://www.youtube.com/watch?v=Bo2txHMwjKM,2026-07-27T12:07:07Z,7125,345.81,345.81,8547,2026-07-28T19:39:38Z,8547
2026-07-28T08:43:19Z,Champ Boneshatter is... working...  - SPINESHATTER Update 1 (PoE 3.29 Allflame),Woolie,https://www.youtube.com/watch?v=sfaXs4ftsc8,2026-07-27T21:58:36Z,7857,731.19,731.19,12954,2026-07-29T03:13:49Z,12954
2026-07-28T08:43:19Z,Infinite Vaal Cold Snap - Day 3 Cold DoT Elementalist (Golem Stack Swap),jungroan,https://www.youtube.com/watch?v=Umi8pyPjjQk,2026-07-27T11:02:55Z,20776,958.59,958.59,23064,2026-07-28T14:22:02Z,23064
2026-07-28T08:43:19Z,Luminary Merc Bot Tank + QoL Upgrades & BUFFS ~ day 3,CaptainLance9,https://www.youtube.com/watch?v=twqpWPuceSM,2026-07-27T16:52:25Z,26478,1670.69,1670.69,26478,2026-07-28T08:43:19Z,26478
2026-07-28T14:22:02Z,KBoC Necro Day 1-3 Build Update 3.29 - Path of Exile 1,Redviles,https://www.youtube.com/watch?v=4MV_4Qij48I,2026-07-28T08:47:09Z,753,125.5,166.8,2933,2026-07-29T08:48:13Z,2933
2026-07-28T14:22:02Z,Allflame Crafting Is Perfect for New PoE 1 Players,Diztoh,https://www.youtube.com/watch?v=lmKrOpIubxo,2026-07-27T22:00:31Z,2446,149.52,149.52,3046,2026-07-28T19:39:38Z,3046
2026-07-28T14:22:02Z,How to Tank and Destroy Everything On League Start - Whispering Tendrils Elementalist - Setup Guide,Master T,https://www.youtube.com/watch?v=TlX3t3DHGeo,2026-07-27T17:39:16Z,4933,238.16,238.16,6728,2026-07-29T03:13:49Z,6728
2026-07-28T14:22:02Z,"""ГГГ УБИВАЮТ ПОЕ 1 РАДИ ПОЕ 2"" | Path of Exile 3.29 Curse of the Allflame",poe bota_лучшее,https://www.youtube.com/watch?v=k7AjCZ_nqNk,2026-07-28T13:00:35Z,1574,262.33,806.18,10550,2026-07-29T14:21:46Z,10550
2026-07-28T14:22:02Z,POE 3.29 - How I Farmed My First 20-30 Divines - Farming Strat Path of Exile: Curse of the Allflame,Raychich,https://www.youtube.com/watch?v=h6CrZnNo8H8,2026-07-27T19:10:30Z,5784,301.37,311.85,8947,2026-07-29T03:13:49Z,8947
2026-07-28T14:22:02Z,[PoE 3.29] x3 DMG! EK Ignite Elementalist Build - DAY 3 League Starter Update  - Path of Exile,ronarray,https://www.youtube.com/watch?v=PQjfkCpPOPk,2026-07-27T20:52:02Z,10607,606.1,606.1,10607,2026-07-28T14:22:02Z,10607
2026-07-28T14:22:02Z,"Winter Orb Day 4 Update, Power Charge Stacking Occultist - Path of Exile 1",Fubgun,https://www.youtube.com/watch?v=OTlChIMOntA,2026-07-28T09:13:14Z,10062,1677.0,2180.02,36111,2026-07-29T14:21:46Z,36111
2026-07-28T19:39:38Z,How I Got A MAGEBLOOD Day 3 - PoE 3.29 ALLFLAME League 1389,TheGAM3Report1,https://www.youtube.com/watch?v=MG-N7jFx3MY,2026-07-27T22:19:27Z,4305,201.77,201.77,4849,2026-07-29T08:48:13Z,4849
2026-07-28T19:39:38Z,PoE 1 | 3.29 CotA - Day 3 Stream Highlights,Pohx,https://www.youtube.com/watch?v=0I5pwhGAePk,2026-07-27T14:00:05Z,8832,297.78,297.78,8832,2026-07-28T19:39:38Z,8832
2026-07-28T19:39:38Z,Essence Farming Is STILL an AMAZING Currency Strategy in Path of Exile 3.29,Big Ducks,https://www.youtube.com/watch?v=bOdA8HoO0cw,2026-07-28T14:30:48Z,2543,423.83,449.24,9415,2026-07-29T19:24:37Z,9415
2026-07-28T19:39:38Z,[3.29] 치프틴 제물의 작열 광선 RF 1차 빌드업 가이드,투별[Twobyul] 유튜브,https://www.youtube.com/watch?v=v697MOQqM_M,2026-07-27T23:00:37Z,11050,535.09,535.09,11050,2026-07-28T19:39:38Z,11050
2026-07-28T19:39:38Z,Zero Investment Farming Strategy for CURRENCY and GOLD - Atlas Strategy Guide for PoE 3.29,Peuget2,https://www.youtube.com/watch?v=xuJ14sJJhHQ,2026-07-28T13:00:40Z,5805,872.97,872.97,17040,2026-07-29T14:21:46Z,17040
2026-07-28T19:39:38Z,Why Should You Farm Strongboxes Now! - PoE 1 3.29,Path of Evening,https://www.youtube.com/watch?v=91qiOu4Yk4o,2026-07-28T12:00:18Z,9113,1190.33,1190.33,23085,2026-07-29T14:21:46Z,23085
2026-07-28T19:39:38Z,HOW TO CRAFT THE NEW RF SCORCHING RAY SHIELD IN 3.29 ALLFLAME - Path of Exile 1,Spicysushi PoE,https://www.youtube.com/watch?v=wKOcQsTjy1U,2026-07-28T10:57:05Z,13510,1551.19,1551.19,26979,2026-07-29T14:21:46Z,26979
2026-07-29T03:13:49Z,Bu farm lige ragequit atmamı engelledi - Curse of the Allflame - Path of Exile 1,Caner Jhonnie Güngörür,https://www.youtube.com/watch?v=Uz-wAWaTtB4,2026-07-28T07:56:01Z,3234,167.59,167.59,3515,2026-07-29T08:48:13Z,3515
2026-07-29T03:13:49Z,Path of Exile Voyage Guide - Farming Curse of the Allflame Tips,Medieval Marty,https://www.youtube.com/watch?v=baRRdKeJCPs,2026-07-28T18:26:54Z,1590,181.05,214.97,5216,2026-07-29T19:24:37Z,5216
2026-07-29T03:13:49Z,"Я СТАЛ ТОП 1 НА ЗАБЫТОМ ПЕНАНСЕ В 3.29, ЛИГ МЕХАНИКА ОКУПИЛАСЬ С ПЕРВЫХ БУТЫЛОК! | Path of Exile 1",Тупой Горностай,https://www.youtube.com/watch?v=AfZ3rJEFCvo,2026-07-28T11:00:38Z,3108,191.62,191.62,3545,2026-07-29T08:48:13Z,3545
2026-07-29T03:13:49Z,NEW #1 POE 2 DIVINE Making Methods That Make 300+ Divines Per Hour | WORKS EVERY LEAGUE!,Mattjestic Life,https://www.youtube.com/watch?v=d0zJW6rzMiw,2026-07-28T14:00:30Z,4025,304.42,304.42,5973,2026-07-29T19:24:37Z,5973
2026-07-29T03:13:49Z,Dragon Auras For Days  -Luminary-  Day 4 | PoE 1,Diztoh,https://www.youtube.com/watch?v=nwui-qVPpig,2026-07-29T02:48:11Z,1841,306.83,358.12,2324,2026-07-30T02:46:36Z,2324
2026-07-29T03:13:49Z,[PoE 3.29] EARLY Strategy to Farm ~1 Divine per 2 Maps - Atlas Tree Farming Guide - Path of Exile,ronarray,https://www.youtube.com/watch?v=DtJ3BiIRQJ4,2026-07-28T22:52:33Z,2891,481.83,851.3,17481,2026-07-29T19:24:37Z,17481
2026-07-29T03:13:49Z,How I FARMED Mageblood and 150+ Divines in 3 DAYS!,Goratha,https://www.youtube.com/watch?v=FXpzD_FTevw,2026-07-28T08:46:45Z,45163,2447.69,2447.69,49540,2026-07-29T08:48:13Z,49540
2026-07-29T03:13:49Z,This NEW League Is Breaking PoE Players,Exiled Again,https://www.youtube.com/watch?v=tbk51G8qgxA,2026-07-28T13:01:22Z,45062,3171.67,3171.67,56602,2026-07-29T14:21:46Z,56602
2026-07-29T08:48:13Z,Récap jour 1-3: Une NOUVELLE TECH INSANE pour Chains of Command !! PoE 3.29 Leaguestart,Le Chat En Costume,https://www.youtube.com/watch?v=wVKcnrkf2Kw,2026-07-28T08:03:51Z,1466,59.26,59.26,1466,2026-07-29T08:48:13Z,1466
2026-07-29T08:48:13Z,"3 Endgame Farmı 1 Videoda | İsteyene Memur Farmı, İsteyene Piyango Farmı | PoE 3.29 Allflame",Er2,https://www.youtube.com/watch?v=51ImrkZ0Fjc,2026-07-28T16:31:47Z,1002,61.57,61.57,1002,2026-07-29T08:48:13Z,1002
2026-07-29T08:48:13Z,POE 1 - A New Unique Coming Soon - Unrighteous Fire? 3.29 Path of Exile Curse of the Allflame,sirgog,https://www.youtube.com/watch?v=YGwDeY1t6gQ,2026-07-29T06:32:41Z,3245,540.83,1348.28,18528,2026-07-30T08:35:52Z,18528
2026-07-29T08:48:13Z,Essa Build Vai Te TRAUMATIZAR - Nova Liga do Path of Exile 1,Escola do Exilado,https://www.youtube.com/watch?v=Jh-up6c1Wvg,2026-07-29T03:22:42Z,3767,627.83,627.83,4299,2026-07-30T08:35:52Z,4299
2026-07-29T14:21:46Z,Winter Orb Elementalist Zengin Güncellemesi - Curse of the Allflame - Path of Exile 1,Caner Jhonnie Güngörür,https://www.youtube.com/watch?v=hqkyzf9F4b8,2026-07-29T07:55:51Z,1019,158.43,158.43,1937,2026-07-30T08:35:52Z,1937
2026-07-29T14:21:46Z,"패스오브엑자일1,좋은 용병이란?",핵슬톡,https://www.youtube.com/watch?v=BbNU_s78EQk,2026-07-29T08:53:22Z,1128,188.0,188.0,3091,2026-07-30T14:15:15Z,3091
2026-07-29T14:21:46Z,25D/H Scarab Farm - Rare Monster Stacking ft. abyss | 3.29 COTA,aer0planeGaming,https://www.youtube.com/watch?v=0kIgm8RKfW4,2026-07-29T02:09:02Z,5511,451.27,451.27,9423,2026-07-30T08:35:52Z,9423
2026-07-29T14:21:46Z,MASSIVE Gloves & Boots Allflame Craft for Mercenary - Luminary Build,CaptainLance9,https://www.youtube.com/watch?v=fuPexMx1aZM,2026-07-28T09:22:45Z,14054,484.89,484.89,14054,2026-07-29T14:21:46Z,14054
2026-07-29T14:21:46Z,How I Farmed My Mageblood With Low Investment Voyages In PoE 1 Curse Of The Allflame,Dr3adful,https://www.youtube.com/watch?v=Noa7LdToVDk,2026-07-29T09:23:54Z,6069,1011.5,1060.93,21779,2026-07-30T14:15:15Z,21779
2026-07-29T14:21:46Z,The Best Level 100 Farm Still Prints Divines – PoE 3.29,anime princess,https://www.youtube.com/watch?v=DQno6OqpmVI,2026-07-28T20:47:50Z,25365,1444.01,1444.01,25365,2026-07-29T14:21:46Z,25365
2026-07-29T14:21:46Z,How I'm making 20+ Divines an Hour With Breach in 3.29 - Path of Exile 1,Fubgun,https://www.youtube.com/watch?v=XsLnNGoHdi8,2026-07-28T20:15:02Z,32121,1773.44,1773.44,37655,2026-07-29T19:24:37Z,37655
2026-07-29T19:24:37Z,NEW INFINITE DPS ICE NOVA BUILD IN POE 3.29! POE Occultist Build 3.29 (NEW META),KaidGames2,https://www.youtube.com/watch?v=7YOqZ_BHpNY,2026-07-28T20:00:05Z,1338,57.16,57.16,1338,2026-07-29T19:24:37Z,1338
2026-07-29T19:24:37Z,[3.29] Cyclone Slayer Day 1-5 Update - Build Guide - Path of Exile,FGKorbyn21,https://www.youtube.com/watch?v=rEa5Vju1hxs,2026-07-29T16:00:29Z,595,99.17,264.84,6034,2026-07-30T19:40:47Z,6034
2026-07-29T19:24:37Z,Бессмертный STR Стакер - Гайд для 3.29 [Path Of Exile 1],Tala Moana,https://www.youtube.com/watch?v=q9jAt4_SZNA,2026-07-29T12:58:04Z,742,115.17,115.17,742,2026-07-29T19:24:37Z,742
2026-07-29T19:24:37Z,TOP 1 MAGO DIABLO 4,3p Venom,https://www.youtube.com/watch?v=f1ETPsPLA1A,2026-07-29T11:00:37Z,1153,137.26,137.26,1722,2026-07-30T08:35:52Z,1722
2026-07-29T19:24:37Z,PoE 3.29 | ONE OF THE BEST STARTER BUILDS – PoE Builds – Path of Exile Curse of the Allflame League,Path of Exile Builds,https://www.youtube.com/watch?v=pmjR4fiNAHI,2026-07-29T13:00:46Z,1592,248.85,248.85,3657,2026-07-30T14:15:15Z,3657
2026-07-29T19:24:37Z,"[POE 3.29] Phantasm Cast While Channeling - 1 Div budget ""final"" video",UncleJay,https://www.youtube.com/watch?v=OqafzkD8Lg0,2026-07-28T15:00:05Z,8003,281.71,281.71,8003,2026-07-29T19:24:37Z,8003
2026-07-29T19:24:37Z,[PoE 1] New Buildaround Skill just dropped!,CyclonDefinitiv,https://www.youtube.com/watch?v=DmGKweIzwk4,2026-07-28T19:28:36Z,6805,284.33,284.33,6805,2026-07-29T19:24:37Z,6805
2026-07-29T19:24:37Z,PoE 1 - 3.29 | Day 4 Update + SR Totem Talk & Tips,Pohx,https://www.youtube.com/watch?v=lD9xOQ-uDsc,2026-07-29T13:43:54Z,5995,999.17,999.17,17176,2026-07-30T19:40:47Z,17176
2026-07-30T02:46:36Z,"Взрыв порчи через ГОРЕНИЕ И ПОДЖОГ - Элементалистка, лучший маппер лиги 3.29 в Path of exile 1 Poe 1",Skladic,https://www.youtube.com/watch?v=3wmnjq8P9Ag,2026-07-29T13:34:11Z,2528,191.41,191.41,3461,2026-07-30T19:40:47Z,3461
2026-07-30T02:46:36Z,PoE 1 | My Pirate Found A Legendary Bow That Doubled Her Damage & My Ghost has Headhunter,Allie,https://www.youtube.com/watch?v=OwnACrOJxvU,2026-07-29T16:10:06Z,2283,215.2,215.2,3878,2026-07-30T19:40:47Z,3878
2026-07-30T02:46:36Z,How I made 3 Mirrors from one Body Armour Craft Poe2-0.5,ASaVeQ,https://www.youtube.com/watch?v=_SCRVoLHwF0,2026-07-29T12:20:04Z,4082,282.64,282.64,5235,2026-07-30T14:15:15Z,5235
2026-07-30T02:46:36Z,STRAT pod BUDŻETOWE Boxy w Path of Exile 3.29!,DattlerTV,https://www.youtube.com/watch?v=gARoU90-OwI,2026-07-29T04:31:04Z,6446,289.59,289.59,6910,2026-07-30T08:35:52Z,6910
2026-07-30T02:46:36Z,[PoE 1] My Map Blaster Just Got 2x Tankier! Gameplay Showcase & Recent Build Updates,POEGuy,https://www.youtube.com/watch?v=K8Bv7kDYi4U,2026-07-29T09:19:40Z,5141,294.63,294.63,6273,2026-07-30T14:15:15Z,6273
2026-07-30T02:46:36Z,"Winter orb Crafting Guide, How to Craft The Best Gear | Elementalist/Occultist - Path of Exile 1",Fubgun,https://www.youtube.com/watch?v=9HdQQjgLey8,2026-07-29T15:04:39Z,14159,1210.24,1210.24,25010,2026-07-30T19:40:47Z,25010
2026-07-30T02:46:36Z,Allflame Farming Strategy - Scarab Farm  - Path of Exile,Milkybk_ ,https://www.youtube.com/watch?v=E6GMu9Z5j5U,2026-07-29T20:59:26Z,8822,1470.33,1470.33,28284,2026-07-31T03:29:27Z,28284
2026-07-30T02:46:36Z,[3.29] How I Farmed a Mirror... With Blight of Contagion? | Path of Exile 1 | Part 1,Kankar,https://www.youtube.com/watch?v=dS1wO0JzJJU,2026-07-29T12:15:06Z,27286,1878.53,1878.53,36037,2026-07-30T14:15:15Z,36037
2026-07-30T02:46:36Z,Sushi Gets Trolled by Landmines in PoE,Exiled Again,https://www.youtube.com/watch?v=KngASTepXWg,2026-07-29T15:31:40Z,42214,3752.67,3752.67,64413,2026-07-30T19:40:47Z,64413
2026-07-30T08:35:52Z,Ekrana Bakmadan Her Şeyi Kesin! | AFK A.Weapon Necromancer | Japon Askeri | Build Rehberi | Poe 3.29,Olivianna,https://www.youtube.com/watch?v=pvQo62k-un8,2026-07-29T18:56:50Z,1827,133.84,133.84,2922,2026-07-30T19:40:47Z,2922
2026-07-30T08:35:52Z,POE1 3.29 Allflame Day 5 - Testing 20D/HR Budget Strats | Test 1: Deli Merc Rush,XTheFarmerX,https://www.youtube.com/watch?v=-ObS46PbMcs,2026-07-30T01:07:07Z,4861,649.93,649.93,5273,2026-07-31T08:56:55Z,5273
2026-07-30T14:15:15Z,3.29 瓶中信賭狗日記 - 1,fivefive 55,https://www.youtube.com/watch?v=XKq7xITvv1s,2026-07-29T17:12:30Z,1569,74.55,74.55,1569,2026-07-30T14:15:15Z,1569
2026-07-30T14:15:15Z,Оптовый прайсчек вещей в пое 1 3.29 #poe1 #poe,Little_practice,https://www.youtube.com/watch?v=t7FMgYnYUXk,2026-07-30T09:10:27Z,818,136.33,136.33,1283,2026-07-30T19:40:47Z,1283
2026-07-30T14:15:15Z,СЕКРЕТНАЯ ДЭФ МЕХАНИКА В 3.29! ПРОБИЛ 100К НА ТУЛТИПЕ ПЕНАНСА | Path of Exile 1,Тупой Горностай,https://www.youtube.com/watch?v=94nlhHL93Xg,2026-07-30T11:30:18Z,827,137.83,249.3,3830,2026-07-31T14:20:38Z,3830
2026-07-30T14:15:15Z,Я ОБОГОТИЛ ЧАТ СВОИМ ПРОГНОЗОМ В 3.29! ПЕНАНС БРЕНД И СОВЕТЫ ГУДБОЯ | Path of Exile 1,Тупой Горностай,https://www.youtube.com/watch?v=bMpPy8wpC7o,2026-07-29T16:00:10Z,3723,167.31,167.31,4071,2026-07-30T19:40:47Z,4071
2026-07-30T14:15:15Z,14個開季賺錢策略 1小時8D到1小時16D 從出生到退坑 全部都有教 毀滅遊戲儲物倉 T17夢魘地圖撕圖 獎勵四譫妄蟲 POE1 Path of Exile 亡焰咒海,惡魔貓和幾吉和點點DevilCatwith2cats,https://www.youtube.com/watch?v=Vqgj1Ty4dNE,2026-07-30T12:47:51Z,2201,366.83,1158.49,17256,2026-07-31T14:20:38Z,17256
2026-07-30T14:15:15Z,POE 1 - 3.29 Crafting Is OP - Crit Slam Build Helms Guide - Path of Exile Curse of the Allflame,sirgog,https://www.youtube.com/watch?v=YX2-ou9cMx0,2026-07-30T06:00:19Z,4937,598.49,598.49,9140,2026-07-31T08:56:55Z,9140
2026-07-30T14:15:15Z,Double your Winter Orb Damage With Snapshotting - Path of Exile 1,Fubgun,https://www.youtube.com/watch?v=XpJMIq2mVLc,2026-07-30T09:00:23Z,8762,1460.33,1511.33,25281,2026-07-31T08:56:55Z,25281
2026-07-30T19:40:47Z,ZERO TO HERO Charge Stacking Poison Exsanguinate Slayer PART 1 [Path of Exile 3.29],marty1230,https://www.youtube.com/watch?v=Q29ZxKALNr0,2026-07-30T11:12:34Z,1630,192.44,207.96,4509,2026-07-31T14:20:38Z,4509
2026-07-30T19:40:47Z,PoE 1 | My Pirate Needed A Headhunter So I Farmed One In 8 Hours - 3.29 Containment Scarab Farming,Allie,https://www.youtube.com/watch?v=B2PuFI7ECXY,2026-07-30T16:29:14Z,1518,253.0,585.34,11940,2026-07-31T19:41:45Z,11940
2026-07-30T19:40:47Z,3.29.1 patch day,Ben,https://www.youtube.com/watch?v=o466TANZVWs,2026-07-30T08:21:30Z,11036,974.79,974.79,11310,2026-07-31T08:56:55Z,11310
2026-07-30T19:40:47Z,Crafting My Magic Find Righteous Fire Helmet with Allflame - Path of Exile 1,Spicysushi PoE,https://www.youtube.com/watch?v=KtDT7HPZqYs,2026-07-30T11:16:33Z,12015,1429.69,1429.69,22984,2026-07-31T14:20:38Z,22984
2026-07-30T19:40:47Z,"""There is no loot..."" | The PoE Report Podcast #12 | Path of Exile: Curse of the Allflame",Dreamcore,https://www.youtube.com/watch?v=4siHzZUqF_Q,2026-07-30T13:22:22Z,9249,1466.47,1466.47,26072,2026-07-31T19:41:45Z,26072
2026-07-31T03:29:27Z,LANÇAMENTO OFICIAL DE PATH OF EXILE 2 - O QUE VAI VIR? DATAS E RUMORES,3p Venom,https://www.youtube.com/watch?v=UDk89-N_mS4,2026-07-30T15:30:38Z,1252,104.5,104.5,1252,2026-07-31T03:29:27Z,1252
2026-07-31T03:29:27Z,My 3 Strats That Got Me My Mageblood - Path Of Exile 3.29,Sleepy Cat,https://www.youtube.com/watch?v=QNcnwaFkGv4,2026-07-30T23:23:18Z,983,163.83,1259.4,25933,2026-08-01T03:28:24Z,25933
2026-07-31T03:29:27Z,"[PoE] Str Stack Jugg Became a Monster - Cheap Sublime Setup, How to Craft Items and More",Carnarius,https://www.youtube.com/watch?v=Fu2_M5cFUW4,2026-07-30T21:53:23Z,1830,305.0,359.07,6713,2026-08-01T03:28:24Z,6713
2026-07-31T03:29:27Z,Path of Exile 2 Made Me QUIT PoE1... Here's Why,Talkative Tri,https://www.youtube.com/watch?v=dyhaBftIPMM,2026-07-30T23:31:38Z,2595,432.5,656.58,10041,2026-08-01T03:28:24Z,10041
2026-07-31T03:29:27Z,3.29.1改了些什麼 改版懶人包 POE1 Path of Exile 亡焰咒海,惡魔貓和幾吉和點點DevilCatwith2cats,https://www.youtube.com/watch?v=5G_isjGspew,2026-07-31T02:00:39Z,2963,493.83,2110.01,34114,2026-08-01T08:27:50Z,34114
2026-07-31T03:29:27Z,POE1 3.29 Allflame Day 5 - Testing 20D/HR Budget Strats | Test 1: Deli Merc Rush,XTheFarmerX,https://www.youtube.com/watch?v=jac2BR2iUBc,2026-07-30T21:33:48Z,3501,583.5,583.5,3727,2026-07-31T19:41:45Z,3727
2026-07-31T03:29:27Z,[Beginner Focused] Guided Craft With Recombinator #1: Triple T1 Prefixes For Under 5D,XTheFarmerX,https://www.youtube.com/watch?v=5qRNCrBMuNU,2026-07-30T15:45:33Z,8951,762.96,762.96,14223,2026-07-31T19:41:45Z,14223
2026-07-31T03:29:27Z,Can You Beat PoE 2 with One Shots Only?,Lolcohol,https://www.youtube.com/watch?v=XaIfPvhyBaU,2026-07-30T16:00:06Z,10330,899.09,966.6,24093,2026-07-31T19:41:45Z,24093
2026-07-31T03:29:27Z,PoEGuy Hits The Jackpot With 3 Mirrors In 1 Day,Exiled Again,https://www.youtube.com/watch?v=2vkt43Yq65M,2026-07-30T14:01:16Z,58707,4358.37,4358.37,78084,2026-07-31T19:41:45Z,78084
2026-07-31T08:56:55Z,#pathofexile l Path of Exile 1 3.29 l Ep.6 ฝนใบมีด อีกสักวันนะ,bAllz HD,https://www.youtube.com/watch?v=aEeFLO3qvdU,2026-07-31T08:09:34Z,745,124.17,124.17,745,2026-07-31T08:56:55Z,745
2026-07-31T08:56:55Z,POE 1 - 3.29.1 Patch Live Now. It's Not As Good As The Last One. Path of Exile Curse of the Allflame,sirgog,https://www.youtube.com/watch?v=L95sGMh8_-4,2026-07-31T05:33:33Z,5973,995.5,1544.84,20257,2026-08-01T08:27:50Z,20257
2026-07-31T14:20:38Z,[Path of Exile 3.29] ⚔️ Cyclone Shockwave Slayer ⚔️ Week 1 Update,Sanavixx,https://www.youtube.com/watch?v=ZUgqAssT05M,2026-07-31T06:02:26Z,1963,236.41,246.42,4912,2026-08-01T08:27:50Z,4912
2026-07-31T14:20:38Z,패스오브엑자일1 용병캐리(활) 루미너리,핵슬톡,https://www.youtube.com/watch?v=gpgA4ylGiqE,2026-07-31T07:48:03Z,1620,247.59,247.59,4325,2026-08-01T08:27:50Z,4325
2026-07-31T14:20:38Z,[POE1 3.29] The History and State of Sanctum in 3.29: 400 Runs of Data,mas0ny1,https://www.youtube.com/watch?v=HsTqECwHoEY,2026-07-31T03:50:40Z,3178,302.68,302.68,4626,2026-08-01T08:27:50Z,4626
2026-07-31T14:20:38Z,Set Sail with Voyages! - PoE 1 3.29,Path of Evening,https://www.youtube.com/watch?v=KDrn0yTYA-4,2026-07-31T12:00:01Z,2512,418.67,966.7,18788,2026-08-01T13:39:04Z,18788
2026-07-31T14:20:38Z,"The New Patch Was a Complete Miss, Going Over 3.29.1 - Path of Exile 1",Fubgun,https://www.youtube.com/watch?v=yt59LOpc4wY,2026-07-31T13:07:46Z,5498,916.33,2761.56,34581,2026-08-01T13:39:04Z,34581
2026-07-31T19:41:45Z,"PoE 1 | MERC BUFFS ARE HERE: More Supports, Higher Infamous Chance & New Revive Mechanic",Allie,https://www.youtube.com/watch?v=AEqtaINtC3I,2026-07-31T15:50:03Z,630,105.0,172.17,3385,2026-08-01T19:16:37Z,3385
2026-07-31T19:41:45Z,Farm Mercs POE 3.29.1 Luminary - Path of Exile 3.29 Luminary Mercenary Farm UPDATED,Mon Facts,https://www.youtube.com/watch?v=uRD98LeFcz8,2026-07-31T01:59:58Z,1879,106.18,106.18,1879,2026-07-31T19:41:45Z,1879
2026-07-31T19:41:45Z,[3.29] How to Craft: 900+ PDPS Budget Staff - Path of Exile - Cyclone Crafting Guide,FGKorbyn21,https://www.youtube.com/watch?v=D6ky_iiteO0,2026-07-30T13:53:44Z,3662,122.88,122.88,3662,2026-07-31T19:41:45Z,3662
2026-07-31T19:41:45Z,ЛИГМЕХАНИКА КОРМИТ? ПЕНАНС БРЕНД ВЫФАРМИЛ СОСТОЯНИЕ НА ДНЕ | Path of Exile 1,Тупой Горностай,https://www.youtube.com/watch?v=Q1zShJBOYbo,2026-07-31T15:40:30Z,996,166.0,177.9,3685,2026-08-01T19:16:37Z,3685
2026-07-31T19:41:45Z,Decent! Boneshatter of Complex Trauma Berserker - 1 Divine Challenge | Path of Exile 3.28,PaintMasterPoE,https://www.youtube.com/watch?v=8QJBCK-2aj0,2026-07-31T10:39:50Z,2166,239.81,239.81,3204,2026-08-01T13:39:04Z,3204
2026-08-01T03:28:24Z,[POE 1] 🔥 Analicé el parche 3.29.1 y esta es mi conclusión,SnycMaster Kevin,https://www.youtube.com/watch?v=posBZ4M643Y,2026-07-31T19:07:34Z,2055,246.18,246.18,3005,2026-08-01T19:16:37Z,3005
2026-08-01T03:28:24Z,Who is The King in the Mists? | Path Of Exile 2 Lore,Lore Of Exile,https://www.youtube.com/watch?v=YzJV5CcG038,2026-07-31T23:40:11Z,1560,260.0,358.19,7545,2026-08-02T03:27:56Z,7545
2026-08-01T03:28:24Z,3.29.1 patch day,Ben,https://www.youtube.com/watch?v=cmgxlGhD67c,2026-07-31T12:53:54Z,7965,546.48,546.48,8024,2026-08-01T13:39:04Z,8024
2026-08-01T03:28:24Z,How I Farmed a Headhunter in One Day [PoE 3.29],aer0,https://www.youtube.com/watch?v=1inAQhF6mww,2026-07-31T16:50:08Z,7220,678.7,678.7,13349,2026-08-01T19:16:37Z,13349
2026-08-01T03:28:24Z,This Build is IMMORTAL! AFK Uber Bosses - Winter Orb Build Update | PoE 3.29 Curse of the Allflame,Peuget2,https://www.youtube.com/watch?v=93vGaCX6gls,2026-07-31T14:00:20Z,9890,734.33,734.33,14079,2026-08-01T13:39:04Z,14079
2026-08-01T03:28:24Z,Poe 3.29 - Abyss Skitterlock Scarab Farming - A Low Investment Abyss Scarab Farm After the Buffs,BawLoch,https://www.youtube.com/watch?v=5eckPIQj4Xk,2026-07-31T13:30:07Z,12086,865.04,865.04,17076,2026-08-01T13:39:04Z,17076
2026-08-01T03:28:24Z,Are these changes enough?...,Zizaran,https://www.youtube.com/watch?v=ld2bQL_DnVw,2026-07-31T16:36:31Z,25684,2363.93,2363.93,32908,2026-08-01T19:16:37Z,32908
2026-08-01T03:28:24Z,PoE Streamers Get Baited by the New Abyss Buffs,Exiled Again,https://www.youtube.com/watch?v=_g8KX0vgqaw,2026-07-31T14:45:45Z,54469,4285.16,4285.16,72599,2026-08-01T13:39:04Z,72599
2026-08-01T08:27:50Z,Is There Too Much Path of Exile Right Now? Podcast ft. @Lolcohol,Blazeworks TV,https://www.youtube.com/watch?v=8-yx4LkrZFo,2026-07-31T15:00:11Z,2256,129.2,129.2,3036,2026-08-01T19:16:37Z,3036
2026-08-01T08:27:50Z,패스오브엑자일1 3.29 1주차 메타 분석,핵슬톡,https://www.youtube.com/watch?v=5fEn1bUPSao,2026-08-01T04:35:56Z,1067,177.83,318.48,6200,2026-08-02T13:39:34Z,6200
2026-08-01T13:39:04Z,HC PRIVATE LEAGUE LAUNCH 💀Day 1 Supporting Fire Tactician,KallTorak,https://www.youtube.com/watch?v=R91LkQwxeWk,2026-08-01T01:41:04Z,1187,99.19,99.19,1256,2026-08-02T03:27:56Z,1256
2026-08-01T13:39:04Z,[POE 1] 😱 ¡SUPERÓ TODAS MIS EXPECTATIVAS! | GUÍA PASO A PASO + PoB,SnycMaster Kevin,https://www.youtube.com/watch?v=iHa1cxoK2Lo,2026-08-01T03:01:19Z,1356,127.57,134.79,3277,2026-08-02T13:39:34Z,3277
2026-08-01T13:39:04Z,Yapping a lot while playing Level 90ish Post-Game PoE1 all night | Meow,Zaric Zhakaron,https://www.youtube.com/watch?v=eK5j4yzfG2s,2026-08-01T11:06:46Z,870,145.0,145.0,947,2026-08-01T19:16:37Z,947
2026-08-01T13:39:04Z,HARDCORE PRIVATE LEAGUE DAY 1,DEADRABB1T,https://www.youtube.com/watch?v=BkGvvBgMgfA,2026-08-01T00:08:48Z,4680,346.55,346.55,4843,2026-08-02T08:30:34Z,4843
2026-08-01T13:39:04Z,This Jewel Changes Your Ascendancy | Path of Exile 3.29,Palsteron,https://www.youtube.com/watch?v=5imdbnPZhDw,2026-07-31T22:43:02Z,31823,2130.92,2130.92,40341,2026-08-01T19:16:37Z,40341
2026-08-01T19:16:37Z,🚨DROPS ON / 2 SUB = COSMÉTICO: NECROMANTE DE ESPECTROS FARMANDO DIVINES! BUILD QUE DELETA O  GAME,Apollo Play,https://www.youtube.com/watch?v=KG-1w2qsF5g,2026-08-01T05:54:48Z,503,37.64,37.64,503,2026-08-01T19:16:37Z,503
2026-08-01T19:16:37Z,THC Hardcore Private League Begins - Disciple of Varashta Day 1,Blazeworks TV,https://www.youtube.com/watch?v=ondSuSvS5Cw,2026-08-01T03:53:37Z,647,42.06,42.06,647,2026-08-01T19:16:37Z,647
2026-08-01T19:16:37Z,PoE patch 3.29.1 : promesses tenues ?,Nomnom,https://www.youtube.com/watch?v=4aTc-C892W8,2026-08-01T10:58:57Z,568,68.48,68.48,916,2026-08-02T08:30:34Z,916
2026-08-01T19:16:37Z,"ONE OF THE BEST END GAME BLIGHT FARMS ON T16,5 MAPS - 3.29 CURSE OF THE ALLFLAME!",LangKatLegenda,https://www.youtube.com/watch?v=wA2UxrYlm9I,2026-07-31T19:21:35Z,4730,197.76,197.76,4730,2026-08-01T19:16:37Z,4730
2026-08-01T19:16:37Z,PoE 3.29 Stacked Deck Farm - 30+ Div/Hour,rhino9192,https://www.youtube.com/watch?v=7x4aDxkzbYQ,2026-07-31T23:03:51Z,11545,571.17,571.17,14086,2026-08-02T03:27:56Z,14086
2026-08-01T19:16:37Z,A Simple Guide to Charts & Voyages - Path of Exile: Curse of the Allflame League,ZiggyD Gaming,https://www.youtube.com/watch?v=HF0iS5qStXw,2026-08-01T02:34:02Z,13939,834.18,834.18,18162,2026-08-02T13:39:34Z,18162
2026-08-01T19:16:37Z,"Winter Orb Pcharge Stacker, Final Update/Guide - Path of Exile 1",Fubgun,https://www.youtube.com/watch?v=Zsi_S7Lft8A,2026-08-01T14:05:14Z,8812,1468.67,1551.31,39963,2026-08-03T03:30:07Z,39963
2026-08-02T03:27:56Z,Omni Stacking Merc Aurabot (build update) | 3.29 Path of Exile - Curse of the Allflame Luminary,OrionNotOnion,https://www.youtube.com/watch?v=BbvcEdx3Vr0,2026-08-01T13:00:35Z,1002,69.31,80.77,1869,2026-08-02T13:39:34Z,1869
2026-08-02T03:27:56Z,Flame Wall Hierophant Was An Absolutely Amazing League Starter Build PoE 1 3.29,Dr3adful,https://www.youtube.com/watch?v=1J0p081IvUc,2026-08-01T11:06:30Z,1425,87.12,87.12,1844,2026-08-02T19:17:55Z,1844
2026-08-02T03:27:56Z,"Diablo 4 Season 15 Builds cooking, Rank 1 Rogue push & Grim Dawn First Playthrough",wudijo,https://www.youtube.com/watch?v=VLVkEvaqjp4,2026-08-01T00:33:39Z,3511,130.5,130.5,3539,2026-08-02T08:30:34Z,3539
2026-08-02T03:27:56Z,Arc Ignite Elementalist - Week 1 Update (Cruising!),BuffaloBaron,https://www.youtube.com/watch?v=Mfc8TTRO1jw,2026-08-01T09:49:21Z,2643,149.8,149.8,3530,2026-08-02T19:17:55Z,3530
2026-08-02T03:27:56Z,POE1 3.29 (DAY 1) !ZtM HIDEOUT ONLY - No Mapping Only Crafting/Flipping,XTheFarmerX,https://www.youtube.com/watch?v=fqUPTu78sq0,2026-08-01T01:21:47Z,4915,188.3,188.3,4975,2026-08-02T13:39:34Z,4975
2026-08-02T03:27:56Z,НОВЫЕ СЕКРЕТНЫЕ УНИК КОЛЬЦА В 3.29?! ЗАКРЫВАЮ ВОИДСТОУНЫ ПЕНАНСОМ | Path of Exile 1,Тупой Горностай,https://www.youtube.com/watch?v=k2vICg7WsII,2026-08-01T15:10:29Z,2317,188.51,188.51,4133,2026-08-03T03:30:07Z,4133
2026-08-02T03:27:56Z,Path of Exile 2 - Can We Craft A GIGA Bow?,OnesInTheChat,https://www.youtube.com/watch?v=CWpXgC5jNYY,2026-08-01T14:30:27Z,3361,259.37,259.37,5249,2026-08-03T03:30:07Z,5249
2026-08-02T03:27:56Z,Farm BIG Money with 8Mod Fortress Explosions - Path Of Exile 3.29,Sleepy Cat,https://www.youtube.com/watch?v=NOtEquJ1QQ0,2026-08-01T18:11:40Z,3154,340.2,388.78,11944,2026-08-03T03:30:07Z,11944
2026-08-02T03:27:56Z,3.29.1 patch day,Ben,https://www.youtube.com/watch?v=lhfasqw3idc,2026-08-01T10:44:54Z,6957,416.16,416.16,7030,2026-08-02T19:17:55Z,7030
2026-08-02T03:27:56Z,[PoE 3.29] How I Farm My Divines - HARVEST + Delirium Strategy Guide + Atlas Tree - Path of Exile,ronarray,https://www.youtube.com/watch?v=bQoc2kAoaTg,2026-07-31T22:14:35Z,13426,459.44,459.44,13426,2026-08-02T03:27:56Z,13426
2026-08-02T03:27:56Z,Freezing Pulse CRAB totem build update 🦀 Week 1 - PoE #979,Empyriangaming,https://www.youtube.com/watch?v=wvhfPIjGIFk,2026-08-01T21:11:52Z,15794,2519.87,2519.87,49530,2026-08-04T08:46:32Z,49530
2026-08-02T08:30:34Z,How I made over 360 divines profit in one day - 3.29 Curse of the Allflame. You can do the same!,Elegacy9,https://www.youtube.com/watch?v=udvKz7gEMEY,2026-08-01T10:12:28Z,967,43.36,73.77,2441,2026-08-02T19:17:55Z,2441
2026-08-02T08:30:34Z,#pathofexile l Path of Exile 1 3.29 l Ep.7 RF มันเล่นยังไงอ่า,bAllz HD,https://www.youtube.com/watch?v=ZVY4au44-zg,2026-08-02T08:28:46Z,399,66.5,66.67,400,2026-08-02T13:39:34Z,400
2026-08-02T08:30:34Z,Path of Exile 2 Made Him Quit PoE 1...,Jazzarus,https://www.youtube.com/watch?v=Cl4hrZmFy1w,2026-08-02T02:00:34Z,594,91.38,103.86,1985,2026-08-03T14:50:35Z,1985
2026-08-02T08:30:34Z,HOW I MADE MAGEBLOOD WITH 1 CLICK CRAFT,isdos,https://www.youtube.com/watch?v=Hs6z7LpVSag,2026-08-01T11:32:49Z,2905,138.58,153.35,6127,2026-08-03T03:30:07Z,6127
2026-08-02T08:30:34Z,PoE 3.29 | Beasts and Kingsmarch Farm | Path of Exile 3.29 Curse of the Allflame,Scuffed Guides and Stuff,https://www.youtube.com/watch?v=ai3_sKDSnT0,2026-08-01T20:57:57Z,3697,320.26,320.26,3697,2026-08-02T08:30:34Z,3697
2026-08-02T08:30:34Z,Selfcast Buffs are Real | EK Chieftain First Look | Path of Exile 3.29,Palsteron,https://www.youtube.com/watch?v=h6ebUDOFUOI,2026-08-01T15:17:00Z,24988,1450.58,1450.58,38572,2026-08-03T09:55:45Z,38572
2026-08-02T13:39:34Z,Incredible Clear and Damage with Unity! | Phys DoT Elementalist Week 1 Update | Path of Exile 3.29,Joespresso,https://www.youtube.com/watch?v=TGG8R5S-iQI,2026-08-01T18:37:57Z,797,41.89,49.22,1645,2026-08-03T09:55:45Z,1645
2026-08-02T13:39:34Z,【POE 1 3.29】兩大掛機流派！死靈女巫 × CWS酋長輕鬆刷圖｜星野かね,Hoshino Kane 星野かね Ch.,https://www.youtube.com/watch?v=0Hu9dhesCfc,2026-08-02T12:25:47Z,616,102.67,102.67,865,2026-08-03T14:50:35Z,865
2026-08-02T13:39:34Z,New Build Today - !build !filter poe1,Fubgun,https://www.youtube.com/watch?v=kRshKfMhezM,2026-08-02T03:11:04Z,29698,2835.07,2835.07,30722,2026-08-03T14:50:35Z,30722
2026-08-02T19:17:55Z,How bad is Abyss really? Path of Exile 1 3.29,LLYD,https://www.youtube.com/watch?v=5I-OdqM3Z3k,2026-08-02T12:00:01Z,602,82.48,140.56,2707,2026-08-03T14:50:35Z,2707
2026-08-02T19:17:55Z,【PoE 3.29】1週間目のビルドショーケース,わたせ,https://www.youtube.com/watch?v=RWdfiGZc1mc,2026-08-02T06:33:11Z,1709,134.08,134.08,1709,2026-08-02T19:17:55Z,1709
2026-08-02T19:17:55Z,УБИВАЮ САМОГО ТОЛСТОГО БОССА В 3.29!? СОСЕДИ В ЯРОСТИ ИЗ-ЗА МОИХ СТРИМОВ | Path of Exile 1,Тупой Горностай,https://www.youtube.com/watch?v=XstSTXrHtSE,2026-08-02T14:00:10Z,1204,200.67,200.67,4258,2026-08-04T08:46:32Z,4258
2026-08-02T19:17:55Z,How I league start as a Delve player - PoE 3.29 Curse of the Allflame,Duddybrainzz,https://www.youtube.com/watch?v=Br2STEBPRhE,2026-08-02T01:59:09Z,6213,358.86,358.86,7789,2026-08-03T03:30:07Z,7789
2026-08-02T19:17:55Z,[POE 3.29] 20~30D or Even More Divines / Hour. Strongbox Beyond Demon Farm Strategy Guide,KingPinUwU,https://www.youtube.com/watch?v=gM3SWqSjPmo,2026-08-01T13:35:58Z,18849,634.66,634.66,22223,2026-08-03T03:30:07Z,22223
2026-08-02T19:17:55Z,"EK Herald Stacker, The New Caster Meta in 3.29 - Path of Exile 1",Fubgun,https://www.youtube.com/watch?v=uPvAx5XpNP0,2026-08-02T14:55:17Z,7392,1232.0,1814.2,45084,2026-08-04T08:46:32Z,45084
2026-08-03T03:30:07Z,Bu farmlar hem keyifli hem de kazançlı! - Curse of the Allflame - Path of Exile 1,Caner Jhonnie Güngörür,https://www.youtube.com/watch?v=gzOxhzZyInk,2026-08-02T07:57:16Z,2436,124.62,124.62,2890,2026-08-03T14:50:35Z,2890
2026-08-03T03:30:07Z,【PoE1】最短４時間！新リーグ休日1日でエンドゲームへ！仙人が教える爆速ACT攻略実践［初心者歓迎］｜Path of Exile Curse of the Allflame,GPDちゃんねる,https://www.youtube.com/watch?v=QuSUG2Mj54c,2026-08-02T13:09:06Z,1843,128.43,128.43,1922,2026-08-03T14:50:35Z,1922
2026-08-03T03:30:07Z,PoE 3.29 | ESSENCE DRAIN MASSIVE BUFF – PoE Builds – Path of Exile Curse of the Allflame League,Path of Exile Builds,https://www.youtube.com/watch?v=Rhz6QnXSqvo,2026-08-01T17:09:35Z,5883,171.3,171.3,5883,2026-08-03T03:30:07Z,5883
2026-08-03T03:30:07Z,Facebreaker Luminary - 2 hit Uber Maven | 3.29 Path of Exile,Alohaa,https://www.youtube.com/watch?v=lCtxGj3jUtw,2026-08-01T15:10:21Z,8154,224.44,224.44,8154,2026-08-03T03:30:07Z,8154
2026-08-03T03:30:07Z,Get HUGE Money with 8-Mod Kalguur Farm - Path Of Exile 3.29,Sleepy Cat,https://www.youtube.com/watch?v=Ll1-gF_WM7I,2026-08-02T22:46:59Z,2184,364.0,701.41,14978,2026-08-04T08:46:32Z,14978
2026-08-03T03:30:07Z,100M DPS WORB BOMB blasting the end game! ❌NO Mageblood | All content viable | Elementalist 3.29,FastAF ⚡,https://www.youtube.com/watch?v=_i0k_YTEaHU,2026-08-02T13:45:31Z,5578,405.86,405.86,8373,2026-08-04T08:46:32Z,8373
2026-08-03T03:30:07Z,"You Should Try Different Mercs, Seriously PoE 1 3.29 Curse Of The Allflame",BalorMage,https://www.youtube.com/watch?v=hQBmh3sA0tE,2026-08-02T12:20:14Z,6421,423.41,423.41,9123,2026-08-03T14:50:35Z,9123
2026-08-03T03:30:07Z,PoE Streamers Can't Resist the New Box,Exiled Again,https://www.youtube.com/watch?v=5alR7XoDCqQ,2026-08-01T13:00:33Z,66210,1720.05,1720.05,66210,2026-08-03T03:30:07Z,66210
2026-08-03T09:55:45Z,Live - PoE 1 - +18 - SRS de 15div - t17 Farm de fragmento !build !poeninja !comandos,GuardCodex,https://www.youtube.com/watch?v=T9L5E6SfYOQ,2026-08-03T04:08:18Z,152,25.33,25.33,152,2026-08-03T09:55:45Z,152
2026-08-03T09:55:45Z,Path of Exile 1: คำสาปแห่งออลเฟลม,PaBoy Gamer,https://www.youtube.com/watch?v=G_S8cTR6K2A,2026-08-03T06:53:58Z,187,31.17,31.17,187,2026-08-03T09:55:45Z,187
2026-08-03T09:55:45Z,"🔥PATH OF EXILE🔥 💯ZEMISTOKLES X FIDOJUEGOS💯TERMINANDO LO EMPEZADO, NO PODIA SER MENOS ACT 8 - MAPAS",FidoJuegos,https://www.youtube.com/watch?v=scfKYL1BMjs,2026-08-02T23:23:49Z,396,37.6,37.6,396,2026-08-03T09:55:45Z,396
2026-08-03T09:55:45Z,#pathofexile l Path of Exile 1 3.29 l Ep.8 เปิด RF ได้แล้วววววว,bAllz HD,https://www.youtube.com/watch?v=vk6EjUV-jjM,2026-08-02T19:26:32Z,824,56.88,56.88,828,2026-08-03T14:50:35Z,828
2026-08-03T09:55:45Z,Is This The Best Build In Hardcore? Luminary + Mercenaries,Mister37,https://www.youtube.com/watch?v=DhmR11Qyf_M,2026-08-02T08:00:32Z,2945,113.62,113.62,3051,2026-08-03T14:50:35Z,3051
2026-08-03T09:55:45Z,PoE 3.29 | Build Update Penance Brand Ignite | Path of Exile 3.29,Scuffed Guides and Stuff,https://www.youtube.com/watch?v=fjXyRu4j4VQ,2026-08-02T21:10:39Z,2056,161.23,161.23,3803,2026-08-04T08:46:32Z,3803
2026-08-03T09:55:45Z,I Forced The Loot To Drop On The Ground With This Strat In PoE 1 Curse Of The Allflame,BalorMage,https://www.youtube.com/watch?v=koF5udYviL4,2026-08-03T04:27:47Z,2359,393.17,479.96,7555,2026-08-04T03:12:52Z,7555
2026-08-03T14:50:35Z,СДЕЛАЛ 2 МИРРОР ЗА 1 СТРИМ В 3.29?! УМНОЖИЛ АПТЕКАРЯ С ПЕРВОГО РАЗА | Path of Exile 1,Тупой Горностай,https://www.youtube.com/watch?v=zJkZoDZWNRY,2026-08-03T14:10:06Z,377,62.83,230.03,4330,2026-08-04T19:43:14Z,4330
2026-08-03T14:50:35Z,SPIRITBORN TOP 1 RANK BUILD DIABLO 4,3p Venom,https://www.youtube.com/watch?v=52hQfTfAXSQ,2026-08-03T11:00:22Z,395,65.83,65.83,395,2026-08-03T14:50:35Z,395
2026-08-03T14:50:35Z,Last Night of PoE 1! PoE 2 HCSSF TOMORROW!,MisoxShiru,https://www.youtube.com/watch?v=Mrt0BFIOVvA,2026-08-03T14:07:45Z,1454,242.33,242.33,1905,2026-08-04T14:28:11Z,1905
2026-08-03T14:50:35Z,ONE OF THE BEST END GAME RITUAL FARMS ON T16 MAPS (CITY SQUARE) - 3.29 CURSE OF THE ALLFLAME!,LangKatLegenda,https://www.youtube.com/watch?v=TyGpWrt4oyw,2026-08-02T20:39:31Z,4805,264.24,264.24,4805,2026-08-03T14:50:35Z,4805
2026-08-03T14:50:35Z,PoE 1 | I Have Harnessed The Power of ROCKS And Became Unkillable! - 3.29 Luminary Aurabot Update,Allie,https://www.youtube.com/watch?v=Mif6C5YoXSg,2026-08-02T20:03:17Z,6558,349.04,349.04,9086,2026-08-04T08:46:32Z,9086
2026-08-04T03:12:52Z,PoE 1 | Luminary Mercenary PSA: Stormblast Mines DO NOT Work With Hand of Phrecia,Allie,https://www.youtube.com/watch?v=z8XsmcKlSw8,2026-08-03T18:55:19Z,1083,130.6,130.6,2900,2026-08-05T02:54:14Z,2900
2026-08-04T03:12:52Z,[POE 1] 🛡️ La mejor versión de la Starter hasta ahora | POB+Consejos,SnycMaster Kevin,https://www.youtube.com/watch?v=lVDZTNIbQrQ,2026-08-03T20:33:44Z,1108,166.56,166.56,2021,2026-08-04T14:28:11Z,2021
2026-08-04T03:12:52Z,"[3.29] Tri-Stacking Tornado Shot & Lightning Arrow Bow Build (5,500+ Attributes)",Path of Chigurh,https://www.youtube.com/watch?v=W4_6ydY_a_Q,2026-08-02T17:22:13Z,6498,192.0,192.0,6702,2026-08-04T08:46:32Z,6702
2026-08-04T03:12:52Z,Tile loot vs Monster loot (One players One Day journey to a MageBlood),GoodGuyGaming3,https://www.youtube.com/watch?v=EWJnV8XSFqE,2026-08-03T12:00:37Z,2927,192.51,192.51,3418,2026-08-04T14:28:11Z,3418
2026-08-04T03:12:52Z,Atlas strat: Breach | 20-30 div per hour - Indepth Guide | PoE1,ilnino-gaming,https://www.youtube.com/watch?v=DyK8V3VyG7Q,2026-08-02T16:43:00Z,8192,237.46,237.46,8639,2026-08-04T08:46:32Z,8639
2026-08-04T03:12:52Z,"Path of Exile 2 - Vaaling 5,000 Divines Worth of Items!",OnesInTheChat,https://www.youtube.com/watch?v=dX_80TUR-TU,2026-08-03T14:30:37Z,3110,244.8,244.8,4202,2026-08-04T19:43:14Z,4202
2026-08-04T03:12:52Z,"[PoE 3.29] Glacial Cascade Miner Luminary - SSF Viable, All Uber-Viable",smokie_777,https://www.youtube.com/watch?v=nntRushUIq4,2026-08-03T04:37:19Z,6592,291.78,291.78,6592,2026-08-04T03:12:52Z,6592
2026-08-04T03:12:52Z,"[PoE] Paradoxica Str Stack Jugg Update - 1B DPS soon, Valdo's, Crafting and More",Carnarius,https://www.youtube.com/watch?v=9S4Mo9lQZIA,2026-08-03T16:02:38Z,3983,356.56,356.56,9506,2026-08-04T19:43:14Z,9506
2026-08-04T03:12:52Z,Лучшие билды лиги | 1 divine  edition (за 1 диван),Старый казуал,https://www.youtube.com/watch?v=b66UmA4VJCo,2026-08-03T15:29:41Z,4882,416.56,416.56,7438,2026-08-04T19:43:14Z,7438
2026-08-04T03:12:52Z,[POE 3.29] Mana Stack Charlatan Frostmage: Week 1 Build Overview,SebK,https://www.youtube.com/watch?v=MWfLg7-n-kI,2026-08-03T10:10:32Z,10608,622.57,622.57,13812,2026-08-04T14:28:11Z,13812
2026-08-04T03:12:52Z,Hot Take: PoE 3.29 Is Good - 1 Week Review,ds lily,https://www.youtube.com/watch?v=DlRs537dnxk,2026-08-03T16:10:40Z,8734,791.35,791.35,13416,2026-08-04T19:43:14Z,13416
2026-08-04T03:12:52Z,Farm Hundreds of Divines with Kalguur! - PoE 3.29,Path of Evening,https://www.youtube.com/watch?v=o3ljK2vcqPE,2026-08-03T12:00:01Z,18225,1197.88,1197.88,25285,2026-08-04T14:28:11Z,25285
2026-08-04T03:12:52Z,ABYSS & BEYOND CURRENCY FARMING IN PATCH 3.29.1 - POE 3.29 ALLFLAME LEAGUE,efrything,https://www.youtube.com/watch?v=-H2dy80xlS8,2026-08-03T17:30:25Z,14777,1522.2,1522.2,30878,2026-08-04T19:43:14Z,30878
2026-08-04T03:12:52Z,Path of Exile 1 Has an Endgame/Loot Issue,Fubgun,https://www.youtube.com/watch?v=S1ShyqhWC9g,2026-08-03T17:34:12Z,54343,5634.55,5634.55,96291,2026-08-05T02:54:14Z,96291
2026-08-04T08:46:32Z,ONE Chart To A MIRROR Challenge! Second Monitor Content? [EP1] *Path Of Exile 3.29*,Cleddyf,https://www.youtube.com/watch?v=Mvv3FOftf78,2026-08-04T01:05:12Z,1785,232.15,383.17,7970,2026-08-05T08:43:41Z,7970
2026-08-04T08:46:32Z,POE 1 - The 3.29 Loot Situation Is Messy And Complex. Path of Exile Curse of the Allflame,sirgog,https://www.youtube.com/watch?v=ftAOBa4OvcQ,2026-08-04T04:32:36Z,5217,869.5,1266.09,20600,2026-08-05T14:21:14Z,20600
2026-08-04T08:46:32Z,JUST RUN! - I ran 100 charts without reading - Based or Cringe? - PoE #980,Empyriangaming,https://www.youtube.com/watch?v=wKL4_AtXh10,2026-08-02T13:02:52Z,80931,1850.78,1850.78,80931,2026-08-04T08:46:32Z,80931
2026-08-04T14:28:11Z,Path of Exile Economy Explained (Why Loot Feels Bad),Jazzarus,https://www.youtube.com/watch?v=Wm38DiGP5qY,2026-08-04T01:00:33Z,1464,108.76,108.76,2080,2026-08-05T08:43:41Z,2080
2026-08-04T14:28:11Z,Too HOT Today! Talking about random things while pushing 90ish Post-Game PoE1,Zaric Zhakaron,https://www.youtube.com/watch?v=c_-8rDZwnV4,2026-08-04T07:17:18Z,821,114.32,114.32,821,2026-08-04T14:28:11Z,821
2026-08-04T14:28:11Z,[POE1 3.29] SANCTBACK (Mapping Sucked) | Exsanguinate Mines Assassin Week 1 Update: 150m DPS,mas0ny1,https://www.youtube.com/watch?v=l8shMlL6mNA,2026-08-03T11:25:21Z,5132,189.74,189.74,5132,2026-08-04T14:28:11Z,5132
2026-08-04T14:28:11Z,"Strongboxes are still great, 25d/hr with Budget Boxes in 3.29 - Path of Exile 1",Fubgun,https://www.youtube.com/watch?v=dHmAxs_4FDA,2026-08-04T13:59:21Z,1873,312.17,1385.5,26226,2026-08-05T19:42:45Z,26226
2026-08-04T14:28:11Z,LUMINARY WITH THE FACEBREAKER! Zero to Hero | Path of Exile 3.29,EXILED CAT,https://www.youtube.com/watch?v=weL269dSU6s,2026-08-04T11:00:15Z,7535,1255.83,3320.34,67134,2026-08-05T14:21:14Z,67134
2026-08-04T19:43:14Z,Pushing Voidfletcher Warden To Extreme DPS On A Budget PoE 1 Build Showcase,Dr3adful,https://www.youtube.com/watch?v=oMjsPIyxxxg,2026-08-04T15:59:35Z,683,113.83,293.93,7236,2026-08-05T19:42:45Z,7236
2026-08-04T19:43:14Z,Hiii! We are bashed from sleep! PoE1 Late Night End-Game 14-16 + Delve,Zaric Zhakaron,https://www.youtube.com/watch?v=Yu4sG7Y7ffk,2026-08-04T10:37:16Z,1080,118.69,118.69,1080,2026-08-04T19:43:14Z,1080
2026-08-04T19:43:14Z,ЗАСКАМИЛ ЗРЕТЕЛЕЙ И СДЕЛАЛ СЕБЕ MAGEBLOOD! АППАРАТЫ КОРМЯТ НО НЕ ВАС | Path of Exile 1,Тупой Горностай,https://www.youtube.com/watch?v=LaLQPzAoJXM,2026-08-04T15:00:05Z,1162,193.67,214.15,3996,2026-08-05T19:42:45Z,3996
2026-08-04T19:43:14Z,3000 divines profit in 30 min from one Craft Poe2 -0.5,ASaVeQ,https://www.youtube.com/watch?v=eXGwo-FTXW8,2026-08-04T09:23:31Z,2365,228.98,228.98,3425,2026-08-05T14:21:14Z,3425
2026-08-04T19:43:14Z,4 Mirrors in 1 Map... (2/16),Redviles,https://www.youtube.com/watch?v=sJrty5sh4mY,2026-08-04T02:47:05Z,4623,272.97,272.97,5518,2026-08-05T08:43:41Z,5518
2026-08-04T19:43:14Z,Low Investment Farming Strategy for CURRENCY and GOLD - Atlas Strategy Guide for PoE 3.29,Peuget2,https://www.youtube.com/watch?v=gSyPHJulgJc,2026-08-03T14:00:14Z,8644,290.88,290.88,8644,2026-08-04T19:43:14Z,8644
2026-08-04T19:43:14Z,❰Path of Exile 3.29 Curse of the Allflame❱ Deep dive into Replica Maata's Teaching! Its really good,tabl3s,https://www.youtube.com/watch?v=0F7yNSIg2K8,2026-08-04T04:18:40Z,5513,357.77,357.77,7974,2026-08-05T02:54:14Z,7974
2026-08-04T19:43:14Z,Zero to Mirror Hideout Only Ep. 1: The Low Investment Infinite Currency Hack,XTheFarmerX,https://www.youtube.com/watch?v=2vZamOmLMvw,2026-08-04T15:30:07Z,4880,813.33,1603.04,36637,2026-08-05T19:42:45Z,36637
2026-08-04T19:43:14Z,Cast on Crit Blade Fall Blade Blast Assassin Build Guide 3.29 - Path of Exile,Ky - Path of Exile,https://www.youtube.com/watch?v=VPZCB0Edl9k,2026-08-04T01:03:03Z,24797,1328.19,1328.19,30870,2026-08-05T08:43:41Z,30870
2026-08-05T02:54:14Z,[POE2] 1티어 은신처 '성자의 끝 수도원 은신처' 리뷰 !! [패스오브엑자일2],REPEX | 리펙스,https://www.youtube.com/watch?v=SgOnf6m0bV4,2026-08-05T00:00:24Z,523,87.17,141.95,4392,2026-08-07T00:06:33Z,4392
2026-08-05T02:54:14Z,Rank 1 Delve Luminary Mercbot Deep Delve Push,Nerotox,https://www.youtube.com/watch?v=cXX5HKrF0vI,2026-08-03T20:07:13Z,3369,109.44,109.44,3369,2026-08-05T02:54:14Z,3369
2026-08-05T02:54:14Z,#pathofexile l Path of Exile 1 3.29 l Ep.10 จะระเบิดตรง T7 ไหมนะ,bAllz HD,https://www.youtube.com/watch?v=bO_BkwgrIdE,2026-08-04T19:34:55Z,1058,144.49,144.49,1080,2026-08-05T08:43:41Z,1080
2026-08-05T02:54:14Z,[POE 1] 🔥 El mejor farmeo de bajo riesgo que he probado | Guía,SnycMaster Kevin,https://www.youtube.com/watch?v=Nz_aM3sGkQ0,2026-08-04T21:50:49Z,1154,192.33,220.65,4955,2026-08-07T00:06:33Z,4955
2026-08-05T02:54:14Z,POE 3.29 - Farm 25-30 Div/Hour with Delirium (fast maps) - Path of Exile: Curse of the Allflame,Raychich,https://www.youtube.com/watch?v=gVRw6yMhGts,2026-08-04T10:00:16Z,6878,406.99,406.99,10366,2026-08-05T14:21:14Z,10366
2026-08-05T02:54:14Z,Poe 3.29 - The Best Ground Loot Abyss Farm in the Game - Propagation Abyss Scarab/Unique Farming,BawLoch,https://www.youtube.com/watch?v=WoEcYmynRZA,2026-08-04T12:00:33Z,24596,1651.31,1651.31,40223,2026-08-05T19:42:45Z,40223
2026-08-05T02:54:14Z,PoE Streamer's Strategy Is Printing Damnation Cards,Exiled Again,https://www.youtube.com/watch?v=LWScxEa7bIs,2026-08-04T14:39:54Z,37246,3043.22,3043.22,50043,2026-08-05T14:21:14Z,50043
2026-08-05T08:43:41Z,Beginner's Guide To Settlers of Kalguur | Path of Exile 3.29 Curse of the Allflame,Dconnic,https://www.youtube.com/watch?v=qNOqMtNTjCc,2026-08-04T09:30:09Z,2989,128.69,128.69,2989,2026-08-05T08:43:41Z,2989
2026-08-05T08:43:41Z,[3.29] Infinite legion MF is just a broken farm,Zeeboub,https://www.youtube.com/watch?v=GqND2AyNTHE,2026-08-04T09:07:05Z,4571,193.6,193.6,5300,2026-08-05T14:21:14Z,5300
2026-08-05T08:43:41Z,How Any Noob can Farm Currency In PoE 1 with Destructive Play - Path Of Exile Currency Guide,Master T,https://www.youtube.com/watch?v=XEVILASMu0o,2026-08-05T02:14:49Z,2811,433.7,595.79,18591,2026-08-07T00:06:33Z,18591
2026-08-05T14:21:14Z,"VERY Tanky, Chill and STRONG! Flamewood Chieftain - 1 Divine Challenge | Path of Exile 3.29",PaintMasterPoE,https://www.youtube.com/watch?v=VZLjaVsPaRU,2026-08-05T10:47:44Z,497,82.83,149.26,2978,2026-08-06T14:24:25Z,2978
2026-08-05T14:21:14Z,Endgame Facebreaker Luminary VS Blasted Monolith Valdo Map | 3.29 Path of Exile,Alohaa,https://www.youtube.com/watch?v=ifZt_aUyyR4,2026-08-04T13:43:49Z,5716,232.13,232.13,6226,2026-08-05T19:42:45Z,6226
2026-08-05T14:21:14Z,"Bu lig böylece biter, geçmiş olsun... - Curse of the Allflame - Path of Exile 1",Caner Jhonnie Güngörür,https://www.youtube.com/watch?v=EKi184P8qRg,2026-08-05T07:55:36Z,2042,317.71,317.71,4598,2026-08-06T08:45:34Z,4598
2026-08-05T14:21:14Z,"POE 1 - 3.29.2 Big Patch In Hours. Abyss Ground Loot, Legion & More. Path of Exile Allflame",sirgog,https://www.youtube.com/watch?v=OpDBVV7pljg,2026-08-05T11:33:21Z,4751,791.83,1461.34,19791,2026-08-07T00:06:33Z,19791
2026-08-05T14:21:14Z,[PATH OF EXILE 1 – 3.29] – EK IGNITE ELEMENTALIST – HERALD STACKING – CURSE OF THE ALLFLAME!,mbXtreme,https://www.youtube.com/watch?v=AHpgud_CBvE,2026-08-05T11:29:21Z,5341,890.17,2031.0,37052,2026-08-07T00:06:33Z,37052
2026-08-05T14:21:14Z,Path of Exile Developer Interview: What's Coming in 3.29 and 3.30,Zizaran,https://www.youtube.com/watch?v=YHkJ46c8Su8,2026-08-04T23:24:02Z,74717,4996.67,4996.67,113171,2026-08-07T00:06:33Z,113171
2026-08-05T19:42:45Z,Fomos engandados ou a GGG realmente resolveu o problema do POE 1 ?,kalibar,https://www.youtube.com/watch?v=P2zbFJAUvFY,2026-08-05T14:41:33Z,647,107.83,124.02,1861,2026-08-06T14:24:25Z,1861
2026-08-05T19:42:45Z,Rank 1 Delve Luminary Mercbot Deep Delve Push,Nerotox,https://www.youtube.com/watch?v=SI_vG2Bmskk,2026-08-04T19:34:41Z,3100,128.45,128.45,3167,2026-08-06T03:11:24Z,3167
2026-08-05T19:42:45Z,"High Investment Breach, 25d-30d an hour with Bloodlines in 3.29 - Path of Exile 1",Fubgun,https://www.youtube.com/watch?v=jCAI9sXKv0g,2026-08-05T16:09:09Z,2955,492.5,666.89,12720,2026-08-07T00:06:33Z,12720
2026-08-05T19:42:45Z,"Obejrzałem NOCNY WYWIAD o PoE 1, byś Ty nie musiał",Piotr Maciejczak,https://www.youtube.com/watch?v=xLpg-ebTGBw,2026-08-05T08:40:54Z,6906,626.05,626.05,9382,2026-08-06T14:24:25Z,9382
2026-08-05T19:42:45Z,ManaVader - Golden Charlatan Mana/Evasion Stacker,jungroan,https://www.youtube.com/watch?v=t00F62uFpyU,2026-08-05T01:40:19Z,20734,1149.29,1149.29,24277,2026-08-06T03:11:24Z,24277
2026-08-05T19:42:45Z,Zizaran Gets Massive Next League Reveals From GGG,Exiled Again,https://www.youtube.com/watch?v=S3iC55y-ghM,2026-08-05T13:00:33Z,30214,4507.16,4507.16,30214,2026-08-05T19:42:45Z,30214
2026-08-06T03:11:24Z,ONE OF THE BEST END GAME LEGION FARMS ON T16.5 MAPS (DUNES) - 3.29 CURSE OF THE ALLFLAME!,LangKatLegenda,https://www.youtube.com/watch?v=TbiKKCxtoSM,2026-08-04T20:21:46Z,2589,83.98,83.98,2589,2026-08-06T03:11:24Z,2589
2026-08-06T03:11:24Z,DRUIDA ULTRA SPEED,3p Venom,https://www.youtube.com/watch?v=nGHDoPfWsww,2026-08-05T23:43:29Z,688,114.67,158.61,3001,2026-08-07T07:23:54Z,3001
2026-08-06T03:11:24Z,[PoE] Simulacrum is a Great Way to Farm a Lot of Currency in 3.29,Carnarius,https://www.youtube.com/watch?v=YtOhEE_MMAg,2026-08-05T17:59:27Z,1139,123.81,123.81,1796,2026-08-06T14:24:25Z,1796
2026-08-06T03:11:24Z,AS PRÓXIMAS MUDANÇAS PODEM SALVAR CURSE OF THE ALLFLAME?,OhCouto,https://www.youtube.com/watch?v=qE9DVv59G5I,2026-08-05T13:00:08Z,1775,125.11,125.11,1973,2026-08-06T14:24:25Z,1973
2026-08-06T03:11:24Z,PUSHING 20000+ES RANK 1 ASSASSIN 50D/H SPEED FARMING DAY 11 POE 3.29 !pob !strat !filter,AlanStriker,https://www.youtube.com/watch?v=qzqCTkgiBBU,2026-08-05T16:37:21Z,3036,287.29,287.29,3094,2026-08-06T14:24:25Z,3094
2026-08-06T03:11:24Z,This 1 Divine Build Shouldn't Be This Broken,Dexykai,https://www.youtube.com/watch?v=yffHDmSSKg8,2026-08-06T00:00:52Z,2368,394.67,1639.38,31605,2026-08-07T07:23:54Z,31605
2026-08-06T03:11:24Z,Новости PoE 1 | Основное из интервью +улучшения абисса и лигмеханики | ПоЕ 3.29 Проклятие Всепламени,unstabb,https://www.youtube.com/watch?v=_1b3CzCZD18,2026-08-05T15:56:49Z,4938,439.2,439.2,8568,2026-08-07T00:06:33Z,8568
2026-08-06T03:11:24Z,Affordable Way To Build Bladefall By Abusing Pact Of Beidat And Unleash In PoE 1,Dr3adful,https://www.youtube.com/watch?v=4aB2G5xeiUA,2026-08-05T18:34:38Z,3913,454.31,454.31,7846,2026-08-07T07:23:54Z,7846
2026-08-06T03:11:24Z,Endgame will be COMPLETELY overhauled in PoE 1,Zizaran,https://www.youtube.com/watch?v=4vYx1Mhcny4,2026-08-05T20:00:36Z,8746,1218.07,1517.39,43372,2026-08-07T07:23:54Z,43372
2026-08-06T08:45:34Z,Path of Exile 1 - Вечная слава или забвение,CARDIFF GAMING,https://www.youtube.com/watch?v=HZ9ZJkmaqiA,2026-08-06T08:25:56Z,407,67.83,806.5,12764,2026-08-07T19:03:52Z,12764
2026-08-06T08:45:34Z,Abyss is About to Be JUICY — PoE 3.29.2 Patch Notes Review | Allflame,Hax,https://www.youtube.com/watch?v=BK-ILOweWWw,2026-08-06T01:00:22Z,627,80.87,80.87,627,2026-08-06T08:45:34Z,627
2026-08-06T08:45:34Z,POE 1 - 3.29 Scrying Mechanics And The Best Map To Scry - Path of Exile Allflame,sirgog,https://www.youtube.com/watch?v=7CdrLvdLA5I,2026-08-06T06:11:30Z,3450,575.0,1245.34,20844,2026-08-07T19:03:52Z,20844
2026-08-06T08:45:34Z,EK Enmity Chieftain | My Endgame Blaster for Patch 3.29 | Full Build Guide | Path of Exile,Palsteron,https://www.youtube.com/watch?v=2PIEa9Melvs,2026-08-05T22:15:52Z,13235,1261.06,1261.06,26744,2026-08-07T07:23:54Z,26744
2026-08-06T08:45:34Z,Changes to 3.29 Today!!,Zizaran,https://www.youtube.com/watch?v=sP8k1MZDTnE,2026-08-05T16:04:16Z,49577,2970.74,2970.74,49577,2026-08-06T08:45:34Z,49577
2026-08-06T14:24:25Z,PoE 3.29 | THE STRONGEST POE 1 BUILD – PoE Builds – Path of Exile Curse of the Allflame League,Path of Exile Builds,https://www.youtube.com/watch?v=I5NnVqi_kw0,2026-08-06T13:00:53Z,456,76.0,225.25,5745,2026-08-08T18:44:18Z,5745
2026-08-06T14:24:25Z,Divine Altar Voyage Guide Poe1.3.29,TranePanos,https://www.youtube.com/watch?v=fhKQ7QEa2C4,2026-08-06T11:32:27Z,711,118.5,325.22,12497,2026-08-08T01:58:02Z,12497
2026-08-06T14:24:25Z,"에센스와 용병의 단일딜 파밍, 체력 1만 치프틴은 괜찮은가? (금쌀 1일차)",투별[Twobyul] 유튜브,https://www.youtube.com/watch?v=kxFvWcV1gX8,2026-08-06T13:57:21Z,2295,382.5,382.5,2906,2026-08-07T07:23:54Z,2906
2026-08-07T00:06:33Z,【POE 1 3.29】掛機死靈女巫 × 酋長將軍戰吼盾碎 輕鬆刷圖｜星野かね,Hoshino Kane 星野かね Ch.,https://www.youtube.com/watch?v=XpVAk3UO93Y,2026-08-06T19:04:44Z,1018,169.67,169.67,1018,2026-08-07T00:06:33Z,1018
2026-08-07T00:06:33Z,"КАК НАФАРМИТЬ МИРРОР ВОДОЛАЗУ? ЧЕЛЛЕНДЖ ОТ ЗРИТЕЛЯ, ЧАСТЬ 1 | Path of Exile 1",Тупой Горностай,https://www.youtube.com/watch?v=_iVv9dNFyyc,2026-08-06T15:40:23Z,2006,237.79,237.79,4647,2026-08-08T18:44:18Z,4647
2026-08-07T00:06:33Z,Why Players Quit PoE2 0.5... Is It Simple? - Path of Exile 2 Pod w/ CastOnComet,Talkative Tri,https://www.youtube.com/watch?v=OQ2sH_MmxnU,2026-08-06T15:28:25Z,2902,336.05,336.05,7109,2026-08-08T18:44:18Z,7109
2026-08-07T00:06:33Z,"""Abyss needs something extra..."" | The PoE Report Podcast #13 | Path of Exile: Curse of the Allflame",Dreamcore,https://www.youtube.com/watch?v=OYmbjW6ZWQs,2026-08-06T15:52:21Z,7537,915.05,915.05,18890,2026-08-08T18:44:18Z,18890
2026-08-07T00:06:33Z,"Abyss Buffed, Was it good enough? New Patch Review - Path of Exile 1",Fubgun,https://www.youtube.com/watch?v=5mOh-aSkhg0,2026-08-06T15:29:44Z,18008,2090.63,2090.63,46325,2026-08-08T18:44:18Z,46325
2026-08-07T00:06:33Z,I went all in on ore farming - 50 million shipment - Based or Cringe? - PoE #981,Empyriangaming,https://www.youtube.com/watch?v=cDCI0urV8gM,2026-08-06T12:22:30Z,39951,3404.65,3404.65,64853,2026-08-08T01:58:02Z,64853
2026-08-07T07:23:54Z,[PoE 1]  3.29.2 บัพคอนเทนต์ลีค บัพอบิสอีกรอบ  (ปรับใช้แล้ว 06.08.2026),Gingerhair ARPG,https://www.youtube.com/watch?v=me5tNCzOKu8,2026-08-06T20:10:32Z,1416,126.17,126.17,2375,2026-08-08T12:57:55Z,2375
2026-08-07T07:23:54Z,"Abyss post BUFF test, Abyss+Propagation - Path of exile 1 3.29",LLYD,https://www.youtube.com/watch?v=wbTOuO4hfaQ,2026-08-06T17:19:19Z,1880,133.56,133.56,2790,2026-08-08T12:57:55Z,2790
2026-08-07T07:23:54Z,Timmy's Hardcore League is AWESOME! w/ @Timmy_P_onTwitch - The Path 2 Exile Podcast Ep. 55,MisoxShiru,https://www.youtube.com/watch?v=iDIB9-NMhNg,2026-08-07T01:02:41Z,1142,179.74,179.74,4401,2026-08-08T18:44:18Z,4401
2026-08-07T07:23:54Z,A WILD First EXILECON Qualifier Reveals our First Racer! - PATH of EXILE 2 Exilecon Qualifier 1 of 4,ZiggyD Gaming,https://www.youtube.com/watch?v=HQHtHyEzJQM,2026-08-07T04:20:04Z,1346,224.33,552.1,11243,2026-08-08T18:44:18Z,11243
2026-08-07T07:23:54Z,Fubgun Creates the Most Cursed Rare in PoE,Exiled Again,https://www.youtube.com/watch?v=ZcL7Hrb_cVk,2026-08-06T14:42:58Z,53116,3183.96,3183.96,75221,2026-08-08T18:44:18Z,75221
2026-08-07T13:15:04Z,[POE 1] 20 Mapas de ABYSS después del parche... este fue el resultado,SnycMaster Kevin,https://www.youtube.com/watch?v=EfGYdBmnioY,2026-08-07T00:24:54Z,1822,141.94,141.94,3002,2026-08-08T12:57:55Z,3002
2026-08-07T13:15:04Z,Sezona veda buildı... Ignite Penance Brand Elementalist - Curse of the Allflame - Path of Exile 1,Caner Jhonnie Güngörür,https://www.youtube.com/watch?v=RVzRlzg2UdU,2026-08-07T07:59:16Z,998,166.33,166.57,2830,2026-08-09T02:05:49Z,2830
2026-08-07T13:15:04Z,Everything We Know About PoE 2 Patch 0.5.5,Jazzarus,https://www.youtube.com/watch?v=Ga35-r5ZxTE,2026-08-07T00:45:20Z,2260,180.86,180.86,3275,2026-08-08T12:57:55Z,3275
2026-08-07T13:15:04Z,[3.29] +380M Damage Shrine Stacker (Best Build in Path of Exile History?!),Phoenix,https://www.youtube.com/watch?v=1vMzYKMwWxY,2026-08-06T15:55:33Z,4659,218.47,218.47,7128,2026-08-08T07:01:02Z,7128
2026-08-07T13:15:04Z,"Dostaniemy POLSKI JĘZYK w Path of Exile 1 i 2! POLSKA GUROM, PoE po Polsku!",Prozu,https://www.youtube.com/watch?v=AZerRstcGQ0,2026-08-07T10:45:51Z,1358,226.33,543.83,7438,2026-08-09T02:05:49Z,7438
2026-08-07T13:15:04Z,Новости PoE 1 | Основное из патча 3.29.2 (улучшения механики и абисса (опять)) | ПоЕ 3.29,unstabb,https://www.youtube.com/watch?v=F7de7vEwL90,2026-08-06T15:21:39Z,5509,251.66,251.66,6448,2026-08-08T18:44:18Z,6448
2026-08-07T13:15:04Z,POE 1 - 3.29 Day 14 League Meta - Top Builds So Far - Path of Exile Allflame,sirgog,https://www.youtube.com/watch?v=RRV2AkQurFY,2026-08-07T11:00:06Z,4268,711.33,1844.76,35352,2026-08-09T02:05:49Z,35352
2026-08-07T13:15:04Z,POE 3.29 - ABYSS FARM GOOD NOW! 30-35 Div/Hour Scarab Strat - Path of Exile: Curse of the Allflame,Raychich,https://www.youtube.com/watch?v=lw57u7aKylQ,2026-08-06T15:47:47Z,15890,740.62,740.62,31390,2026-08-08T18:44:18Z,31390
2026-08-07T19:03:52Z,"Path of Exile 2 - Spending 250,000 Hiveblood",OnesInTheChat,https://www.youtube.com/watch?v=WPqycS4qtKk,2026-08-07T14:30:08Z,1120,186.67,207.24,3727,2026-08-09T07:03:29Z,3727
2026-08-07T19:03:52Z,"The #1 Scarab Farm in 3.29, 40d an hour with Ethereal Allflame - Path of Exile 1",Fubgun,https://www.youtube.com/watch?v=6hsBA6EWAUI,2026-08-07T17:37:09Z,4279,713.17,2152.81,40760,2026-08-09T07:03:29Z,40760
2026-08-08T01:58:02Z,"НАФАРМИЛ МИРРОР, НО НЕ СЕБЕ?! 2 ЧАСТЬ - ФИНАЛ | Path of Exile 1",Тупой Горностай,https://www.youtube.com/watch?v=uuLsnvzbZGQ,2026-08-07T16:00:14Z,1834,184.07,184.07,3291,2026-08-09T07:03:29Z,3291
2026-08-08T01:58:02Z,PoE 1 | How to Craft: All Endgame Mercenary Items for a Manyshot/Combatant - 3.29 Crafting Guide,Allie,https://www.youtube.com/watch?v=4DDAGnIp3wE,2026-08-07T15:48:26Z,1911,188.09,188.09,4312,2026-08-09T07:03:29Z,4312
2026-08-08T01:58:02Z,Как собрать билд за 1 дивайн?,Старый казуал,https://www.youtube.com/watch?v=F6d3uAoMYt0,2026-08-07T17:45:20Z,1990,242.34,242.34,4503,2026-08-09T07:03:29Z,4503
2026-08-08T01:58:02Z,Farm Currency with Deli Mirrors and The Maven! - PoE 3.29,Path of Evening,https://www.youtube.com/watch?v=-sbmXskjNhE,2026-08-07T12:00:11Z,6547,468.84,468.84,11757,2026-08-09T07:03:29Z,11757
2026-08-08T01:58:02Z,DEATH'S OATH JOURNEY [FROM ZERO TO HERO] PART 1 - FINALLY VIABLE FOR ENDGAME? DEATH AURA BUILD,MAGEFIST,https://www.youtube.com/watch?v=kAFU7Xmlpls,2026-08-07T12:46:31Z,68738,5210.57,5210.57,108080,2026-08-09T07:03:29Z,108080
2026-08-08T07:01:02Z,1-2 DIV PROFIT EVERY MAP! Does This Setup ACTUALLY Work? BawLoch's Abyss Propagation Farm | PoE 3.29,leLireax,https://www.youtube.com/watch?v=S5mqtwtqRJQ,2026-08-06T18:00:17Z,2674,72.25,72.25,2843,2026-08-08T12:57:55Z,2843
2026-08-08T07:01:02Z,Double Strike of Momentum: One of the best Deep Delve builds - PoE 3.29,Duddybrainzz,https://www.youtube.com/watch?v=TP2G1ajxFH8,2026-08-07T06:01:56Z,6460,258.55,258.55,6460,2026-08-08T07:01:02Z,6460
2026-08-08T12:57:55Z,#pathofexile l Path of Exile 1 3.29 l Ep.11 l T11 เริ่มได้,bAllz HD,https://www.youtube.com/watch?v=S7DVrUwYvhU,2026-08-07T19:42:59Z,720,41.74,41.74,720,2026-08-08T12:57:55Z,720
2026-08-08T12:57:55Z,Is PoE 2's Endgame BETTER Than PoE 1? w/@Lolcohol! | Yap of Exile Podcast Ep. 12,WhateverMedia,https://www.youtube.com/watch?v=cEZONLfpBUA,2026-08-07T11:00:21Z,1276,49.15,49.15,1276,2026-08-08T12:57:55Z,1276
2026-08-08T12:57:55Z,[3.29] Gambling Stacked Decks & Upgrading Chaos DoT | Path of Exile 1 | Part 2,Kankar,https://www.youtube.com/watch?v=PMemVyzzU2o,2026-08-08T11:24:03Z,2680,446.67,1378.5,16361,2026-08-09T18:48:46Z,16361
2026-08-08T12:57:55Z,1 Divine Cold DoT vs All Ubers,Tuadh,https://www.youtube.com/watch?v=0p5vitbrOjc,2026-08-06T22:08:52Z,17653,454.77,454.77,17653,2026-08-08T12:57:55Z,17653
2026-08-08T18:44:18Z,PoE 3.29 | วิธีทำชาเลนจ์ในลีก Curse of the Allflame,BlueBroccoli,https://www.youtube.com/watch?v=Sp9uw9Q9gLA,2026-08-08T01:00:00Z,1503,84.73,84.73,2095,2026-08-09T13:01:21Z,2095
2026-08-08T18:44:18Z,[PoE -  Curse of the Allflame] 🔥 Día 2 HARDCORE: Jugamos con Fidojuegos | ¿Quién llega a mapas?,ZeMiSToKLeS,https://www.youtube.com/watch?v=B9XcvgS32wU,2026-08-08T15:17:26Z,537,89.5,89.5,570,2026-08-09T13:01:21Z,570
2026-08-08T18:44:18Z,"PoE1 & PoE2 po POLSKU 👀 News, Opinia i co MUSISZ wiedzieć o Polskiej Lokalizacji",DDras,https://www.youtube.com/watch?v=yA3s2ua9ma0,2026-08-08T09:52:54Z,1113,125.67,125.67,1722,2026-08-09T13:01:21Z,1722
2026-08-08T18:44:18Z,Abyss currency farm (no Propagation) - Path of Exile 1 3.29,LLYD,https://www.youtube.com/watch?v=89b3QBWJb6I,2026-08-08T12:00:08Z,3466,514.53,514.53,12862,2026-08-09T18:48:46Z,12862
2026-08-08T18:44:18Z,I Forced This 1C Unique To Farm Endgame With This Broken Interaction In POE 3.29,Dr3adful,https://www.youtube.com/watch?v=WM4qHKBo2os,2026-08-08T12:33:18Z,3680,595.13,595.13,7098,2026-08-09T18:48:46Z,7098
2026-08-08T18:44:18Z,Don’t Reroll Until You See These 5 GOD-TIER Builds | PoE 3.29,anime princess,https://www.youtube.com/watch?v=bQNUiorBupM,2026-08-06T13:00:24Z,39339,732.14,732.14,39339,2026-08-08T18:44:18Z,39339
2026-08-09T02:05:49Z,Path of Exile 2 - INSANE DPS Update | Ice Shot Deadeye🏹 | Mark to Win🎯UBER ENDGAME ROTA 0.5.4,DeathKing,https://www.youtube.com/watch?v=mGth8YbKK4o,2026-08-07T17:46:27Z,2167,67.04,67.04,2281,2026-08-09T07:03:29Z,2281
2026-08-09T02:05:49Z,FUI FARMAR SCARABS E DROPEI UM MIRROR! | Path of Exile 1 3.29,7Lonely Joker,https://www.youtube.com/watch?v=nojarrB6_iE,2026-08-08T19:18:46Z,529,77.97,100.72,2114,2026-08-10T02:10:20Z,2114
2026-08-09T02:05:49Z,"[PoE] Paradoxica Str Stack Jugg Update - 2B DPS Next, Aspect of Lunaris Tech, Sublime And More",Carnarius,https://www.youtube.com/watch?v=O7k0orxOO-c,2026-08-08T15:45:20Z,2383,230.43,235.84,6232,2026-08-10T02:10:20Z,6232
2026-08-09T02:05:49Z,PoE 1 | How I Became Unkillable With One Ring - Luminary Aurabot Endgame Update,Allie,https://www.youtube.com/watch?v=7i3PXgyO14M,2026-08-08T17:36:05Z,3611,425.03,425.03,9642,2026-08-10T02:10:20Z,9642
2026-08-09T02:05:49Z,Caedrel Tries Path of Exile and Gets the PoE Experience,Exiled Again,https://www.youtube.com/watch?v=dzfN7wPnBZg,2026-08-08T14:40:10Z,35741,3127.56,3127.56,49705,2026-08-09T18:48:46Z,49705
2026-08-09T07:03:29Z,INSANE CURRENCY With Path Of Evening's Strat? Deli + Maven Farm | PoE 3.29,leLireax,https://www.youtube.com/watch?v=wxwnnZg6zZA,2026-08-08T18:51:29Z,523,42.87,50.09,1405,2026-08-10T02:10:20Z,1405
2026-08-09T07:03:29Z,Path of Exile 1: คำสาปแห่งออลเฟลม,PaBoy Gamer,https://www.youtube.com/watch?v=XwFZJUS4ErY,2026-08-09T02:59:20Z,579,96.5,96.5,587,2026-08-09T18:48:46Z,578
2026-08-09T07:03:29Z,[Day 1 0D Networth] Zero To Mirror Playing The Game | Luminary LAAAANCE Gamer,XTheFarmerX,https://www.youtube.com/watch?v=ogk9-li70Z8,2026-08-09T04:28:20Z,7862,1310.33,1310.33,8583,2026-08-10T13:19:47Z,8583
2026-08-09T13:01:21Z,[PoE 1] A mercenária de tornado shot farmando !build,Melk PoE,https://www.youtube.com/watch?v=0x5xBEOxk6c,2026-08-09T00:43:56Z,301,24.49,24.49,301,2026-08-09T13:01:21Z,301
2026-08-09T13:01:21Z,POE 1: How to Melt Maven Easier When You're Flicker Strike,RPGIGAN,https://www.youtube.com/watch?v=vhWTirJ8XiA,2026-08-09T06:52:51Z,174,28.33,28.33,174,2026-08-09T13:01:21Z,174
2026-08-09T13:01:21Z,ONE Chart To A MIRROR Challenge! We Found A WHAT?!?! [EP2] *Path Of Exile 3.29*,Cleddyf,https://www.youtube.com/watch?v=pflY4VX5pdw,2026-08-09T11:03:56Z,287,47.83,221.88,3195,2026-08-10T19:03:29Z,3195
2026-08-09T13:01:21Z,🔴NEW PLAYER FRIENDLY KINETIC BLAST OF CLUSTERING | Path Of Exile 1,Phalanx,https://www.youtube.com/watch?v=5H9MMzl8TMw,2026-08-09T11:32:52Z,529,88.17,88.17,586,2026-08-10T07:50:23Z,586
2026-08-09T13:01:21Z,Path of Exile będzie po Polsku! (1 i 2) | Język Polski w PoE + Czym Jest Muzeum,Kondyss,https://www.youtube.com/watch?v=QohNWg36yKI,2026-08-09T10:12:03Z,586,97.67,199.72,2916,2026-08-10T19:03:29Z,2916
2026-08-09T13:01:21Z,"POE 1 - Essences of Desolation ""Back"". How To Get Armor Stacker Shields 3.29 Path of Exile Allflame",sirgog,https://www.youtube.com/watch?v=wM3Z3no0kQY,2026-08-09T07:57:41Z,4964,827.33,854.73,12742,2026-08-10T19:03:29Z,12742
2026-08-09T13:01:21Z,NEW CHIEFTAIN AUTOBOMBER | From Zero to Hero | Part 1 | Path of Exile 3.29,EXILED CAT,https://www.youtube.com/watch?v=lVC3jV4SlWo,2026-08-09T10:00:36Z,11806,1967.67,3822.87,61273,2026-08-10T19:03:29Z,61273
2026-08-09T18:48:46Z,【POE 1 3.29】兩大掛機流派！死靈女巫 × CWS酋長 魔血我來囉~｜星野かね,Hoshino Kane 星野かね Ch.,https://www.youtube.com/watch?v=HnNxVx9vSmQ,2026-08-09T17:15:49Z,222,37.0,37.0,222,2026-08-09T18:48:46Z,222
2026-08-09T18:48:46Z,🔴[LIVE] 💀First Time Ever Playing PATH OF EXILE 2 | HC SSF | Playthrough [Day 1],RelativityRabbit,https://www.youtube.com/watch?v=Xg6q9ZLqGQ4,2026-08-09T16:23:46Z,943,157.17,157.17,1015,2026-08-10T19:03:29Z,1015
2026-08-09T18:48:46Z,Oyun neden bu hale geldi? Sezon değerlendirmesi... - Curse of the Allflame - Path of Exile 1,Caner Jhonnie Güngörür,https://www.youtube.com/watch?v=9TI-WFx0vmU,2026-08-09T07:58:06Z,2423,223.43,223.43,4035,2026-08-10T19:03:29Z,4035
2026-08-09T18:48:46Z,I Can't Stop Playing This One Button Scourge Arrow Slayer | PoE 3.29,aer0,https://www.youtube.com/watch?v=cL6cOehwRRw,2026-08-09T15:01:50Z,2941,490.17,754.55,11680,2026-08-11T07:15:31Z,11680
2026-08-09T18:48:46Z,"Merc Rush Strat, Mageblood/HH Farm - Path of Exile 1",Fubgun,https://www.youtube.com/watch?v=X80DGiG11HM,2026-08-09T16:23:03Z,7481,1246.83,2197.36,37091,2026-08-11T07:15:31Z,37091
2026-08-10T02:10:20Z,#pathofexile l Path of Exile 1 3.29 l Ep.12 l ตัวใหม่ เริ่มได้,bAllz HD,https://www.youtube.com/watch?v=k2v57Qho2Vs,2026-08-09T16:53:40Z,367,39.56,63.5,381,2026-08-10T13:19:47Z,381
2026-08-10T02:10:20Z,POE 2 Abyss Farming: Session 3 | 10 UNCUT Maps with Jado + 8-Mod Waystones | Tips + Profit Breakdown,ebollass,https://www.youtube.com/watch?v=_NuWkmbiN_8,2026-08-09T12:35:50Z,583,42.95,42.95,773,2026-08-10T07:50:23Z,773
2026-08-10T02:10:20Z,Path of Exile 1: คำสาปแห่งออลเฟลม,PaBoy Gamer,https://www.youtube.com/watch?v=CNl1Md7dHr8,2026-08-09T23:22:23Z,262,43.67,43.67,289,2026-08-10T07:50:23Z,289
2026-08-10T02:10:20Z,Atlas Anomalies Explained! | Path of Exile 3.29,MtnTechGames,https://www.youtube.com/watch?v=QM9ptroOg-k,2026-08-09T14:00:28Z,630,51.79,235.25,7920,2026-08-11T02:05:01Z,7920
2026-08-10T02:10:20Z,Stacked Decks Farm HUGE ANALYSIS | Path of Exile 1: Cure of the Allflame 3.29,Geek Artist Gamer,https://www.youtube.com/watch?v=TcrRePpNPR8,2026-08-09T19:30:10Z,575,86.21,193.53,5254,2026-08-11T13:16:46Z,5254
2026-08-10T02:10:20Z,My BEST Wand Since Sentinel League - PoE 3.29 ALLFLAME League 1399,TheGAM3Report1,https://www.youtube.com/watch?v=1TgNKI7Lixg,2026-08-09T15:01:20Z,1062,95.25,95.25,1402,2026-08-10T19:03:29Z,1402
2026-08-10T07:50:23Z,[PoE 1] Challenges e torrando currency !build,Melk PoE,https://www.youtube.com/watch?v=PuSPIzZ5t9U,2026-08-09T23:58:49Z,296,37.66,37.66,296,2026-08-10T07:50:23Z,296
2026-08-10T07:50:23Z,Minha Nova Saga no PoE 2! Explicando as Regras l Do Zero Até 1 Mirror (LISO TO MIRROR),ChibaTTV,https://www.youtube.com/watch?v=jRSkxYAJyQw,2026-08-08T22:26:34Z,1380,41.32,41.32,1380,2026-08-10T07:50:23Z,1380
2026-08-10T07:50:23Z,25 Divines/Hour While Searching for Divine Voyage! 3.29 Allflame Path of Exile 1,skoepk,https://www.youtube.com/watch?v=zkx1ycCFCcU,2026-08-09T18:34:05Z,724,54.55,58.1,1354,2026-08-11T02:05:01Z,1354
2026-08-10T07:50:23Z,I Can't Stop Gambling These Uniques... | Legion,Mister37,https://www.youtube.com/watch?v=EhJzK14aQbw,2026-08-09T08:00:02Z,3431,143.92,143.92,3822,2026-08-10T19:03:29Z,3822
2026-08-10T07:50:23Z,1 Divine Winter Orb vs All Ubers,Tuadh,https://www.youtube.com/watch?v=GULT7eNfmW0,2026-08-08T21:25:55Z,11590,336.84,336.84,11590,2026-08-10T07:50:23Z,11590
2026-08-10T13:19:47Z,1 RUN = 5 DIVINES POE 3.29 #якоря #allflame #pathofexile #poe1,ysgrmr,https://www.youtube.com/watch?v=AD78SsGKh-w,2026-08-10T10:00:25Z,269,44.83,61.87,1178,2026-08-11T19:08:41Z,1178
2026-08-10T13:19:47Z,🔴!mirror KINGSMARCH ORE FARMING | Path Of Exile 1,Phalanx,https://www.youtube.com/watch?v=WSR5W8-6AJQ,2026-08-10T09:51:46Z,318,53.0,53.0,318,2026-08-10T13:19:47Z,318
2026-08-10T13:19:47Z,Double Strike of Momentum Juggernaut - 1 Divine Challenge | Path of Exile 3.29,PaintMasterPoE,https://www.youtube.com/watch?v=vVSYxA0XPhE,2026-08-10T11:59:56Z,362,60.33,311.11,5815,2026-08-11T19:08:41Z,5815
2026-08-10T13:19:47Z,POE 3.29 중독 신성 유물 빌드 가이드｜EHP 80만·딜 3500만 세팅,카키카키 게이밍 KakiGaming,https://www.youtube.com/watch?v=9gcSMmRPn_s,2026-08-10T06:55:17Z,964,150.42,150.42,2430,2026-08-11T19:08:41Z,2430
2026-08-10T13:19:47Z,Dia 1 - Liso To Mirror - Progredindo nos mapas,ChibaTTV,https://www.youtube.com/watch?v=Rj3hZkecwAA,2026-08-10T04:33:33Z,1486,169.43,169.43,1588,2026-08-11T13:16:46Z,1588
2026-08-10T19:03:29Z,【POE 1 3.29】酋長下礦坑刷化石！輕鬆挖礦農通貨｜星野かね,Hoshino Kane 星野かね Ch.,https://www.youtube.com/watch?v=-Nopc2aVn_A,2026-08-10T17:10:32Z,301,50.17,50.17,301,2026-08-10T19:03:29Z,301
2026-08-10T19:03:29Z,One Drop Decides Your Kingsmarch Strategy (Runegrafts vs Tattoos) | Path of Exile,Hax,https://www.youtube.com/watch?v=nNYfHcLCwZ4,2026-08-09T14:14:16Z,2400,83.27,83.27,2757,2026-08-11T07:15:31Z,2757
2026-08-10T19:03:29Z,Gia hạn hợp đồng Livestream POE thêm 1 tuần - RF build - Path of Exile,CheinGaming,https://www.youtube.com/watch?v=TQLu5vZYjU0,2026-08-10T15:25:54Z,511,85.17,85.17,564,2026-08-11T02:05:01Z,564
2026-08-11T02:05:01Z,I WENT ALL IN ON FARMING ORE - 150 Million Shipment Value | Path Of Exile 1,Phalanx,https://www.youtube.com/watch?v=EFweeHA1cN4,2026-08-10T21:00:12Z,252,42.0,107.83,2317,2026-08-12T19:07:47Z,2317
2026-08-11T02:05:01Z,【POE2】都市リチュ1時間ノーカット ※開始～00:05:00までノイズ有,完全究極体ミルタンク,https://www.youtube.com/watch?v=UaMxulPG3CM,2026-08-09T18:27:33Z,1410,44.59,44.59,1683,2026-08-11T13:16:46Z,1683
2026-08-11T02:05:01Z,Insane Loot or Total Scam? 📦Part 1,Sanchos Smazhnuy,https://www.youtube.com/watch?v=ef59nyoquqI,2026-08-10T08:20:25Z,1039,58.56,58.56,1092,2026-08-11T19:08:41Z,1092
2026-08-11T02:05:01Z,"Oops, I Did It Again... - PoE 3.29 ALLFLAME League 1400",TheGAM3Report1,https://www.youtube.com/watch?v=e49MDdfF074,2026-08-10T14:54:17Z,680,60.83,60.83,1109,2026-08-12T02:22:31Z,1109
2026-08-11T02:05:01Z,LISO TO MIRROR #1: COMO FOI MEU PRIMEIRO DIA! Do 1 Divine ao 1 Mirror | Path of Exile 2,ChibaTTV,https://www.youtube.com/watch?v=3aLCsL-iqoY,2026-08-10T18:36:03Z,493,65.88,65.88,1199,2026-08-12T07:39:49Z,1199
2026-08-11T02:05:01Z,Path of Exile 1: คำสาปแห่งออลเฟลม,PaBoy Gamer,https://www.youtube.com/watch?v=ebQVXRVvqKU,2026-08-10T23:28:42Z,454,75.67,75.67,474,2026-08-11T13:16:46Z,474
2026-08-11T02:05:01Z,🛑12h MARATHON- Mozemo li pod stare dane!?? :) //LIVE # 1🛑[BALK/ENG] 2K 9070 XT,Code_nameX,https://www.youtube.com/watch?v=wkPO0a_Skrg,2026-08-11T01:48:48Z,554,92.33,100.0,631,2026-08-11T19:08:41Z,631
2026-08-11T02:05:01Z,[3.29] CI CoC Freezing Pulse Build | Assassin | Curse of the Allflame | Path of Exile 3.29,TheMehmetBozlak,https://www.youtube.com/watch?v=8gKdVACONUc,2026-08-10T13:46:19Z,2310,187.62,187.62,4336,2026-08-12T02:22:31Z,4336
2026-08-11T02:05:01Z,What is The Bodach? | Path Of Exile 2 Lore,Lore Of Exile,https://www.youtube.com/watch?v=Kl_gcuNHM2s,2026-08-10T23:14:23Z,1382,230.33,493.74,13126,2026-08-12T19:07:47Z,13126
2026-08-11T02:05:01Z,Zero To Mirror Playing The Game Ep 1. Sulphur Farming Is An INSANE Budget Farm,XTheFarmerX,https://www.youtube.com/watch?v=Fj4Vp8wu5do,2026-08-10T22:20:02Z,4778,796.33,1262.97,25744,2026-08-12T19:07:47Z,25744
2026-08-11T07:15:31Z,"[PoE 1] อธิบายคอนเทนต์ Kingsmarch (จ้างคนงาน, ส่งเรือ และอื่น ๆ)",Gingerhair ARPG,https://www.youtube.com/watch?v=ME3etFTQ11U,2026-08-10T21:26:28Z,1226,124.88,124.88,2535,2026-08-12T19:07:47Z,2535
2026-08-11T07:15:31Z,PoE 3.29 Breach Farm - 25+ Div/Hour,rhino9192,https://www.youtube.com/watch?v=GaWOnCCYfAc,2026-08-11T00:09:44Z,974,137.25,386.94,10889,2026-08-12T19:07:47Z,10889
2026-08-11T07:15:31Z,This Farm Is Better Than EVER.,Asterix,https://www.youtube.com/watch?v=XgTxfUwWK8g,2026-08-10T20:34:34Z,5206,487.33,487.33,13600,2026-08-12T13:20:39Z,13600
2026-08-11T13:16:46Z,"My first Autobomber/Wardloop, Reliquarian Cast on Ward Break - Path of exile 1 3.29",LLYD,https://www.youtube.com/watch?v=SLi4jXxieeo,2026-08-11T12:00:22Z,255,42.5,266.16,4929,2026-08-13T02:24:11Z,4929
2026-08-11T13:16:46Z,오늘 한마리의 고슴도치는... 학살이다!! 학살!!! (금쌀 1일차),투별[Twobyul] 유튜브,https://www.youtube.com/watch?v=QgXXMVwyKTo,2026-08-10T12:36:02Z,2070,83.88,83.88,2086,2026-08-11T19:08:41Z,2086
2026-08-11T13:16:46Z,NEW DAMNATION ФАРМ КОТОРЫЙ ВАС УДИВИТ! ВСЕГДА В ПРОФИТЕ 10D/H ДО 3MIR - Path of exile 1 allflame,madarapoe,https://www.youtube.com/watch?v=Sc9g8wxbANc,2026-08-11T09:12:57Z,2179,363.17,400.65,8024,2026-08-13T02:24:11Z,8024
2026-08-11T19:08:41Z,"[Poe] Paradoxica Str Stack Jugg Final Update - Blasted Monolith Cleared, How To Push Dmg and More",Carnarius,https://www.youtube.com/watch?v=a0g0ev3Ozds,2026-08-11T16:55:11Z,538,89.67,263.65,5500,2026-08-13T13:22:35Z,5500
2026-08-11T19:08:41Z,30+div/h Чизель+делириум фарм 8mod city square - Path of exile 1 allflame,madarapoe,https://www.youtube.com/watch?v=Dq9kpp_rTaA,2026-08-11T16:48:37Z,1001,166.83,166.83,3007,2026-08-13T13:22:35Z,3007
2026-08-11T19:08:41Z,"Herald Stacking EK, The Final Update - Full Build Guide - Path of Exile 1",Fubgun,https://www.youtube.com/watch?v=3jZWwXZkMJs,2026-08-11T13:31:18Z,9595,1599.17,1599.17,26963,2026-08-13T02:24:11Z,26963
2026-08-11T19:08:41Z,Ben Makes an Insane Voyage That Prints Divines,Exiled Again,https://www.youtube.com/watch?v=eVTG7Z8KFPY,2026-08-10T14:09:13Z,47510,1638.78,1638.78,50966,2026-08-12T07:39:49Z,50966
2026-08-12T02:22:31Z,Harvest Cornucopia | 1+ Divine per map | Path of Exile 3.29,ImSidVicious,https://www.youtube.com/watch?v=4C_gd_hW0Xw,2026-08-11T17:29:10Z,329,37.01,38.82,1337,2026-08-13T07:41:41Z,1337
2026-08-12T02:22:31Z,"MIRROR DROP! Rusei's ""25-40 DIV/H"" Blight Ravaged Farm Was A Complete DISASTER... | PoE 3.29",leLireax,https://www.youtube.com/watch?v=WjgJEUQstx4,2026-08-11T10:00:27Z,727,44.42,46.35,1620,2026-08-13T02:24:11Z,1620
2026-08-12T02:22:31Z,"[POE 1] ☠️PCONC UBER🧪: DAÑO, RESISTENCIA Y LIMPIEZA | GUIA+POB",SnycMaster Kevin,https://www.youtube.com/watch?v=MY-yEzxUB2Q,2026-08-11T20:25:21Z,1017,169.5,169.5,3283,2026-08-13T19:08:37Z,3283
2026-08-12T02:22:31Z,45-60 Div/Hour  T17 Sanctuary Boss Rush Farm POE 3.29 - Path of Exile: Curse of the Allflame,Raychich,https://www.youtube.com/watch?v=QS_RrIORZec,2026-08-11T21:22:04Z,1723,287.17,455.67,13664,2026-08-13T13:22:35Z,13664
2026-08-12T02:22:31Z,【新番上线】《定风波》第1~5季：身负废脉贬居北凉受尽冷眼，韬光养晦暗藏实力，一朝携圣女共定山河！全集 MULTI SUB,薄荷小屋,https://www.youtube.com/watch?v=ukyPeKLjZHI,2026-08-11T12:42:34Z,4796,350.95,350.95,4796,2026-08-12T02:22:31Z,4796
2026-08-12T02:22:31Z,Ghost Cannon Wildstrike With A Merc Support Feels Like One Of The Coolest Builds I'd Ever Made,Mathilification,https://www.youtube.com/watch?v=NkUxQIjKCdA,2026-08-10T20:04:41Z,27701,914.31,914.31,28490,2026-08-12T07:39:49Z,28490
2026-08-12T07:39:49Z,POE 1 - Vestigial Uniques OP? How Sirus Gloves Become Mirror Tier - 3.29 Path of Exile Allflame,sirgog,https://www.youtube.com/watch?v=WxnsgI2xYrI,2026-08-12T07:26:22Z,381,63.5,1289.78,22697,2026-08-14T07:39:14Z,22697
2026-08-12T07:39:49Z,[PoE 1] A build que o mercenário te CARREGA! (com versão barata) - guia completo,Melk PoE,https://www.youtube.com/watch?v=56Uey_AhjMo,2026-08-11T18:32:20Z,1214,92.5,92.5,2528,2026-08-13T13:22:35Z,2528
2026-08-12T07:39:49Z,NEW Spectre Added to build! - PoE 3.29 ALLFLAME League 1401,TheGAM3Report1,https://www.youtube.com/watch?v=k1BVchEgZEc,2026-08-11T22:39:39Z,1085,120.52,131.17,2976,2026-08-13T19:08:37Z,2976
2026-08-12T07:39:49Z,Forcing Decay Occultist Farm Endgame Content Without Breaking The Bank In PoE 1 3.29,Dr3adful,https://www.youtube.com/watch?v=MCgZsCoSq5Y,2026-08-11T21:59:14Z,3538,365.63,365.63,7496,2026-08-13T19:08:37Z,7496
2026-08-12T13:20:39Z,40+ DIV/H Or WASTE OF TIME? 10 Maps Of Fubgun's Allflame Farm | PoE 3.29,leLireax,https://www.youtube.com/watch?v=n4r_4QlQsRM,2026-08-12T03:00:09Z,375,36.26,92.78,2602,2026-08-14T02:22:02Z,2602
2026-08-12T13:20:39Z,Mercenary Pricing Guide – Price & Farm Mercenaries,TranePanos,https://www.youtube.com/watch?v=zruHV4812Gc,2026-08-11T21:49:34Z,569,36.67,47.79,1389,2026-08-13T13:22:35Z,1389
2026-08-12T19:07:47Z,[POE 1] REMPLAZO BARATO PARA LA CLUSTER UNICA,SnycMaster Kevin,https://www.youtube.com/watch?v=w76KsrH5faQ,2026-08-12T07:32:58Z,717,61.92,61.92,1345,2026-08-13T19:08:37Z,1345
2026-08-12T19:07:47Z,1 Billion Damage a Punch! Facebreakers Gone Nuclear!,DireGray,https://www.youtube.com/watch?v=ixxvQxjBpnw,2026-08-12T00:54:20Z,3760,206.32,206.32,4510,2026-08-13T19:08:37Z,4510
2026-08-12T19:07:47Z,LUMINARY IS THE ONLY THING KEEPING ME IN 3.29 | Boots & Shield Craft - Path of Exile 1,Spicysushi PoE,https://www.youtube.com/watch?v=Y95F6-ZUDiw,2026-08-12T14:33:38Z,4941,823.5,1126.78,24183,2026-08-14T13:17:28Z,24183
2026-08-13T02:24:11Z,Path of Exile 2 Resistances Explained - Class of Exile,MyleSwi,https://www.youtube.com/watch?v=2nxrxpnstgw,2026-08-12T17:45:28Z,931,107.69,107.69,2521,2026-08-14T13:17:28Z,2521
2026-08-13T02:24:11Z,New Recombinator Tech | Soft Guide | 3.29 Path of Exile,Doth,https://www.youtube.com/watch?v=3-IVI_3HrL8,2026-08-11T20:02:25Z,21315,702.01,702.01,27861,2026-08-13T19:08:37Z,27861
2026-08-13T07:41:41Z,DIABLO 4,3p Venom,https://www.youtube.com/watch?v=e7287jtmB3Y,2026-08-13T03:47:59Z,256,42.67,54.09,637,2026-08-13T19:08:37Z,637
2026-08-13T07:41:41Z,PoE 2 Rarity Problem Is More Complicated Than You Think,Jazzarus,https://www.youtube.com/watch?v=Z6CLM61j1ME,2026-08-12T16:45:29Z,2324,155.59,155.59,2891,2026-08-14T13:17:28Z,2891
2026-08-13T07:41:41Z,⚡Mirror To Zero Day 1  - Endgame Monk Abyss | PoE 2,Diztoh,https://www.youtube.com/watch?v=YWGN_bq2SW0,2026-08-13T05:35:39Z,3027,504.5,504.5,4371,2026-08-15T06:46:13Z,4371
2026-08-13T07:41:41Z,"POE 1 - 3.29.3 Was Meant To Be A Buff Patch, But There's A Nasty Nerf - 3.29 Path of Exile Allflame",sirgog,https://www.youtube.com/watch?v=JssO_oIEv34,2026-08-13T04:28:23Z,5786,964.33,1659.45,30331,2026-08-15T06:46:13Z,30331
2026-08-13T13:22:35Z,My FOULBORN BLADE BLAST Assassin DESTROYS Maps | PoE 3.29 ultimate build guide,Amonera,https://www.youtube.com/watch?v=tw8Yl-Y88Hw,2026-08-12T21:19:30Z,558,34.76,37.67,1565,2026-08-14T19:00:22Z,1565
2026-08-13T13:22:35Z,[PoE 3.29] Ultimatum Grueling Gauntlet Guide — How to Run the Mechanic and Make Huge Profit Fast,Travic,https://www.youtube.com/watch?v=-H7I17MA09I,2026-08-12T17:20:58Z,2289,114.29,114.29,2289,2026-08-13T13:22:35Z,2289
2026-08-13T13:22:35Z,Sushi Crafts the Most Broken Item in PoE,Exiled Again,https://www.youtube.com/watch?v=EFQTq_ROIkw,2026-08-12T14:32:21Z,47176,2065.73,2065.73,57935,2026-08-14T13:17:28Z,57935
2026-08-13T19:08:37Z,[Path of Exile 1] #10 Кровавый жнец. Лига 3.29. Атлас и кражи.,KoToMaTb,https://www.youtube.com/watch?v=LztsTBo8B4Y,2026-08-13T14:42:29Z,271,45.17,45.17,271,2026-08-13T19:08:37Z,271
2026-08-13T19:08:37Z,New Build! Blade Vortex Crab Totems Reliquarian With EK Level 1-61 - GSF Allflame EP 11,ItFightsBack,https://www.youtube.com/watch?v=f2JqCIs1tBM,2026-08-12T08:42:56Z,1908,55.42,55.42,2019,2026-08-14T07:39:14Z,2019
2026-08-13T19:08:37Z,Dia 4 - Liso To Mirror - Progredindo nos mapas,ChibaTTV,https://www.youtube.com/watch?v=N9PUxh-gBb8,2026-08-13T05:16:26Z,980,70.66,70.66,987,2026-08-14T07:39:14Z,987
2026-08-13T19:08:37Z,PoE 1 - Luminary SSF Fresh Start Progression,Pohx,https://www.youtube.com/watch?v=zHldAaUlm90,2026-08-13T13:49:08Z,1438,239.67,318.29,8422,2026-08-15T12:47:00Z,8422
2026-08-13T19:08:37Z,PoE2 Changed... A LOT! - Path of Exile 2 Pod w/ SamyCaps,Talkative Tri,https://www.youtube.com/watch?v=v3H1MQnbM0M,2026-08-13T14:07:07Z,1619,269.83,312.93,5805,2026-08-15T12:47:00Z,5805
2026-08-14T02:22:02Z,GETTING RICH FAST?! Testing Palsteron's Everything Rush (40 Maps) | PoE 3.29,leLireax,https://www.youtube.com/watch?v=PYvaeL3WpIs,2026-08-13T19:29:03Z,306,44.46,100.47,2655,2026-08-15T18:36:04Z,2655
2026-08-14T02:22:02Z,"[POE 1] VOYAGES MAS DIFICILES, PERO Y EL LOOT?💰",SnycMaster Kevin,https://www.youtube.com/watch?v=KLam4iUmy8I,2026-08-14T00:49:59Z,326,54.33,162.88,2372,2026-08-15T18:36:04Z,2372
2026-08-14T02:22:02Z,"[POE 3.29] Farm de esencias, qué tal está ahora mismo? Test completo | Path of Exile 1",AldoUY POE,https://www.youtube.com/watch?v=5bm-dA4Uvdc,2026-08-13T20:00:21Z,477,74.98,111.95,2182,2026-08-15T18:36:04Z,2182
2026-08-14T02:22:02Z,"🔴LIVE ｜PoE2 부캐 룰렛 낮 12시~1시, 끝나고 바로 황제 육성으로 엑트 마무리!!!",게임의 시작은 4Easy,https://www.youtube.com/watch?v=u76raLVbuLg,2026-08-13T04:58:25Z,4261,199.17,199.17,4282,2026-08-15T01:34:17Z,4282
2026-08-14T02:22:02Z,You're Scrying The Wrong Map | Path of Exile 3.29,Hax,https://www.youtube.com/watch?v=BJoW8Mf_EZk,2026-08-12T22:07:02Z,7154,253.24,253.24,8455,2026-08-14T19:00:22Z,8455
2026-08-14T02:22:02Z,Path of Exile 2 BIG REVEAL in 2 Weeks?? (News & SamyCaps Pod),Talkative Tri,https://www.youtube.com/watch?v=n6lvtlXh37g,2026-08-13T13:41:11Z,3268,257.71,257.71,3901,2026-08-15T12:47:00Z,3901
2026-08-14T02:22:02Z,The Secrets that Elite Delvers DONT WANT YOU TO KNOW Part 1 - PoE 3.29,Duddybrainzz,https://www.youtube.com/watch?v=0HYedNha6UQ,2026-08-13T05:47:26Z,11628,565.1,565.1,16364,2026-08-15T06:46:13Z,16364
2026-08-14T07:39:14Z,"Tiny Budget, BIG Performance - Shield Wall Gemling Level 1 to Endgame Full Build Guide [POE2 0.5]",Phylaris POE,https://www.youtube.com/watch?v=bsVze_UFo0c,2026-08-12T15:23:51Z,1802,44.76,44.76,1876,2026-08-14T13:17:28Z,1876
2026-08-14T13:17:28Z,[PoE 1] Como completar TODOS os desafios e ganhar as SKINS da liga! - guia completo,Melk PoE,https://www.youtube.com/watch?v=ZejLi-nLlhQ,2026-08-13T20:17:53Z,753,44.31,44.31,958,2026-08-14T19:00:22Z,958
2026-08-14T13:17:28Z,First Time Flicker in PoE 1 - Day 2 of Flicker Strike,FGKorbyn21,https://www.youtube.com/watch?v=Q0qYVlG3ZP0,2026-08-14T13:09:14Z,287,47.83,49.67,298,2026-08-14T19:00:22Z,298
2026-08-14T13:17:28Z,"Новости PoE 1 | Основное из патча 3.29.3 (Проклятые дукаты и ""бафф"" дропа механики) | ПоЕ 3.29",unstabb,https://www.youtube.com/watch?v=HQb3cqbwj2w,2026-08-13T13:34:48Z,7459,314.58,314.58,8320,2026-08-15T06:46:13Z,8320
2026-08-14T19:00:22Z,【PoE2】近接トーテムが2刀流で暴走開始!? 楽勝ACT装備クラフト＆スキル振りを完全解説 ACT3-4編【Path of Exile 2】,おひつじのゲーム,https://www.youtube.com/watch?v=VsArlgwdepY,2026-08-14T09:00:06Z,309,30.89,30.89,309,2026-08-14T19:00:22Z,309
2026-08-14T19:00:22Z,This Martial Artist Build Does 1 billion DPS!!!!,CraftyXII,https://www.youtube.com/watch?v=paaax4z0v88,2026-08-14T03:04:29Z,952,59.76,59.76,1591,2026-08-16T01:40:55Z,1591
2026-08-14T19:00:22Z,"Harvest Corp Rotation is still very strong, 30+Div/hr - Path of exile 1 3.29",LLYD,https://www.youtube.com/watch?v=OA2Hjd91H9w,2026-08-14T12:00:24Z,712,101.72,113.23,3154,2026-08-16T06:48:24Z,3154
2026-08-14T19:00:22Z,"Polskie PoE bliżej niż myślisz? Tłumacz Diablo mówi, jak jest!",Ryslaw,https://www.youtube.com/watch?v=WptqBkQ6RUE,2026-08-13T17:55:01Z,15982,637.01,637.01,17717,2026-08-15T06:46:13Z,17717
2026-08-14T19:00:22Z,"""They opened Pandora's box..."" | The PoE Report Podcast #14 | Path of Exile: Curse of the Allflame",Dreamcore,https://www.youtube.com/watch?v=TOZ6v3OWcSI,2026-08-14T14:28:42Z,4369,728.17,933.46,18572,2026-08-16T12:48:59Z,18572
2026-08-15T01:34:17Z,Path of Exile 1 [3.29] THREE FARMS TO MAKE YOU RICH,just_a_rafi,https://www.youtube.com/watch?v=KPq0XsZjpB0,2026-08-14T18:00:45Z,521,68.92,123.53,2611,2026-08-16T18:35:26Z,2611
2026-08-15T01:34:17Z,PATCH 3.29.3 + A POLÊMICA DOS ITENS LEGACY | Curse of the Allflame,OhCouto,https://www.youtube.com/watch?v=XYTKgO85gPU,2026-08-14T14:00:39Z,1092,94.46,94.46,1283,2026-08-16T01:40:55Z,1283
2026-08-15T01:34:17Z,PoE 1: Legion Farming Feels Great in 3.29,TimEnjoysGnocchis,https://www.youtube.com/watch?v=WBHtCx1RksA,2026-08-14T17:23:03Z,1117,136.43,191.26,6787,2026-08-16T12:48:59Z,6787
2026-08-15T01:34:17Z,damnation machine deep mine DAPF0.1,Chơi Game Cùng Nguyễn,https://www.youtube.com/watch?v=D_LlBNjS5Y0,2026-08-15T01:19:05Z,1021,170.17,180.5,1083,2026-08-17T01:38:57Z,1050
2026-08-15T01:34:17Z,PoE 1 | 3.29 CotA - SSF Zero to Hero Luminary Pt. 1,Pohx,https://www.youtube.com/watch?v=i9pIhoNHiss,2026-08-14T13:15:08Z,5609,455.3,455.3,15776,2026-08-16T12:48:59Z,15776
2026-08-15T01:34:17Z,Path of Exile 2 - Mega Tier List for ALL Content,OnesInTheChat,https://www.youtube.com/watch?v=JJx2XtOyDX0,2026-08-14T14:30:26Z,5692,514.45,514.45,11052,2026-08-16T12:48:59Z,11052
2026-08-15T06:46:13Z,THE BEST ABYSS FARM? LLYD’s Currency Abyss (Modified) | PoE 3.29,leLireax,https://www.youtube.com/watch?v=EZ_slGX_Iqs,2026-08-14T22:41:14Z,753,93.16,179.33,6083,2026-08-16T18:35:26Z,6083
2026-08-15T06:46:13Z,Dia 6 - Liso To Mirror - Farm de tablets,ChibaTTV,https://www.youtube.com/watch?v=5ODRgXyqLBo,2026-08-15T04:36:56Z,570,95.0,95.0,598,2026-08-16T18:35:26Z,598
2026-08-15T06:46:13Z,How Is This 1 Divine Build Killing Ubers?,Dexykai,https://www.youtube.com/watch?v=0GGcxXe6yv4,2026-08-15T01:09:19Z,6338,1056.33,1379.4,26085,2026-08-17T01:38:57Z,26085
2026-08-15T12:47:00Z,BUFFED Assassin! Forbidden Rite of Soul Sacrifice Assassin - 1 Divine Challenge | Path of Exile 3.29,PaintMasterPoE,https://www.youtube.com/watch?v=1ZK2PATF43g,2026-08-15T10:12:47Z,784,130.67,452.42,6611,2026-08-17T07:04:39Z,6611
2026-08-15T12:47:00Z,[POE1 3.29 SSF] ONE OF THE STRONGEST SSF CHARS? | Dominating Blow of Inspiring Guardian Build Guide,mas0ny1,https://www.youtube.com/watch?v=esg00RyoGUQ,2026-08-15T03:17:04Z,1403,147.7,147.7,3031,2026-08-17T01:38:57Z,3031
2026-08-15T12:47:00Z,3.29 KB Occultist Быстрый мапер+убер киллер+дешего=имба? Path of exile 1 allflame,madarapoe,https://www.youtube.com/watch?v=Vify2ttXl8I,2026-08-15T11:41:36Z,1016,169.33,421.83,7766,2026-08-17T12:53:08Z,7766
2026-08-15T12:47:00Z,1% 만 아는 POE2 회피의 비밀,춘삼_CHOONSAM,https://www.youtube.com/watch?v=-QxTp_w5pDk,2026-08-15T09:49:29Z,2210,368.33,631.8,10131,2026-08-17T07:04:39Z,10131
2026-08-15T18:36:04Z,POE 2 Abyss Farming - INSANE Profit  - Cheap - Fast - Alch & Go  | Jado + Corrupted 6-Mod Waystones,ebollass,https://www.youtube.com/watch?v=xyWjv2RDwSM,2026-08-13T21:04:15Z,2030,44.59,44.59,2030,2026-08-15T18:36:04Z,2030
2026-08-15T18:36:04Z,"엔드급까진 멀거도 먼 그 빌드 ""치장한 자 RF"" (금쌀 1일차)",투별[Twobyul] 유튜브,https://www.youtube.com/watch?v=qj3c5_00cbc,2026-08-15T12:49:35Z,2295,382.5,382.5,2552,2026-08-16T12:48:59Z,2552
2026-08-15T18:36:04Z,С НУЛЯ ДО МИРРОРА #1: Начало положено | Path of Exile 3.29: Curse of the Allflame,Lost Ronin,https://www.youtube.com/watch?v=boT4Gh046J0,2026-08-15T12:44:57Z,2735,455.83,455.83,10653,2026-08-17T12:53:08Z,10653
2026-08-15T18:36:04Z,ENDGAME AUTOBOMBER - TANKY - BIG EXPLOSIONS - FAST | From Zero to Hero | Part 2 | Path of Exile 3.29,EXILED CAT,https://www.youtube.com/watch?v=t09cdA75ARU,2026-08-15T12:03:14Z,23387,3571.95,3571.95,23387,2026-08-15T18:36:04Z,23387
2026-08-16T01:40:55Z,[POE 1]Summon Reaper CHAOS “Budget” Build Guide for Luminary 3.29 ,Pekkypekpek Channel,https://www.youtube.com/watch?v=VFjn31HtyQs,2026-08-14T01:00:07Z,1667,34.24,34.24,1667,2026-08-16T01:40:55Z,1667
2026-08-16T01:40:55Z,I Finally Hit the Death Aura Jackpot! | Hardcore,Mister37,https://www.youtube.com/watch?v=SNU2ZlH4x4A,2026-08-14T08:00:20Z,6528,156.64,156.64,6621,2026-08-16T06:48:24Z,6621
2026-08-16T01:40:55Z,[3.29] DEATH AURA ZERO TO HERO JOURNEY PART 1 | Path Of Exile 1,Phalanx,https://www.youtube.com/watch?v=0sc4Nbvy2mc,2026-08-15T21:00:03Z,1244,207.33,318.55,7986,2026-08-18T01:34:25Z,7986
2026-08-16T06:48:24Z,First Time Flicker in PoE 1 - Day 3 of Flicker Strike,FGKorbyn21,https://www.youtube.com/watch?v=3hNhJtAVyUU,2026-08-16T02:31:56Z,310,51.67,51.67,396,2026-08-17T01:38:57Z,396
2026-08-16T06:48:24Z,Turn 30 divines into 1500 with a 2 chaos unique! | Pt.1: Strategy Explained | PoE 2 0.5,Belton,https://www.youtube.com/watch?v=nkgv9dDkkSU,2026-08-15T10:59:09Z,1984,100.1,100.1,2955,2026-08-17T12:53:08Z,2955
2026-08-16T06:48:24Z,[POE2 0.5] MORE Fireballs? Free Ember Fusillade? Gemling Fireball Build Update,Vodnarg,https://www.youtube.com/watch?v=rD4s0s1VC1g,2026-08-15T03:09:32Z,4347,157.23,157.23,5901,2026-08-17T01:38:57Z,5901
2026-08-16T06:48:24Z,PoE Streamer Finally Drops A Mirror After 15 Years,Exiled Again,https://www.youtube.com/watch?v=50RSqRnZtI4,2026-08-15T14:00:07Z,34837,2073.04,2073.04,49977,2026-08-17T12:53:08Z,49977
2026-08-16T12:48:59Z,LEGION TA IMPRIMINDO DIVINES NA 3.29 | Poe 1 top farms,7Lonely Joker,https://www.youtube.com/watch?v=aahxmBsMMU8,2026-08-15T14:30:35Z,774,34.7,36.25,1324,2026-08-17T12:53:08Z,1324
2026-08-16T12:48:59Z,5 DIVINE BUDGET LIFE STACKING KB MERC BUILD | Trade Links - Crafting - Merc Warrants,XTheFarmerX,https://www.youtube.com/watch?v=LXoJCRmUaJI,2026-08-14T18:34:14Z,35795,847.3,847.3,35795,2026-08-16T12:48:59Z,35795
2026-08-16T12:48:59Z,PoE2 Racers Are Getting Ridiculously Fast,Exiled Again,https://www.youtube.com/watch?v=bkn6dlOKq8w,2026-08-14T15:16:43Z,43974,965.66,965.66,43974,2026-08-16T12:48:59Z,43974
2026-08-16T12:48:59Z,Casters Got Some New Tools in Patch 3.29 | Path of Exile 3.29,Palsteron,https://www.youtube.com/watch?v=A-4RBKKeJkI,2026-08-15T14:41:48Z,25366,1146.76,1146.76,30608,2026-08-17T12:53:08Z,30608
2026-08-16T18:35:26Z,Yeni Başlayanlara Özel Başlangıç Rehberi - Bölüm 1 - Path of Exile 2 Türkçe Rehber (PoE2),Swordorin2,https://www.youtube.com/watch?v=1wsa53-xprE,2026-08-14T17:48:26Z,509,10.43,10.43,509,2026-08-16T18:35:26Z,509
2026-08-16T18:35:26Z,LISO TO MIRROR #4-5: 1000 DIVINES INVESTIDOS NA BUILD! 🔥 | Resumo dos Dias 4 e 5 – PoE2,ChibaTTV,https://www.youtube.com/watch?v=LYGjvwRmWT8,2026-08-15T02:06:28Z,542,13.39,13.39,542,2026-08-16T18:35:26Z,542
2026-08-16T18:35:26Z,Path of Exile [3.29] Arc of Oscillating Chain Life Stacking Assassin Is Very Underrated,Incommodious,https://www.youtube.com/watch?v=AJbBgh-Af9w,2026-08-15T15:48:58Z,8398,313.65,313.65,8398,2026-08-16T18:35:26Z,8398
2026-08-17T01:38:57Z,Storm Burst Reliquarian Endgame Character Guide [poe1| 3.29],Luqas “Moorhuhn”,https://www.youtube.com/watch?v=_yMeQMwL2UI,2026-08-16T18:00:07Z,118,15.43,15.43,118,2026-08-17T01:38:57Z,118
2026-08-17T01:38:57Z,POE 3.29 | EXPLICANDO LOS LOGROS [14-16 (PARTE 1)] 🔥 !guiaLogros | !kofi ☕️ !rincon 👩‍🏫,Ayeleth,https://www.youtube.com/watch?v=YklH7TTBII8,2026-08-16T19:39:18Z,127,21.17,21.17,127,2026-08-17T01:38:57Z,127
2026-08-17T01:38:57Z,Poe 3.29 | Jiquani's potential int stacking Luminary update 1,DapperDD,https://www.youtube.com/watch?v=4N4VlEr4unQ,2026-08-16T03:44:37Z,618,28.21,28.21,1219,2026-08-18T12:55:31Z,1219
2026-08-17T01:38:57Z,Dia 7 - Liso To Mirror - Farm de tablets,ChibaTTV,https://www.youtube.com/watch?v=pmKhb9kFNgo,2026-08-16T06:31:02Z,934,48.82,48.82,953,2026-08-18T12:55:31Z,953
2026-08-17T01:38:57Z,[POE 3.29] Guía Golden Charlatan Herald Stacker Elementalista con Budget mínimo | Path of Exile 1,AldoUY POE,https://www.youtube.com/watch?v=Lb-2h1bIZXg,2026-08-16T18:00:35Z,530,69.37,146.88,5389,2026-08-19T06:52:24Z,5389
2026-08-17T01:38:57Z,1,Lil Pumpigfgf,https://www.youtube.com/watch?v=RfAas6fapOw,2026-08-16T13:59:10Z,1113,95.43,95.43,1113,2026-08-17T12:53:08Z,1113
2026-08-17T01:38:57Z,100% chance to EXPLODE Animate Guardian - PoE 3.29 ALLFLAME League 1402,TheGAM3Report1,https://www.youtube.com/watch?v=VIC8tcUnJ-E,2026-08-16T20:57:50Z,810,135.0,191.52,4367,2026-08-19T06:52:24Z,4367
2026-08-17T01:38:57Z,Starting From Nothing | Ruthless SSF Ep. 1,Xperrty,https://www.youtube.com/watch?v=tm9P9iO1-4w,2026-08-16T19:00:15Z,1884,283.51,337.44,9167,2026-08-19T06:52:24Z,9167
2026-08-17T07:04:39Z,[PoE -  Curse of the Allflame] 🔥 Día 16 ¡CONTINUAMOS! | Scion Luminary + ENDGAME Farm,ZeMiSToKLeS,https://www.youtube.com/watch?v=vrbCzvSAs98,2026-08-16T15:07:51Z,308,19.31,19.31,308,2026-08-17T07:04:39Z,308
2026-08-17T07:04:39Z,POE 3.29: 100% Spell Suppression Scion Flicker Strike Build Guide,RPGIGAN,https://www.youtube.com/watch?v=gcz-KtNBfGo,2026-08-17T04:41:04Z,123,20.5,78.65,3612,2026-08-19T18:41:28Z,3612
2026-08-17T07:04:39Z,Path of Exile 1 : All Progestion ตั่งแต่เดิน Act จน ฟามต้นลีค Step by Step!!!,SUNSHINEBHOP,https://www.youtube.com/watch?v=Mt1EC4Q2djA,2026-08-16T16:03:08Z,366,24.36,24.36,615,2026-08-17T18:46:16Z,615
2026-08-17T07:04:39Z,[PoE 1] Jogando a private de STR stacker brutus reliquarian !liga,Melk PoE,https://www.youtube.com/watch?v=GhxRo1pbe_I,2026-08-17T01:39:02Z,482,80.33,80.33,482,2026-08-17T18:46:16Z,439
2026-08-17T07:04:39Z,DAY#1 FROM NOTHING TO MULTI MIRROR (Fresh Account/Start),POEGuy,https://www.youtube.com/watch?v=GtInN8rvWv8,2026-08-15T22:55:27Z,5279,164.18,164.18,5397,2026-08-18T06:51:48Z,5397
2026-08-17T07:04:39Z,PoE Streamers Started Trolling Maven,Exiled Again,https://www.youtube.com/watch?v=ckAr8CaUtso,2026-08-16T14:08:28Z,32625,1926.31,1926.31,43882,2026-08-18T18:44:37Z,43882
2026-08-17T12:53:08Z,POE 2 Abyss Farming – INSANE Omen of Light Drops - SESSION 4 | Jado + 8-Mod Waystones |10 UNCUT Maps,ebollass,https://www.youtube.com/watch?v=xFY_WAUnNkE,2026-08-16T17:10:02Z,1167,59.18,59.18,2345,2026-08-19T06:52:24Z,2345
2026-08-17T12:53:08Z,Tired of POE 1? 40 div/hour bossrush yaya !build !strat,Raychich,https://www.youtube.com/watch?v=GG_dPsQ_H_E,2026-08-17T07:08:29Z,467,77.83,77.83,715,2026-08-18T12:55:31Z,715
2026-08-17T12:53:08Z,"АУДИОКНИГА | ПОПАДАНЕЦ  | ИСТОРИК И ВОР ПРОТИВ ТАЙНЫ, ПЕРЕЖИВШЕЙ ТЫСЯЧЕЛЕТИЯ  |  КНИГА  1  | 1",Santrо Miyago,https://www.youtube.com/watch?v=DN4NW--DPz8,2026-08-16T12:07:23Z,2126,85.85,85.85,2747,2026-08-18T06:51:48Z,2747
2026-08-17T12:53:08Z,path of exile  آریا کئوکسر با رنک 1 ایران,Keoxer Moments,https://www.youtube.com/watch?v=L_Gnzl6NzlM,2026-08-17T08:30:37Z,738,123.0,126.5,2567,2026-08-19T18:41:28Z,2567
2026-08-17T12:53:08Z,Deep Delve - How much currency do Delve players make? PoE 3.29,Duddybrainzz,https://www.youtube.com/watch?v=QMURgmFsCqo,2026-08-17T07:21:09Z,5792,965.33,1129.28,26043,2026-08-19T12:56:02Z,26043
2026-08-17T18:46:16Z,LISO TO MIRROR #6-7: Novos farms e possíveis crafts l Path of Exile 2,ChibaTTV,https://www.youtube.com/watch?v=tdNHEMRHnOo,2026-08-17T16:05:23Z,150,25.0,41.02,474,2026-08-18T12:55:31Z,474
2026-08-17T18:46:16Z,One More piece || SSFR EP16,Wallsh,https://www.youtube.com/watch?v=-0LRMQgjbZA,2026-08-17T11:56:34Z,426,62.39,64.63,1121,2026-08-19T01:36:06Z,1121
2026-08-17T18:46:16Z,[PoE 1] ทดสอบ Legion,Gingerhair ARPG,https://www.youtube.com/watch?v=B5umCWfhjKY,2026-08-17T17:25:13Z,1038,173.0,173.0,1203,2026-08-19T01:36:06Z,1203
2026-08-17T18:46:16Z,The ONLY Guide You'll Need on Crafting +4 Skill Level Amulets for ANY Build - PoE 3.29,Master T,https://www.youtube.com/watch?v=6Bik7cuGCgU,2026-08-16T02:04:46Z,9814,241.18,241.18,9814,2026-08-17T18:46:16Z,9814
2026-08-17T18:46:16Z,Accuracy Stacking With Spinesnatch Without Trying To Break The Bank PoE 1 Build Showcase,Dr3adful,https://www.youtube.com/watch?v=iDtbE-A1u8o,2026-08-17T15:16:19Z,1527,254.5,604.75,12596,2026-08-19T18:41:28Z,12596
2026-08-17T18:46:16Z,PoE Streamer Takes DPS To Another Level,Exiled Again,https://www.youtube.com/watch?v=T7JM50clx_8,2026-08-17T13:00:01Z,27522,4587.0,4587.0,83451,2026-08-19T18:41:28Z,83451
2026-08-18T01:34:25Z,POE 2: Создаю билд за 1 div в приватной лиге🔥 (Амазонка),mr_Boroda,https://www.youtube.com/watch?v=POk5opLIV1s,2026-08-17T20:34:08Z,240,40.0,40.0,256,2026-08-18T12:55:31Z,256
2026-08-18T01:34:25Z,Dia 8 - Liso To Mirror - Estamos fortes!,ChibaTTV,https://www.youtube.com/watch?v=yxxgWidjJj0,2026-08-17T04:46:11Z,865,41.58,41.58,872,2026-08-18T06:51:48Z,872
2026-08-18T01:34:25Z,"랜덤 직업, 랜덤 스킬 SSF 도전기 워든, 신성한 진노 1일차 (금쌀 2일차)",투별[Twobyul] 유튜브,https://www.youtube.com/watch?v=71CXmjKK-6A,2026-08-17T15:18:44Z,544,53.01,102.67,677,2026-08-18T18:44:37Z,677
2026-08-18T01:34:25Z,[PoE 3.29] Zero To Hero Strength Stacking Guide - From Day 1 To Mirror Tier,Carnarius,https://www.youtube.com/watch?v=O4Gjpxe-z8c,2026-08-17T19:06:24Z,5230,808.71,808.71,23272,2026-08-20T01:34:54Z,23272
2026-08-18T12:55:31Z,PoE 2 - But I Play 4 Characters Simultaneously with 1 Controller.,Findigo Studios,https://www.youtube.com/watch?v=q_yP-SXiHdM,2026-08-17T10:16:17Z,696,26.11,48.16,2717,2026-08-19T18:41:28Z,2717
2026-08-18T18:44:37Z,This mechanic keep me playing this league - Path of Exile 1 3.29,LLYD,https://www.youtube.com/watch?v=yv2NQvy8XYk,2026-08-18T14:56:07Z,167,27.83,68.45,2330,2026-08-20T06:54:04Z,2330
2026-08-18T18:44:37Z,"랜덤 직업, 랜덤 스킬 SSF 도전기 1일차 (금쌀 1일차)",투별[Twobyul] 유튜브,https://www.youtube.com/watch?v=3ctZ07YVevM,2026-08-17T15:54:38Z,3560,132.67,132.67,3570,2026-08-19T06:52:24Z,3570
2026-08-18T18:44:37Z,⚡ The FINAL Form of My 999M DPS One-Button Monk | PoE 2 0.5,Diztoh,https://www.youtube.com/watch?v=CVNKMCrN97E,2026-08-16T22:09:22Z,13248,297.12,297.12,14709,2026-08-19T12:56:02Z,14709
2026-08-18T18:44:37Z,PoE 1 | 3.29 CotA - SSF Zero to Hero Luminary Pt. 2,Pohx,https://www.youtube.com/watch?v=WGZ0_IT4jng,2026-08-18T13:00:31Z,3504,584.0,612.0,13527,2026-08-20T12:58:14Z,13527
2026-08-18T18:44:37Z,Legion is Very Good Now - PoE 3.29,Path of Evening,https://www.youtube.com/watch?v=KiLW5BOzxDw,2026-08-17T12:00:21Z,19733,641.98,641.98,23026,2026-08-19T12:56:02Z,23026
2026-08-19T01:36:06Z,Dia 9 - Liso To Mirror - 500+ divines por dia,ChibaTTV,https://www.youtube.com/watch?v=9ReQPaX96IQ,2026-08-18T04:47:08Z,1049,50.39,50.39,1082,2026-08-19T18:41:28Z,1082
2026-08-19T01:36:06Z,DAY#1 FROM NOTHING TO MULTI MIRROR (Fresh Account/Start),POEGuy,https://www.youtube.com/watch?v=7b4W7arfBtI,2026-08-16T17:57:24Z,4172,74.98,74.98,4190,2026-08-19T06:52:24Z,4190
2026-08-19T01:36:06Z,I Found a New Uber Boss and DIED... PoE 3.29 Highlights #1,ds lily,https://www.youtube.com/watch?v=CDAjmbUOWmI,2026-08-17T23:11:55Z,12585,476.65,476.65,13820,2026-08-20T06:54:04Z,13820
2026-08-19T01:36:06Z,Path of Exile 1 Build Showcase: Spinning Magma Saboteur,Path of Exile,https://www.youtube.com/watch?v=uGsrQdwZt58,2026-08-18T21:56:07Z,17562,2927.0,3768.39,78926,2026-08-21T01:40:13Z,78926
2026-08-19T06:52:24Z,2 Charges 1 Ring,Stone,https://www.youtube.com/watch?v=6QcDrRUSemU,2026-08-18T18:00:29Z,1301,101.12,106.52,2315,2026-08-20T06:54:04Z,2315
2026-08-19T12:56:02Z,ALL CONTENT! Overloaded Crackling Lance Inquisitor Build Guide - Update 1 | PoE 3.29,Jorgen,https://www.youtube.com/watch?v=bu7PF2NxhJY,2026-08-19T11:44:38Z,208,34.67,194.9,5544,2026-08-21T12:56:48Z,5544
2026-08-19T12:56:02Z,[PoE 1] ฟาร์ม Legion เก็บ Emblems | !kick,Gingerhair ARPG,https://www.youtube.com/watch?v=eHGdrJyU4EY,2026-08-18T17:13:37Z,1687,85.6,85.6,1687,2026-08-20T01:34:54Z,1687
2026-08-19T12:56:02Z,LEGION is PRINTING DIVINES?! Efrything’s Legion Farm Tested | PoE 3.29,leLireax,https://www.youtube.com/watch?v=C9XVmFDPqpg,2026-08-18T22:00:17Z,1279,85.67,128.34,3647,2026-08-20T18:47:18Z,3647
2026-08-19T12:56:02Z,Dia 10 - Liso To Mirror - 500+ divines por dia,ChibaTTV,https://www.youtube.com/watch?v=v7QIWS-W4IE,2026-08-19T04:12:00Z,764,87.47,87.47,764,2026-08-20T01:34:54Z,764
2026-08-19T12:56:02Z,POE 1 - Turning In 72x The Price Of Loyalty - A Minion Combo Is 135d - 3.29 Path of Exile Allflame,sirgog,https://www.youtube.com/watch?v=YzIlYTb1a2U,2026-08-19T12:29:32Z,634,105.67,718.67,12235,2026-08-21T12:56:48Z,12235
2026-08-19T12:56:02Z,The best endless legion farmer... self farmed MAGEBLOOD - POE 3.29 Curse of the Allflame,lewis ho,https://www.youtube.com/watch?v=GHkRJq6Z170,2026-08-18T08:06:43Z,3729,129.38,129.38,5070,2026-08-20T12:58:14Z,5070
2026-08-19T18:41:28Z,Light Radius Stacking: o MELHOR Twink de Leveling que já fiz - POBs para TODAS as Classes | PoE 1,SasakiTV,https://www.youtube.com/watch?v=-zC-21U8tac,2026-08-19T06:14:14Z,344,27.62,28.9,559,2026-08-20T01:34:54Z,559
2026-08-19T18:41:28Z,Legion Crabs - the best ground loot farm in 3.29 - Path of Exile 1,BigWingz,https://www.youtube.com/watch?v=_ahGUnDRnYw,2026-08-19T12:16:37Z,1228,191.45,242.92,5030,2026-08-21T12:56:48Z,5030
2026-08-19T18:41:28Z,CHAOS HERALD OF THUNDER [FROM ZERO TO HERO] PART 1 - ANOTHER WALKING SIMULATOR - ACTUALLY TANKY?,MAGEFIST,https://www.youtube.com/watch?v=9KGgy7ofDZk,2026-08-19T13:05:25Z,42548,7091.33,7091.33,121827,2026-08-21T12:56:48Z,121827
2026-08-20T01:34:54Z,Actually Upgraded Insane Wand & Build Upgrades & Highlights - PoE 3.29 ALLFLAME League 1403,TheGAM3Report1,https://www.youtube.com/watch?v=ncXI9pRuGhE,2026-08-19T13:52:19Z,627,53.54,53.54,627,2026-08-20T01:34:54Z,627
2026-08-20T01:34:54Z,진노 1돌 땃으니까 이제 RF SSF 보여줌 (금쌀 3일차),투별[Twobyul] 유튜브,https://www.youtube.com/watch?v=b9UFOevi9rw,2026-08-19T16:26:26Z,1701,186.08,186.08,1748,2026-08-20T18:47:18Z,1748
2026-08-20T01:34:54Z,[PoE 1] ฟาร์มทำบิลด์ Discharge | !kick,Gingerhair ARPG,https://www.youtube.com/watch?v=joPmNdxu4NM,2026-08-19T18:47:50Z,1334,196.62,196.62,1339,2026-08-20T12:58:14Z,1339
2026-08-20T01:34:54Z,I Think GGG is About to BUFF These 5 Things in PoE2 0.5.5,Talkative Tri,https://www.youtube.com/watch?v=w1a1kD58MxA,2026-08-18T10:00:21Z,11403,288.13,288.13,11890,2026-08-20T12:58:14Z,11890
2026-08-20T01:34:54Z,Ultimate Luminary Build Guide - PoE 3.29,Path of Evening,https://www.youtube.com/watch?v=9JmjNTL2I98,2026-08-18T12:00:33Z,10927,290.82,290.82,12350,2026-08-20T12:58:14Z,12350
2026-08-20T06:54:04Z,[PoE 1] Jogando a private de poison SRS !liga,Melk PoE,https://www.youtube.com/watch?v=XdXMDxWFMTY,2026-08-20T01:12:33Z,345,57.5,57.5,345,2026-08-20T06:54:04Z,345
2026-08-20T06:54:04Z,【PoE 3.29】航海1回で100神!? 新リーグ要素ソブリンの船で爆稼ぎする方法【Curse of the Allflame】,tsunoken sanba,https://www.youtube.com/watch?v=SldVe9TSLUw,2026-08-19T07:50:07Z,1492,64.68,64.68,1492,2026-08-20T06:54:04Z,1492
2026-08-20T06:54:04Z,POE 2 Abyss Farming – Session 1 | Doryani + 8-Mod Waystones | HUGE PROFIT! 10 Uncut Maps!,ebollass,https://www.youtube.com/watch?v=aRdjQA70Sl4,2026-08-19T22:47:06Z,541,66.66,102.22,2551,2026-08-22T01:34:04Z,2551
2026-08-20T06:54:04Z,SpicySushi and The Fubgun INCIDENT! PoE 3.29 x Mortal Shell 2,POEClipZ,https://www.youtube.com/watch?v=2aNo7ry8WC8,2026-08-19T18:00:28Z,1047,81.2,89.75,2367,2026-08-21T18:42:34Z,2367
2026-08-20T06:54:04Z,1-BUTTON TANK CASTER! | Scattering Calamity Titan Build Guide 0.5,Ulfhednar,https://www.youtube.com/watch?v=YT-R7nrzjn8,2026-08-20T00:37:10Z,781,124.33,312.46,11922,2026-08-22T06:48:22Z,11922
2026-08-20T06:54:04Z,Strongboxes + Delve Farming! | Path of Exile 3.29 LIVE,Barricade,https://www.youtube.com/watch?v=uGyyOGRh1Yg,2026-08-20T02:33:27Z,1400,233.33,233.33,1660,2026-08-22T01:34:04Z,1660
2026-08-20T12:58:14Z,One Crafting Method EVERYONE Should Know! - Path of Exile 3.29,DirtyMight,https://www.youtube.com/watch?v=z3ZNf-ivSeE,2026-08-19T14:28:33Z,1508,67.04,88.72,4052,2026-08-21T18:42:34Z,4052
2026-08-20T12:58:14Z,"[POE2] 1 MILLION COMET INFERNALIST -  6-Man Azmeri 100 Div per Map Strat Testing, lets goo",MazBro,https://www.youtube.com/watch?v=-_ZsJAOVU4s,2026-08-19T23:23:18Z,1761,129.65,129.65,2352,2026-08-22T01:34:04Z,2352
2026-08-20T12:58:14Z,POE 3.29 Cast on Ward Break ( COWB ) Reliquarian,Dante00151 Gaming,https://www.youtube.com/watch?v=aDywMPfwXgw,2026-08-18T09:28:28Z,6929,134.55,134.55,6929,2026-08-20T12:58:14Z,6929
2026-08-20T12:58:14Z,[POE] 맨땅 루미너리 육성기! 레벨 1부터 총주교·포식자까지 | 3.29 올플레임의 저주,Arserina 아르,https://www.youtube.com/watch?v=ExVT1qKfAQg,2026-08-19T23:30:27Z,4727,351.11,351.11,7567,2026-08-22T06:48:22Z,7567
2026-08-20T12:58:14Z,PoE Streamer Finds the Most Cursed Map Layout,Exiled Again,https://www.youtube.com/watch?v=AEiSYk0cUng,2026-08-19T15:10:13Z,26571,1218.83,1218.83,32427,2026-08-21T18:42:34Z,32427
2026-08-20T18:47:18Z,POE 3.29 - No POB - SSF Restart Highlights #1,Crouching_Tuna,https://www.youtube.com/watch?v=NXVyv1wZ4J8,2026-08-19T17:39:15Z,5934,236.09,236.09,7174,2026-08-21T18:42:34Z,7174
2026-08-20T18:47:18Z,The State of the Meta in 3.29 | Path of Exile: Curse of the Allflame,Dreamcore,https://www.youtube.com/watch?v=D7xXg2eIy4M,2026-08-20T17:58:18Z,1664,277.33,1209.4,23827,2026-08-22T18:37:06Z,23827
2026-08-20T18:47:18Z,"Co nowego w Path of Exile 1 i 2? Darmowe Skiny, Język Polski, Build od GGG!",Prozu,https://www.youtube.com/watch?v=i9A4e_Jwd9E,2026-08-20T14:13:11Z,2049,341.5,341.5,5218,2026-08-22T12:48:32Z,5218
2026-08-20T18:47:18Z,"Path of Exile 2 MYSTERY NEWS in 1 Week?! (New SSF, Race)",Talkative Tri,https://www.youtube.com/watch?v=vQ3VcEBoI-4,2026-08-20T15:35:28Z,2287,381.17,381.17,2578,2026-08-22T18:37:06Z,2578
2026-08-20T18:47:18Z,SMOOTH Clearing! Blight of Contagion Trickster - 1 Divine Challenge | Path of Exile 3.29,PaintMasterPoE,https://www.youtube.com/watch?v=ynyJKzl_9tM,2026-08-20T11:35:37Z,3253,452.13,452.13,5312,2026-08-22T12:48:32Z,5312
2026-08-21T01:40:13Z,[PoE 1] รอ hate watching Race to Tavakai !kick,Gingerhair ARPG,https://www.youtube.com/watch?v=nNCPpnFBbHo,2026-08-20T21:01:45Z,652,108.67,108.67,694,2026-08-21T06:55:12Z,694
2026-08-21T01:40:13Z,ONE Chart To A MIRROR Challenge! IMMORTAL! [EP3] *Path Of Exile 3.29*,Cleddyf,https://www.youtube.com/watch?v=1PgV1x3by1I,2026-08-20T19:01:07Z,935,140.56,140.56,2287,2026-08-22T18:37:06Z,2287
2026-08-21T01:40:13Z,Zeeboub ACTUALLY DUPLICATED A MIRROR OF KALANDRA?! PoE 3.29,POEClipZ,https://www.youtube.com/watch?v=oGIw_9w5pck,2026-08-20T18:00:37Z,1464,191.12,191.12,2979,2026-08-22T18:37:06Z,2979
2026-08-21T01:40:13Z,Can we beat PoE 2 with the WORST SKILL IN THE GAME? | Ep. 1,GhazzyTV,https://www.youtube.com/watch?v=2rYnWnSWhts,2026-08-19T17:34:24Z,36538,1138.35,1138.35,55319,2026-08-21T18:42:34Z,55319
2026-08-21T06:55:12Z,Dia 12 - Liso To Mirror - Saga finalizada ?,ChibaTTV,https://www.youtube.com/watch?v=tfG2GJB6-KA,2026-08-21T02:26:22Z,527,87.83,87.83,527,2026-08-21T06:55:12Z,527
2026-08-21T12:56:48Z,"Path of Exile 1 : Full Guild Immortal Syndicate AKA JUN , Betrayal สอนตั่งค่าบอร์ดจนถึ่งฟาม",SUNSHINEBHOP,https://www.youtube.com/watch?v=0tdlUkVmknU,2026-08-20T17:46:40Z,1109,57.85,57.85,1596,2026-08-22T18:37:06Z,1596
2026-08-21T12:56:48Z,Path Of Exile 3.29 Voyage/1400 Stacked Decks One RUN!!!,skoepk,https://www.youtube.com/watch?v=yep87xU1WUs,2026-08-20T21:31:39Z,1225,79.45,79.45,2216,2026-08-23T01:42:56Z,2216
2026-08-21T18:42:34Z,[Path of Exile 2] Cosa aspettarsi dalla 0.5.5,ReVoGaming,https://www.youtube.com/watch?v=wFp01OGtiCQ,2026-08-21T09:26:15Z,543,58.56,58.56,895,2026-08-23T01:42:56Z,895
2026-08-21T18:42:34Z,PoE 1 | 3.29 CotA - SSF Zero to Hero Luminary Pt. 3,Pohx,https://www.youtube.com/watch?v=bfoLGl1w7qA,2026-08-21T13:15:32Z,3001,500.17,503.45,9509,2026-08-23T12:49:30Z,9509
2026-08-21T18:42:34Z,[3.29] Zero to Mageblood... With Mines EK? | Path of Exile 1,Kankar,https://www.youtube.com/watch?v=1WnOhCHZlSM,2026-08-21T13:05:47Z,11075,1845.83,2082.96,47767,2026-08-23T18:35:44Z,47767
2026-08-22T01:34:04Z,[3.29] - Crafte QUALQUER item com o RECOMBINATOR no Path of Exile 1.,TeacherGregPOE,https://www.youtube.com/watch?v=eU8hEESf4IU,2026-08-21T14:29:29Z,449,40.54,40.54,681,2026-08-23T01:42:56Z,681
2026-08-22T01:34:04Z,[PoE 1] Pact Stacker Spark Assassin // Path of Exile Allflame Build,Cicero Xott,https://www.youtube.com/watch?v=3keRMNg5Zno,2026-08-21T05:27:03Z,890,44.24,44.24,1622,2026-08-23T06:49:33Z,1622
2026-08-22T01:34:04Z,"POE 3.29 - This Build is TOO MUCH! 300M DPS, Zero Button & UNKILLABLE? - Spectre Necromancer Build",Raychich,https://www.youtube.com/watch?v=Goc5Cay1rtM,2026-08-21T02:28:04Z,8531,369.3,369.3,13857,2026-08-23T01:42:56Z,13857
2026-08-22T01:34:04Z,Ruetoo RAGEQUITS & Deletes ALL His Currency... PoE 3.29,POEClipZ,https://www.youtube.com/watch?v=JO8hqwrMnjQ,2026-08-21T18:00:13Z,3849,508.83,508.83,6176,2026-08-23T18:35:44Z,6176
2026-08-22T06:48:22Z,TheoryCast Ep. 27 w/ @subtractem | Path of Exile 3.29,z3r0pointflux,https://www.youtube.com/watch?v=8QDLMTBQqvw,2026-08-21T14:00:01Z,1038,61.76,61.76,1670,2026-08-23T12:49:30Z,1670
2026-08-22T06:48:22Z,[PoE 1] วิ่ง Ass ตัวที่สอง !kick,Gingerhair ARPG,https://www.youtube.com/watch?v=SCvoUNIBfIk,2026-08-21T17:32:47Z,1468,110.71,110.71,1468,2026-08-23T18:35:44Z,1373
2026-08-22T06:48:22Z,Strongboxes + Delve Farming! | Path of Exile 3.29 LIVE,Barricade,https://www.youtube.com/watch?v=we-t9DeaTEc,2026-08-22T04:12:59Z,1323,220.5,220.5,1552,2026-08-24T07:07:44Z,1552
2026-08-22T06:48:22Z,How Any Noob Can Turn 1 Divine Into 10 Divines in 30 Minutes - Crop Rotation Step by Step Guide,Master T,https://www.youtube.com/watch?v=ShksF0omYqE,2026-08-22T01:27:27Z,2809,468.17,502.48,11159,2026-08-24T07:07:44Z,11159
2026-08-22T12:48:32Z,"Tactics Ogre: One Vision, Inheritor and Improver of Goat Kind",Coffee Potato (Caffeinated Potato),https://www.youtube.com/watch?v=qswbl38nsgU,2026-08-21T22:00:06Z,401,27.08,27.08,902,2026-08-24T01:40:41Z,902
2026-08-22T18:37:06Z,POE 2 Abyss Farming – Session 2 | Doryani + 8-Mod Waystones | RAINING Omens of Light! 10 Uncut Maps!,ebollass,https://www.youtube.com/watch?v=TRaWYvYK0Fo,2026-08-21T23:20:03Z,1291,66.95,66.95,2230,2026-08-24T07:07:44Z,2230
2026-08-22T18:37:06Z,1 DIV BUDGET BUILD 12MILL ONE SHOT | The Born of The FUNK DIV XD,Light,https://www.youtube.com/watch?v=WWR8eg9n7PM,2026-08-22T13:28:20Z,824,137.33,159.59,3275,2026-08-24T12:59:35Z,3275
2026-08-22T18:37:06Z,[PoE 1] เทส Discharge Mapper !kick,Gingerhair ARPG,https://www.youtube.com/watch?v=XmYhd97ssxs,2026-08-22T17:56:58Z,1533,255.5,255.5,1840,2026-08-24T18:47:57Z,1726
2026-08-23T01:42:56Z,🔥SAGA LISO TO MIRROR FINALIZADA 🔥 DE 1 DIVINE A 1 MIRROR EM APENAS 10 DIAS!,ChibaTTV,https://www.youtube.com/watch?v=9fsNXdyh3Qs,2026-08-22T22:39:17Z,95,15.83,34.55,1018,2026-08-25T01:35:50Z,1018
2026-08-23T01:42:56Z,【PoE2】同じ武器でもこんな違う!? ACT幕間からT16まで一挙公開！ショックウェーブトーテムの限界とアンセストラルウォーリアの威力を実感 ビルドあり【Path of Exile 2】,おひつじのゲーム,https://www.youtube.com/watch?v=X59amAfpnvs,2026-08-21T09:00:18Z,821,20.17,20.17,821,2026-08-23T01:42:56Z,821
2026-08-23T01:42:56Z,25 FORMAS de FARMAR CURRENCY na 3.29 | Path of Exile 1,7Lonely Joker,https://www.youtube.com/watch?v=a_ukNT1316c,2026-08-22T15:00:13Z,313,29.22,29.22,796,2026-08-24T12:59:35Z,796
2026-08-23T01:42:56Z,Path of Exile 1: คำสาปแห่งออลเฟลม,PaBoy Gamer,https://www.youtube.com/watch?v=jFHfevn1FIQ,2026-08-22T22:27:58Z,179,29.83,29.83,192,2026-08-23T06:49:33Z,192
2026-08-23T01:42:56Z,"[POE 3.29] Farm de Tile Rewards, si no puedes con el meta, únetele | Path of Exile 1",AldoUY POE,https://www.youtube.com/watch?v=tjQrFusZEgc,2026-08-22T18:00:04Z,350,45.37,45.37,836,2026-08-24T12:59:35Z,836
2026-08-23T06:49:33Z,[PoE 1] Caçando Aul na private de poison SRS !liga,Melk PoE,https://www.youtube.com/watch?v=q3ajeeXaQOI,2026-08-22T23:43:13Z,208,29.27,29.27,208,2026-08-23T18:35:44Z,208
2026-08-23T06:49:33Z,One TOTEM to Rule them all | Conjoined Spire Flamewood Totem IGNITE | POE 3.29,TuskDeluxe,https://www.youtube.com/watch?v=AE6UjvNDA7c,2026-08-21T22:07:30Z,5266,161.03,161.03,6668,2026-08-24T01:40:41Z,6668
2026-08-23T06:49:33Z,Strongboxes + Delve Farming! | Path of Exile 3.29 LIVE,Barricade,https://www.youtube.com/watch?v=iU16_luB1h0,2026-08-23T02:58:08Z,1295,215.83,215.83,1521,2026-08-25T01:35:50Z,1521
2026-08-23T06:49:33Z,PoE 3.29 | WINTER ORB OCCULTIST IS AMAZING – PoE Builds – Path of Exile Curse of the Allflame League,Path of Exile Builds,https://www.youtube.com/watch?v=-iUnNn4OupU,2026-08-22T16:27:09Z,3541,246.36,246.36,5621,2026-08-24T12:59:35Z,5621
2026-08-23T06:49:33Z,The BEST Strongbox Strategy in Allflame League! - PoE 3.29,Path of Evening,https://www.youtube.com/watch?v=fwO7UghcdhU,2026-08-21T12:00:21Z,11818,275.99,275.99,12516,2026-08-23T12:49:30Z,12516
2026-08-23T12:49:30Z,Trying To One Tap Ubers On A Budget With Discharge Cast On Death Slayer PoE 3.29,Dr3adful,https://www.youtube.com/watch?v=dXZSq9LDkas,2026-08-23T11:50:06Z,529,88.17,1626.91,22891,2026-08-25T12:55:50Z,22891
2026-08-23T12:49:30Z,PoE Streamer Cannot Believe 2 Mirrors Dropped,Exiled Again,https://www.youtube.com/watch?v=xBwgReFPppI,2026-08-21T13:00:27Z,25955,542.79,542.79,25955,2026-08-23T12:49:30Z,25955
2026-08-23T12:49:30Z,My Plans For The Rest Of The Year,Raxxanterax,https://www.youtube.com/watch?v=yWyVs23eL80,2026-08-21T12:00:31Z,69946,1432.83,1432.83,69946,2026-08-23T12:49:30Z,69946
2026-08-23T18:35:44Z,HOLY RELIC FULL DPS 💀 ¡DESTRUYE A LOS UBERS! | PoE 1,NightwOlff,https://www.youtube.com/watch?v=YN5zJuh6kwo,2026-08-22T23:48:59Z,259,13.79,13.79,259,2026-08-23T18:35:44Z,259
2026-08-23T18:35:44Z,Free XP/GOLD/HIVEBLOOD - Leech farm Breach,ChibaTTV,https://www.youtube.com/watch?v=-aKuODlRScI,2026-08-23T03:50:48Z,402,27.26,27.26,420,2026-08-24T01:40:41Z,420
2026-08-23T18:35:44Z,POE 2: Lvl 96 Gemling Legionnaire Falling Thunder...BUILD OF THE LEAGUE? 200% Deli Maps look trivial,Visualize The Win Gaming,https://www.youtube.com/watch?v=wp1xU2VWvKw,2026-08-23T10:33:16Z,297,36.93,96.87,2535,2026-08-25T12:55:50Z,2535
2026-08-24T01:40:41Z,Who is The Druid? | Path Of Exile 2 Lore,Lore Of Exile,https://www.youtube.com/watch?v=cbR8hKCi35g,2026-08-23T23:02:15Z,641,106.83,256.94,6981,2026-08-26T01:40:43Z,6981
2026-08-24T01:40:41Z,Crouching_Tuna Current MENTAL STATE is Questionable - PoE 3.29,POEClipZ,https://www.youtube.com/watch?v=8rsefZa2Onk,2026-08-23T18:00:10Z,828,107.88,107.88,2289,2026-08-25T18:45:52Z,2289
2026-08-24T01:40:41Z,AFK Uber Blight-Ravaged Maps (No Towers or Pin) - PoE 3.29 ALLFLAME League 1405,TheGAM3Report1,https://www.youtube.com/watch?v=_EU174q-gXc,2026-08-23T21:21:16Z,904,150.67,256.99,5326,2026-08-26T01:40:43Z,5326
2026-08-24T01:40:41Z,[PoE 1] ไม่เสียแรงที่ปั้นมากับมือ Yatoro !kick,Gingerhair ARPG,https://www.youtube.com/watch?v=voEcWAmyJWU,2026-08-23T19:26:32Z,1390,222.9,222.9,1421,2026-08-25T18:45:52Z,1421
2026-08-24T01:40:41Z,"[PoE 3.29] MY UNIVERSAL POWER-LEVELING METHOD // LAZY, FUN & FAST. Works with all character classes!",POEGuy,https://www.youtube.com/watch?v=WKUQtkAPut8,2026-08-23T09:42:26Z,5014,313.94,313.94,8049,2026-08-25T12:55:50Z,8049
2026-08-24T07:07:44Z,[PoE 1] Storm Call Pact Stacker Assassin // Path of Exile Allflame Build,Cicero Xott,https://www.youtube.com/watch?v=KS7svd33uBo,2026-08-23T06:55:36Z,414,17.11,18.82,566,2026-08-24T12:59:35Z,566
2026-08-24T07:07:44Z,[PoE 1] Caçando Aul na private de poison SRS !liga,Melk PoE,https://www.youtube.com/watch?v=S0-cCsSoZyo,2026-08-24T00:15:52Z,354,51.57,51.57,354,2026-08-24T12:59:35Z,354
2026-08-24T07:07:44Z,1 Divine Challenge - Cold Ethereal Knives Mines Saboteur (Path of Exile 3.29),Surlamnia,https://www.youtube.com/watch?v=WbPcGrJLAiI,2026-08-23T18:59:35Z,1511,124.51,149.83,4135,2026-08-25T18:45:52Z,4135
2026-08-24T12:59:35Z,1. 【PoE2】8月28日朝4:30！0.5.5最新発表の見どころを2分で確認,PoE2海外ハック最速解説【ドパミン】,https://www.youtube.com/watch?v=WEm_G4IpaL8,2026-08-24T11:10:11Z,133,22.17,136.05,4162,2026-08-26T13:01:31Z,4162
2026-08-24T12:59:35Z,"Can 25,000 Chance Orbs Create a Mageblood? | Poe1 3.29",MtnTechGames,https://www.youtube.com/watch?v=Yx8T9lw1-hg,2026-08-23T14:00:19Z,1392,60.55,171.49,7275,2026-08-25T18:45:52Z,7275
2026-08-24T12:59:35Z,Why We Can’t Stop Farming Delirium Mirrors! - PoE 3.29,Path of Evening,https://www.youtube.com/watch?v=N52pM98UjSY,2026-08-24T12:00:30Z,939,156.5,799.0,16507,2026-08-26T13:01:31Z,16507
2026-08-24T18:47:57Z,SpicySushi DID IT AGAIN! Path of Exile 3.29,POEClipZ,https://www.youtube.com/watch?v=fV5ih9RihSY,2026-08-24T18:00:23Z,122,20.33,248.85,5691,2026-08-26T19:52:31Z,5691
2026-08-24T18:47:57Z,PoE Minion Player LEARNS POE MECHANICS For the First Time!,POEClipZ,https://www.youtube.com/watch?v=USRoWHTEUhQ,2026-08-24T12:00:11Z,180,26.48,26.48,390,2026-08-26T01:40:43Z,390
2026-08-24T18:47:57Z,Le live reveal de la 0 5 5 est annoncé! Que sais t'on jusqu'ici ? #poe2 #pathofexile2,Soawake,https://www.youtube.com/watch?v=AvbPIP5iZsg,2026-08-23T07:00:39Z,1843,51.5,51.5,2051,2026-08-25T06:55:52Z,2051
2026-08-24T18:47:57Z,Number 1 Divine Deleter in Path of Exile 2,OnesInTheChat,https://www.youtube.com/watch?v=7iDgCqbNgnU,2026-08-24T14:30:19Z,1020,170.0,206.63,3566,2026-08-26T13:01:31Z,3566
2026-08-24T18:47:57Z,[PATH OF EXILE 1 – 3.29] – INT & ACCURACY STACKING – SO GOOD IT’S BORING? CURSE OF THE ALLFLAME!,mbXtreme,https://www.youtube.com/watch?v=YcsN9iN_IUo,2026-08-24T17:53:56Z,1169,194.83,1218.29,30272,2026-08-26T19:52:31Z,30272
2026-08-24T18:47:57Z,CuteDog Loses 5 Mirrors in Path of Exile,Exiled Again,https://www.youtube.com/watch?v=R8c7y4r-rVw,2026-08-23T14:00:25Z,37539,1303.78,1303.78,44345,2026-08-25T18:45:52Z,44345
2026-08-25T01:35:50Z,[Podcast] La Era del Gaming #94 - Curse of the All Flame,KroximatuZ,https://www.youtube.com/watch?v=6Q86hi8vknk,2026-08-24T10:29:53Z,771,51.06,51.06,1512,2026-08-26T13:01:31Z,1512
2026-08-25T06:55:52Z,My Most Expensive Mistake in Path Of Exile,leLireax,https://www.youtube.com/watch?v=GRknD2fJNkU,2026-08-24T10:00:29Z,490,23.42,23.42,490,2026-08-25T06:55:52Z,490
2026-08-25T06:55:52Z,1 MILLION DPS - LAST LAMENT - ACOLYTE OF CHAYULA - 0.5 PoE2 HCSSF,MajorAimless,https://www.youtube.com/watch?v=7Roc4jDxdqA,2026-08-23T23:00:15Z,1054,33.01,39.08,1896,2026-08-26T01:40:43Z,1896
2026-08-25T06:55:52Z,POE2 Spark Gemling Legionnaire - Road to Level 100 DAY #1,Scorpius,https://www.youtube.com/watch?v=IJUzG-mGUZg,2026-08-24T18:55:37Z,1655,137.87,137.87,1806,2026-08-26T19:52:31Z,1806
2026-08-25T12:55:50Z,[Path of Exile 2] Nuova classe e spade in arrivo?!,ReVoGaming,https://www.youtube.com/watch?v=O3RXjkY9ykE,2026-08-25T06:00:22Z,383,55.31,55.31,940,2026-08-26T19:52:31Z,940
2026-08-25T12:55:50Z,What is GGG Going To REVEAL for PoE2 0.5.5?,Jorgen,https://www.youtube.com/watch?v=fMTdEcuwpj4,2026-08-23T09:21:16Z,5369,104.1,104.1,5369,2026-08-25T12:55:50Z,5369
2026-08-25T12:55:50Z,Lightning Trap of Sparking Saboteur - 1 Divine Challenge | Path of Exile 3.29,PaintMasterPoE,https://www.youtube.com/watch?v=8dmo0h8at40,2026-08-25T10:37:13Z,699,116.5,455.17,5654,2026-08-27T08:35:02Z,5654
2026-08-25T18:45:52Z,Path of Exile - EP 27 - Nuevo PJ - Actos 1 a 5 [3.29-AllFlame],Nicro4FUN,https://www.youtube.com/watch?v=C0gcGZuhdJQ,2026-08-25T12:30:09Z,116,18.52,23.53,363,2026-08-26T06:56:54Z,363
2026-08-25T18:45:52Z,B0B5 CLIP FARMING?! Path of Exile 3.29,POEClipZ,https://www.youtube.com/watch?v=mr7v2Fg3UTc,2026-08-25T18:00:25Z,152,25.33,172.84,1939,2026-08-27T08:35:02Z,1939
2026-08-25T18:45:52Z,POE 2 Abyss Farming – Session 3 | Doryani + 8-Mod Waystones | MOST Omens of Light in 10 Maps,ebollass,https://www.youtube.com/watch?v=UBJHo6rdpxI,2026-08-24T23:35:59Z,831,43.36,43.36,1209,2026-08-26T19:52:31Z,1209
2026-08-26T01:40:43Z,Diablo 4 Season 15 Prep & Path of Exile 2 New Content Reveal Stream Watch Party!,wudijo,https://www.youtube.com/watch?v=yLmzbZEQnJQ,2026-08-25T01:32:20Z,880,36.45,199.5,1529,2026-08-27T08:35:02Z,1529
2026-08-26T01:40:43Z,[PoE 1] Como funcionam animate guardian e espectros?,Melk PoE,https://www.youtube.com/watch?v=uvrUr8YNuMo,2026-08-25T17:02:04Z,404,46.74,46.74,481,2026-08-26T06:56:54Z,481
2026-08-26T01:40:43Z,Lore from the Path Of Exile 2 Release Date Teaser,Lore Of Exile,https://www.youtube.com/watch?v=NBsjXFgdjAo,2026-08-26T01:05:46Z,284,47.33,342.5,6513,2026-08-27T22:04:17Z,6513
2026-08-26T01:40:43Z,Path of Exile 2 Full Release | Play 1.0 for Free on December 11,Path of Exile,https://www.youtube.com/watch?v=BwYNNQJO-AE,2026-08-25T19:30:42Z,224296,36369.18,36369.18,387283,2026-08-26T06:56:54Z,387283
2026-08-26T06:56:54Z,[PoE 1] Caçando Aul na private de poison SRS !liga,Melk PoE,https://www.youtube.com/watch?v=YIyM_53cvLE,2026-08-26T01:12:35Z,189,31.5,31.5,189,2026-08-26T06:56:54Z,189
2026-08-26T06:56:54Z,Path of Exile 1: คำสาปแห่งออลเฟลม,PaBoy Gamer,https://www.youtube.com/watch?v=fJ3UZpihgDE,2026-08-26T03:20:18Z,262,43.67,43.67,262,2026-08-26T06:56:54Z,262
2026-08-26T06:56:54Z,Pushing to 1500 Delve depth // PoE 2 News! - welcome in!,Barricade,https://www.youtube.com/watch?v=_7le3h_1GWk,2026-08-26T04:22:43Z,954,159.0,159.0,1153,2026-08-27T08:35:02Z,1153
2026-08-26T06:56:54Z,"POE 1 AND 2 2026 Release Info: 3.30 'This Year', POE 2 11 December With Swords - Path of Exile",sirgog,https://www.youtube.com/watch?v=KiPCPZEXyOE,2026-08-26T05:08:35Z,1506,251.0,648.78,11897,2026-08-28T10:47:44Z,11897
2026-08-26T13:01:31Z,"[Path of Exile 2] Nuova classe, spade e free to play",ReVoGaming,https://www.youtube.com/watch?v=8uCl0u4sGkI,2026-08-26T10:25:28Z,241,40.17,68.78,933,2026-08-27T08:35:02Z,933
2026-08-26T13:01:31Z,Free XP/GOLD/HIVEBLOOD - Leech farm Breach,ChibaTTV,https://www.youtube.com/watch?v=8NENbxY617M,2026-08-26T06:16:40Z,453,67.13,67.13,476,2026-08-26T19:52:31Z,476
2026-08-26T13:01:31Z,Pushing to 1500 Delve depth // PoE 2 News! - welcome in!,Barricade,https://www.youtube.com/watch?v=orDUTeUcT4E,2026-08-26T08:54:19Z,425,70.83,70.83,449,2026-08-26T19:52:31Z,449
2026-08-26T13:01:31Z,O NOVO MMORPG DE LORD OF MYSTERIES BATEU 1 MILHÃO DE JOGADORES EM APENAS 1 HORA!,Mano Imp,https://www.youtube.com/watch?v=8lS8l7P6ubw,2026-08-26T10:53:49Z,431,71.83,413.21,9180,2026-08-27T22:04:17Z,9180
2026-08-26T13:01:31Z,劍與決鬥者登場！免費拿MTX 德國科隆展1分半預告片 再看一遍無限宇宙 巫師3新DLC跟全新重製 POE2 流亡黯道2,惡魔貓和幾吉和點點DevilCatwith2cats,https://www.youtube.com/watch?v=bnHZIMF8mfk,2026-08-25T22:22:00Z,13761,938.75,938.75,18341,2026-08-28T10:47:44Z,18341
2026-08-26T19:52:31Z,🟢 ¡Path of Exile 2 SERÁ GRATIS! Fecha y Nueva Clase Revelada,DonPipeloTV,https://www.youtube.com/watch?v=hah-O4WDoKQ,2026-08-26T18:33:30Z,208,34.67,156.94,7526,2026-08-29T06:35:03Z,7526
2026-08-26T19:52:31Z,[PoE 1] ยังไม่มีเงินทำแหวน !kick,Gingerhair ARPG,https://www.youtube.com/watch?v=PG293zFzSLY,2026-08-26T16:45:44Z,730,121.67,121.67,956,2026-08-27T08:35:02Z,956
2026-08-26T19:52:31Z,La Experiencia de Path Of Exile 2,MiyuGOD,https://www.youtube.com/watch?v=tXGFxwg78RU,2026-08-26T18:00:26Z,1779,296.5,765.85,35796,2026-08-29T06:35:03Z,35796
2026-08-26T19:52:31Z,PoE 1 | 3.29 CotA - UBERS vs SSF Zero to Hero Luminary Pt. 4,Pohx,https://www.youtube.com/watch?v=8k1EwZxgwks,2026-08-26T14:00:38Z,3046,507.67,507.67,16684,2026-08-29T06:35:03Z,16684
2026-08-27T08:35:02Z,Reave Juggernaut: Como Fazer uma Strength Stacker BOA por ~100 Div | Path of Exile 3.29,SasakiTV,https://www.youtube.com/watch?v=8FYz8SmLlPU,2026-08-26T08:26:37Z,859,35.58,35.58,859,2026-08-27T08:35:02Z,859
2026-08-27T08:35:02Z,Ворожей в SV 1.14b - Titan Quest - Одна Жизнь #1,Maxim Gladiator,https://www.youtube.com/watch?v=qgXF4rOHaMw,2026-08-26T18:11:01Z,578,40.14,40.14,578,2026-08-27T08:35:02Z,578
2026-08-27T08:35:02Z,"Dziś STREAM od GGG! Poznamy info o 0.5.5 Path of Exile 2, DARMOWE SKINY & Ogłoszenie LIGI PRYWATNEJ",Nadin Wins,https://www.youtube.com/watch?v=GO_DyRlqGhY,2026-08-27T04:36:18Z,389,64.83,197.98,3721,2026-08-28T10:47:44Z,3721
2026-08-27T08:35:02Z,AFK Uber Simulacrum 6x reward types - PoE 3.29 ALLFLAME League 1406,TheGAM3Report1,https://www.youtube.com/watch?v=Kd0cm_4y61I,2026-08-26T19:02:40Z,1585,117.06,158.55,4285,2026-08-27T22:04:17Z,4285
2026-08-27T08:35:02Z,Make 30+ Divs/Hr with Terror Scarabs! - PoE 3.29,Path of Evening,https://www.youtube.com/watch?v=jDMHi8SzTWk,2026-08-26T12:00:17Z,13451,653.62,653.62,21338,2026-08-27T22:04:17Z,21338
2026-08-27T08:35:02Z,8 Hours of... Simulacrum - Farming Results | Poe 3.29 Curse of the Allflame,Xperrty,https://www.youtube.com/watch?v=M_OYzxFxPxs,2026-08-26T19:00:32Z,11125,819.52,890.42,34613,2026-08-29T06:35:03Z,34613
2026-08-27T08:35:02Z,MORE Path of Exile 2 News JUST LEAKED?!,Talkative Tri,https://www.youtube.com/watch?v=AlXdEUcm5hI,2026-08-26T20:24:52Z,29154,2395.66,2395.66,45548,2026-08-28T10:47:44Z,45548
2026-08-27T22:04:17Z,BEST OF POE 3.29 LEAGUE,POEClipZ,https://www.youtube.com/watch?v=hs9iTM6gqmo,2026-08-27T12:00:38Z,880,87.47,87.47,880,2026-08-27T22:04:17Z,880
2026-08-27T22:04:17Z,The State Of Dual Wielding Has Me Worried For Swords | Path of Exile 2,KallTorak,https://www.youtube.com/watch?v=A_1-kGbrW9Q,2026-08-26T09:00:06Z,6059,163.45,163.45,6592,2026-08-28T10:47:44Z,6592
2026-08-27T22:04:17Z,1 BUTTON. 1 MACE. EVERYTHING DIES! PoE 2 Twisted Empyrean Martial Artist Bonk Build,LilBotQ,https://www.youtube.com/watch?v=7MwgOKUf4I0,2026-08-26T14:57:41Z,5665,182.1,182.1,7848,2026-08-29T06:35:03Z,7848
2026-08-27T22:04:17Z,PoE 2 Full Release Announcement | Best Streamer Reactions,POEClipZ,https://www.youtube.com/watch?v=JV8XPVriOc8,2026-08-26T18:00:01Z,6056,215.74,215.74,6923,2026-08-28T22:01:59Z,6923
2026-08-27T22:04:17Z,Почему большинство новичков игнорирует старые игры на примере Path of Exile 1?,Unstoppablebtw,https://www.youtube.com/watch?v=K_s94k_hdeA,2026-08-27T14:12:28Z,2602,330.89,330.89,4553,2026-08-28T22:01:59Z,4553
2026-08-27T22:04:17Z,1 Divine Challenge - Cold Explosive Trap Saboteur (Path of Exile 3.29),Surlamnia,https://www.youtube.com/watch?v=8vtMngO-5mk,2026-08-27T02:00:04Z,7400,368.7,368.7,8998,2026-08-29T20:44:57Z,8998
2026-08-27T22:04:17Z,Path of Exile 2: Duelist Deep Dive & 0.5.5 Event League,Path of Exile,https://www.youtube.com/watch?v=WMo3RYyr4vY,2026-08-27T20:04:18Z,37219,6203.17,32534.38,851104,2026-08-30T11:38:49Z,851104
2026-08-27T22:04:17Z,How To Make SSF Strength Stacker - From Zero to Hero | Part 1 | Path of Exile 3.29,EXILED CAT,https://www.youtube.com/watch?v=Oo7j-hC1ELk,2026-08-27T12:01:28Z,75036,7468.5,7468.5,147795,2026-08-29T20:44:57Z,147795
2026-08-28T10:47:44Z,POE2 0.5.5 IS HUGE... BUT GGG LEFT OUT ONE BIG THING,Jazzarus,https://www.youtube.com/watch?v=_IfC4rOu_uM,2026-08-28T00:15:16Z,2121,201.21,201.21,3712,2026-08-29T06:35:03Z,3712
2026-08-28T10:47:44Z,POE 2 - KILIÇLAR FANTASTİK DURUYOR - 1 AYLIK ETKİNLİK GELİYOR - YENİ BİLGİLER BURADA,Vikingli Muhtar,https://www.youtube.com/watch?v=qk8RlDzw5HA,2026-08-27T21:38:46Z,3011,228.98,228.98,6714,2026-08-30T04:47:52Z,6714
2026-08-28T10:47:44Z,How I Farm Mageblood Week 1 Every League,The Wanderer,https://www.youtube.com/watch?v=1gB0NgakUOs,2026-08-26T21:14:58Z,8614,229.42,229.42,11857,2026-08-29T16:31:25Z,11857
2026-08-28T10:47:44Z,【PoE2】0.5.5 ミニリーグが始まる アップデート内容まとめ | Path of Exile 2 Forbidden Rites 0.5.5,なこ,https://www.youtube.com/watch?v=2bHCYfmxG-w,2026-08-28T00:33:57Z,9702,948.41,948.41,13765,2026-08-28T22:01:59Z,13765
2026-08-28T10:47:44Z,"Анонс патча 0.5.5 в Path of Exile 2, часть 1",CARDIFF GAMING,https://www.youtube.com/watch?v=_nTr51b42n4,2026-08-28T02:05:25Z,12352,1418.9,1418.9,15754,2026-08-30T20:50:00Z,15754
2026-08-28T22:01:59Z,[Path of Exile 2] Panoramica 0.5.5,ReVoGaming,https://www.youtube.com/watch?v=hmheDJgYJvE,2026-08-28T10:00:26Z,1774,147.51,147.51,1774,2026-08-28T22:01:59Z,1774
2026-08-28T22:01:59Z,66K ES GiGarf Chieftain Got Sober That One Ring Craft Bad Idea and Focusing on Tree Now,CaptainLance9,https://www.youtube.com/watch?v=M2RARvIP2ys,2026-08-27T00:40:21Z,8583,189.22,189.22,8583,2026-08-28T22:01:59Z,8583
2026-08-28T22:01:59Z,#1 CAMPANHA — TUDO QUE VOCÊ PRECISA SABER PARA O POE2 0.5.5!,ChibaTTV,https://www.youtube.com/watch?v=6cfjJ_PAikE,2026-08-28T16:24:55Z,1350,225.0,225.0,4351,2026-08-31T04:51:34Z,4351
2026-08-28T22:01:59Z,5 Super Fun Off Meta (NOT STARTER) Builds For Patch 0.5.5 | Path of Exile 2,KallTorak,https://www.youtube.com/watch?v=0Ckg08yE3oE,2026-08-28T16:32:19Z,5890,981.67,1275.85,29845,2026-08-31T04:51:34Z,29845
2026-08-28T22:01:59Z,Top-Tier Mercenary Hunting Strategy in PoE 3.29,Path of Evening,https://www.youtube.com/watch?v=RSxp-I2w5S8,2026-08-28T12:00:02Z,11053,1101.71,1101.71,23474,2026-08-30T20:50:00Z,23474
2026-08-28T22:01:59Z,Path of Exile 2 JUST Dropped Sick AND Sad News...,Talkative Tri,https://www.youtube.com/watch?v=cZ4HKj2tX0U,2026-08-28T10:15:05Z,25729,2183.8,2183.8,34127,2026-08-30T20:50:00Z,34127
2026-08-29T06:35:03Z,GASTEI 10 DIVINES EM 1 MAPA E CHOVEU SCARAB ! PoE 1 3.29 Allflame scarabs farm,7Lonely Joker,https://www.youtube.com/watch?v=AxN2s30SDq4,2026-08-28T20:15:03Z,1520,147.1,147.1,5377,2026-08-31T13:14:47Z,5377
2026-08-29T06:35:03Z,Who is The Duelist in Path Of Exile?,Lore Of Exile,https://www.youtube.com/watch?v=YJEY1ePJ1Dk,2026-08-29T02:01:52Z,1699,283.17,542.76,13212,2026-08-31T13:14:47Z,13212
2026-08-29T06:35:03Z,Poe 1 no Brasil vai acabar !?,kalibar,https://www.youtube.com/watch?v=waA-_1pU85Q,2026-08-28T15:26:15Z,6873,453.76,453.76,12454,2026-08-31T04:51:34Z,12454
2026-08-29T06:35:03Z,Ich habe den DUELISTEN gespielt – So gut sind Schwerter in PoE 2!,Lowepe,https://www.youtube.com/watch?v=IgvdoNMqTUk,2026-08-27T20:00:35Z,18406,532.36,532.36,21818,2026-08-30T11:38:49Z,21818
2026-08-29T16:31:25Z,PoE 2 Lich build Lvl 1 to Maps - FULL GAMEPLAY Essence Drain & Contagion build | Preparing for 0.5.5,Byankuu,https://www.youtube.com/watch?v=slC2I5H9tWw,2026-08-27T21:37:00Z,5568,129.77,142.28,8686,2026-08-30T11:38:49Z,8686
2026-08-29T16:31:25Z,POE 2 Abyss Farming – Session 4 | Doryani + 8-Mod Waystones | Raining Omens of Light,ebollass,https://www.youtube.com/watch?v=ANe6roc5AIo,2026-08-29T00:10:06Z,3673,224.57,224.57,5816,2026-08-31T13:14:47Z,5816
2026-08-29T16:31:25Z,Path of Exile 2: Duelist Act 1+ Gameplay (Gamescom 2026),Kondyss,https://www.youtube.com/watch?v=4GVKw5rnREo,2026-08-29T11:39:54Z,3351,558.5,1710.99,57349,2026-09-01T04:30:43Z,57349
2026-08-29T16:31:25Z,Path of Exile 2 Reveal: 0.5.5 Wait is FINALLY OVER!,Talkative Tri,https://www.youtube.com/watch?v=_Y6SxCyaAEE,2026-08-27T23:22:26Z,25314,615.17,615.17,25688,2026-08-30T16:25:40Z,25688
2026-08-29T16:31:25Z,🔥【最新】《妙术惊朝》第1~6季：古穿惊世医术震朝堂！,朵朵追不停,https://www.youtube.com/watch?v=sIzQQfEizdI,2026-08-29T10:57:30Z,4846,807.67,807.67,4846,2026-08-29T16:31:25Z,4846
2026-08-29T16:31:25Z,Mercenary Twisters: Level 1 to Maps in 3:46 | Path of Exile 2,GuyThatDies,https://www.youtube.com/watch?v=C31A2pLbefk,2026-08-29T08:33:29Z,17291,2170.68,2170.68,76077,2026-08-31T22:41:01Z,76077
2026-08-29T20:44:57Z,POEGUY Refuses to Play Hero Siege - PoE 3.29,POEClipZ,https://www.youtube.com/watch?v=8dS0SmSAjYs,2026-08-27T18:00:38Z,4649,91.63,91.63,4649,2026-08-29T20:44:57Z,4649
2026-08-29T20:44:57Z,Step by step leveling guide for spirit walker from Lv1 to Maps - Path of exile 2,LLYD,https://www.youtube.com/watch?v=Lr04ZKZucEg,2026-08-29T15:07:14Z,887,147.83,250.12,9512,2026-08-31T22:41:01Z,9512
2026-08-30T04:47:52Z,ONEMANALEFT Cooking The Ultimate Cyclone Build...,POEClipZ,https://www.youtube.com/watch?v=uwTcg3EfR2g,2026-08-29T18:00:18Z,1518,140.65,140.65,4383,2026-08-31T13:14:47Z,4383
2026-08-30T04:47:52Z,PoE 2 Stormweaver build Lvl 1 to Maps - FULL GAMEPLAY Spark Sorceress build | Preparing for 0.5.5,Byankuu,https://www.youtube.com/watch?v=RPzyPCwqkp0,2026-08-29T15:54:42Z,6751,523.89,523.89,13274,2026-09-01T04:30:43Z,13274
2026-08-30T04:47:52Z,[POE2 0.5.5] 세계 스피드런 1등 빌드라고!? 이벤트리그 엑트 완벽 가이드 젬링 돌개바람 PPT포함,COCO,https://www.youtube.com/watch?v=M27aDbKUk1s,2026-08-29T23:41:03Z,3730,621.67,984.31,33051,2026-09-01T11:25:10Z,33051
2026-08-30T04:47:52Z,🔥 5 Possible Path Of Exile 2 League Starter Build Ideas To Check Out | The Forbidden Rites 0.5.5,Jorgen,https://www.youtube.com/watch?v=XLDo8lZl2FY,2026-08-29T07:39:53Z,30531,1444.69,1444.69,35825,2026-08-30T11:38:49Z,35825
2026-08-30T11:38:49Z,#강탈 헤드헌터 모조품 얻기 1일차 #반쯤스스프 # POE2 0.5.5 조금수정했다함,Catseye7 캐츠아이,https://www.youtube.com/watch?v=P8QW9ncDdQ8,2026-08-29T18:32:31Z,2095,122.48,122.48,2114,2026-08-31T13:14:47Z,2112
2026-08-30T16:25:40Z,ТАК СКОЛЬКО ЖЕ СТОИТ ОДОЛЖИТЬ СТРИМЕРА? | Path of Exile 1,Тупой Горностай,https://www.youtube.com/watch?v=oyIYEcCzoG4,2026-08-30T14:00:37Z,1527,254.5,1202.08,19297,2026-09-01T20:51:21Z,19297
2026-08-30T16:25:40Z,HUGE AOE! Lightning Tendrils of Escalation Elementalist - 1 Divine Challenge | Path of Exile 3.29,PaintMasterPoE,https://www.youtube.com/watch?v=tPy-ugG4M-U,2026-08-30T11:43:37Z,3524,587.33,999.5,17313,2026-09-01T16:22:34Z,17313
2026-08-30T16:25:40Z,Planetary Rage Vortex | 1-button build* | Path of Exile 3.29 Allflame,Shiaxu,https://www.youtube.com/watch?v=Zn_Q6O0Y1OA,2026-08-30T10:16:58Z,5111,831.72,2283.93,37869,2026-09-01T16:22:34Z,37869
2026-08-30T16:25:40Z,[0.5.5] LEVEL 1 TO MAPS Mercenary/Gemling Twister League Start Comprehensive Guide | Path Of Exile 2,Phalanx,https://www.youtube.com/watch?v=-LdhCcchjdE,2026-08-30T10:00:28Z,10607,1652.15,2660.34,56336,2026-09-01T16:22:34Z,56336
2026-08-30T20:50:00Z,"PoE 2 : Forbidden Rites le 4 septembre, vos builds ne bougent pas",Kami Labs,https://www.youtube.com/watch?v=nI7CUAD4vLE,2026-08-30T17:28:14Z,883,147.17,243.65,8945,2026-09-01T20:51:21Z,8945
2026-08-31T04:51:34Z,"[POE 3.29] Farm submarino, el meta de las estrategias usadas | Path of Exile 1",AldoUY POE,https://www.youtube.com/watch?v=__OwEMybKq8,2026-08-30T19:00:18Z,1490,151.2,191.81,6519,2026-09-01T11:25:10Z,6519
2026-08-31T04:51:34Z,GGG Dev CAN'T TAKE IT Anymore! Path of Exile,POEClipZ,https://www.youtube.com/watch?v=VohmAM-HZwA,2026-08-30T18:00:24Z,5722,527.23,527.23,9034,2026-09-02T03:53:48Z,9034
2026-08-31T13:14:47Z,PoE 1 | Witch Ice Golem of The Hordes Build | Curse of The Allflame,Syn Blackblade,https://www.youtube.com/watch?v=msmdFKheOTc,2026-08-29T11:25:23Z,2150,43.15,43.15,2150,2026-08-31T13:14:47Z,2150
2026-08-31T13:14:47Z,Get Max Damage on a Luminary Merc Build - PoE 3.29,Path of Evening,https://www.youtube.com/watch?v=Hw82Yj3OHXU,2026-08-31T12:00:37Z,739,123.17,898.3,19552,2026-09-02T20:51:06Z,19552
2026-08-31T13:14:47Z,❣️【新番上線】第1~6季《塵途謀安》廣拓生計策劃前路，抽絲剝繭查明陰謀,滿滿動漫,https://www.youtube.com/watch?v=7H5vBn6gGq0,2026-08-29T08:54:39Z,336867,6436.65,6436.65,336867,2026-08-31T13:14:47Z,336867
2026-08-31T22:41:01Z,POE 2 Abyss Farming – Session 5 | Doryani + 8-Mod Waystones |Omens of Light to the Rescue in the End,ebollass,https://www.youtube.com/watch?v=MZdO8iPyppY,2026-08-30T21:48:25Z,2623,105.44,105.44,3252,2026-09-01T11:25:10Z,3252
2026-08-31T22:41:01Z,[Path of Exile 2] Top 5 build per la 0.5.5,ReVoGaming,https://www.youtube.com/watch?v=VYjGmO0SuRc,2026-08-31T15:29:58Z,1074,149.49,149.49,2141,2026-09-01T11:25:10Z,2141
2026-08-31T22:41:01Z,"Cyclone Is BACK... In PoE 1 And It's Got That Old Legion Feel As Echoforge Slayer, Crushing The Game",Mathilification,https://www.youtube.com/watch?v=eV_-tVk-b_o,2026-08-31T21:26:27Z,2221,370.17,3017.77,68339,2026-09-03T20:48:02Z,68339
2026-08-31T22:41:01Z,Мой стартер лиги 0.5.5 в PoE 2!,100chastic,https://www.youtube.com/watch?v=MIVT5bvrONk,2026-08-31T10:22:12Z,8188,664.95,664.95,15266,2026-09-02T20:51:06Z,15266
2026-08-31T22:41:01Z,Lvl 1 to Tier 15 | Galvanic Shards Leaguestart Leveling,Tuadh,https://www.youtube.com/watch?v=8LQfKdRmMUw,2026-08-30T04:33:40Z,28737,682.22,682.22,31251,2026-09-01T11:25:10Z,31251
2026-08-31T22:41:01Z,The League Starter That Will End All League Starters - Prep Day 1 | Podcast Thursday!,KallTorak,https://www.youtube.com/watch?v=xDoQYIAg3zM,2026-08-31T16:26:31Z,4953,793.52,793.52,6676,2026-09-02T03:53:48Z,6676
2026-08-31T22:41:01Z,POE 2 0.5.5 Teaser Season - Day 1 - An FAQ - Path of Exile,sirgog,https://www.youtube.com/watch?v=y8yP3tblaTI,2026-08-31T13:15:06Z,13839,1467.22,1467.22,19786,2026-09-02T20:51:06Z,19786
2026-09-01T04:30:43Z,Original Sin DOUBLE CORRUPTED ... PoE 3.29,POEClipZ,https://www.youtube.com/watch?v=o5y9IlLne-k,2026-08-31T18:00:15Z,1513,143.99,267.25,6659,2026-09-02T10:58:57Z,6659
2026-09-01T04:30:43Z,Fortification/Frenzy stacking Flicker Strike Champion - Path of Exile 3.29 Allflame Build Showcase,RebirthOfShien,https://www.youtube.com/watch?v=ZLqkoLCNMFA,2026-08-31T19:34:27Z,1883,210.68,480.9,17095,2026-09-03T16:10:13Z,17095
2026-09-01T04:30:43Z,ONE Chart To A MIRROR Challenge! Streamer Client Is OP! [EP4] *Path Of Exile 3.29*,Cleddyf,https://www.youtube.com/watch?v=Yg4A9UuCknk,2026-08-31T22:22:18Z,1596,259.92,481.77,10509,2026-09-03T03:52:32Z,10509
2026-09-01T04:30:43Z,PoE 2 Announcements/News catch-up then Albion Online new Royal Hunt Event start! #ad,wudijo,https://www.youtube.com/watch?v=21SW-KY27d4,2026-08-31T22:39:02Z,7370,1228.33,1228.33,9607,2026-09-03T03:52:32Z,9607
2026-09-01T11:25:10Z,The Most Insane SSF League Starter | Varashta Complete Campaign Guide (PoE 2 0.5.5),Blazeworks TV,https://www.youtube.com/watch?v=d2QbaO-sJ3o,2026-08-31T17:00:14Z,51730,2809.03,2845.56,147065,2026-09-03T20:48:02Z,147065
2026-09-01T16:22:34Z,Path of Exile 2 Just Got SURPRISING News For 1.0,Talkative Tri,https://www.youtube.com/watch?v=HUDqw-Z-thc,2026-08-30T10:00:14Z,45643,839.45,839.45,45643,2026-09-01T16:22:34Z,45643
2026-09-01T16:22:34Z,Best AS ever?? Luminary Armour Stack Low budget Guide - 3.29 Allflame – Path of Exile,Bigdaddy,https://www.youtube.com/watch?v=Vjb8i90tc1U,2026-08-31T07:12:51Z,30671,924.88,924.88,35205,2026-09-02T16:19:52Z,35205
2026-09-01T16:22:34Z,"[3.29] Mapping, and Boss rushing with EK Mines | Path of Exile 1 | Part 2",Kankar,https://www.youtube.com/watch?v=P0AwE9ZdlYs,2026-09-01T13:31:14Z,6184,1030.67,4324.59,53710,2026-09-04T03:54:45Z,53710
2026-09-01T16:22:34Z,PoE 2 - I interviewed Jonathan for 1h at Gamescom,wudijo,https://www.youtube.com/watch?v=776nYImtNkw,2026-09-01T11:01:39Z,8416,1402.67,1413.23,35766,2026-09-04T03:54:45Z,35766
2026-09-01T16:22:34Z,POE 2 Patch 0.5.5 - 4 Starter Builds Tested From LvL 1 to Tier 15 & Delirium 200%,P4wnyhof,https://www.youtube.com/watch?v=Fv18gUaJBwE,2026-09-01T08:20:08Z,26798,3332.78,3351.55,111571,2026-09-04T03:54:45Z,111571
2026-09-01T20:51:21Z,Testando nosso League Starter da 0.5.5,ChibaTTV,https://www.youtube.com/watch?v=N141_zQrFKI,2026-09-01T02:40:35Z,3434,188.89,188.89,3434,2026-09-01T20:51:21Z,3434
2026-09-01T20:51:21Z,[PATH OF EXILE 1 – 3.29] – EK IGNITE AUTOBOMBER ELEMENTALIST – ASPIRATIONAL VERSION!,mbXtreme,https://www.youtube.com/watch?v=gJvTPkBCBzI,2026-09-01T18:45:24Z,2081,346.83,1639.92,32240,2026-09-04T10:57:57Z,32240
2026-09-01T20:51:21Z,[0.5.5] Glacial Bolt Gemling - 1 Button All Content EZ - League Start to Endgame Build Guide PoE 2,josiahyeet,https://www.youtube.com/watch?v=RQ60wImgRgA,2026-08-30T22:43:52Z,55564,1204.64,1204.64,58885,2026-09-02T10:58:57Z,58885
2026-09-01T20:51:21Z,This Path of Exile 2 Jonathan Chat is PACKED w/ Info!,Talkative Tri,https://www.youtube.com/watch?v=e6tAzALOeQQ,2026-08-31T19:15:29Z,43531,1700.56,1700.56,46821,2026-09-03T20:48:02Z,46821
2026-09-02T03:53:48Z,Path of Exile 1 Build Showcase: Luminary Facebreaker,Path of Exile,https://www.youtube.com/watch?v=twrt5e11uSo,2026-09-01T22:39:41Z,3514,585.67,833.76,22176,2026-09-04T10:57:57Z,22176
2026-09-02T03:53:48Z,"Cats on Crit - 5, 50, 500 Divines | PoE Allflame 3.29",xRoGeSx,https://www.youtube.com/watch?v=4JZoTFnCmYI,2026-09-01T16:00:05Z,25109,2110.82,2110.82,59393,2026-09-04T03:54:45Z,59393
2026-09-02T03:53:48Z,Path of Exile 1 Build Showcase: Luminary Facebreaker,Path of Exile,https://www.youtube.com/watch?v=6DvOsfiUKw4,2026-09-01T22:25:17Z,39203,6533.83,7556.66,167181,2026-09-04T10:57:57Z,167181
2026-09-02T10:58:57Z,GGG özel röportajları! 1.0 bilinmeyen detaylar - Path of Exile 2 Türkçe (PoE2),Swordorin2,https://www.youtube.com/watch?v=exbeEUVlVsI,2026-09-02T04:00:05Z,1682,240.93,256.53,4071,2026-09-03T03:52:32Z,4071
2026-09-02T10:58:57Z,0.5.5 PRACTICE RUN#1 - POEGuy's Warbringer Ballista starter. From lvl 1 to Waystone 15 progression,POEGuy,https://www.youtube.com/watch?v=VWQW_F44scw,2026-09-01T18:44:38Z,7512,462.6,462.6,7842,2026-09-03T10:57:48Z,7842
2026-09-02T16:19:52Z,POE 2 0.5.5 WARBRINGER EARTHSHATTER | LEAGUE STARTER → 94% BLOCK ENDGAME,Ulfhednar,https://www.youtube.com/watch?v=Nb4hId9DILE,2026-09-01T18:22:34Z,14930,680.02,685.27,26912,2026-09-04T10:57:57Z,26912
2026-09-02T16:19:52Z,I spoke with Jonathan at Gamescom - Let's talk about the future of POE,Crouching_Tuna,https://www.youtube.com/watch?v=shYLFxuuizY,2026-08-31T08:34:43Z,38683,693.83,693.83,38683,2026-09-02T16:19:52Z,38683
2026-09-02T16:19:52Z,[0.5.5] Level 1 TO MAPS Infernalist Spark League Start Comprehensive Guide | Path Of Exile 2,Phalanx,https://www.youtube.com/watch?v=439ocVnTueI,2026-09-02T10:00:19Z,4782,755.93,1179.63,29550,2026-09-04T16:05:01Z,29550
2026-09-03T03:52:32Z,0.5.5 PRACTICE RUN#1 - POEGuy's Warbringer Ballista starter. From lvl 1 to Waystone 15 progression,POEGuy,https://www.youtube.com/watch?v=m3Jdp6lCZqc,2026-09-02T16:05:12Z,3735,316.82,316.82,3794,2026-09-03T10:57:48Z,3794
2026-09-03T03:52:32Z,0.5.5 ARC Stormweaver League Starte Build Guide - Path Of Exile 2,Mekuna,https://www.youtube.com/watch?v=PpOZMuh6Lmc,2026-09-02T18:30:02Z,3131,333.97,515.0,15462,2026-09-04T16:05:01Z,15462
2026-09-03T03:52:32Z,Zagrał AKT 1/2 MIECZEM! z @Kondyss @Darthian,Piotr Maciejczak,https://www.youtube.com/watch?v=ucEvbw9tgaw,2026-09-02T05:45:17Z,12600,569.6,569.6,14070,2026-09-04T03:54:45Z,14070
2026-09-03T10:57:48Z,Toxic Rain Journey [From Zero to Hero] PART 1- Got Mageblood?!? | PoE 3.29,EXILED DOG,https://www.youtube.com/watch?v=4l10mrqw3HU,2026-09-02T21:54:38Z,4543,348.05,348.05,6005,2026-09-03T16:10:13Z,6005
2026-09-03T10:57:48Z,How to Level the Strongest League Starter! Flameblast & Oil Grenade Gemling | PoE 2 0.5.5,Peuget2,https://www.youtube.com/watch?v=6XZgDnpPDPc,2026-09-02T14:00:05Z,18589,886.79,886.79,26624,2026-09-04T10:57:57Z,26624
2026-09-03T10:57:48Z,Ice Nova Chronomancer Build Guide 0.5.5 - Path of Exile 2,Ky - Path of Exile,https://www.youtube.com/watch?v=xoD2Xm2lzco,2026-09-03T05:39:15Z,7141,1190.17,1521.57,44324,2026-09-05T03:52:06Z,44324
2026-09-03T16:10:13Z,POE2ビルド解説『ソーサラースターター　ヴァラシュタミニオンビルド　レベル１～ACT攻略まで　初心者向け🔰丁寧に解説』ARPG　パスオブエグザイル２【Path of Exile 2】,タカピィTKAP,https://www.youtube.com/watch?v=Vo1sBP_-Uow,2026-09-03T09:50:47Z,2615,413.51,413.51,3622,2026-09-03T20:48:02Z,3622
2026-09-03T16:10:13Z,The League Starter That Will END All League Starters - Culling Dragon Witch Hunter | Path of Exile 2,KallTorak,https://www.youtube.com/watch?v=cklQJ-rrjiI,2026-09-03T03:19:41Z,12420,967.12,967.12,14451,2026-09-03T20:48:02Z,14451
2026-09-03T16:10:13Z,🔴Gemling Floor Is Lava Level 1 to T15 Prep !starter | Path Of Exile 2,Phalanx,https://www.youtube.com/watch?v=r_R-CF4sOKo,2026-09-03T13:51:46Z,11987,1997.83,1997.83,12998,2026-09-04T20:35:18Z,12894
2026-09-03T20:48:02Z,POE2 Plants Leveling Guide - From Level 1 to Maps - Complete & Detailed,Scorpius,https://www.youtube.com/watch?v=UMLk2w1ReKI,2026-09-03T13:27:02Z,7753,1054.8,1054.8,26622,2026-09-05T03:52:06Z,26622
2026-09-03T20:48:02Z,"[PoE 2] - POEGUY's 0.5.5 STARTER // CHEAP, LAZY, TANKY & DOES ALL CONTENT. // Reminder + Showcase",POEGuy,https://www.youtube.com/watch?v=Tck6oxQ_qEQ,2026-09-02T09:08:54Z,39091,1096.45,1096.45,42881,2026-09-04T03:54:45Z,42881
2026-09-03T20:48:02Z,Arc Totem Gemling Legionnaire Build Guide 0.5.5 - Path of Exile 2,Ky - Path of Exile,https://www.youtube.com/watch?v=t6HXjq8Wnsg,2026-09-03T00:30:13Z,52341,2578.74,2578.74,92802,2026-09-05T03:52:06Z,92802
2026-09-04T03:54:45Z,SpicySushi FACE REVEAL? Path of Exile,POEClipZ,https://www.youtube.com/watch?v=UE6RH79lYC4,2026-09-03T17:00:08Z,3002,275.15,275.15,3002,2026-09-04T03:54:45Z,3002
2026-09-04T03:54:45Z,MAGICIENNE - VARASHTA LEVELING ★ PATH OF EXILE 2,Talion,https://www.youtube.com/watch?v=tzQY6ZczFjg,2026-09-03T16:12:56Z,5607,479.35,479.35,9006,2026-09-04T16:05:01Z,9006
2026-09-04T03:54:45Z,Варашта - один из лучших стартеров для  новичков в патче 0.5.5 Path of Exile 2,poe bota,https://www.youtube.com/watch?v=sJw_byzmUSQ,2026-09-03T10:48:52Z,33806,1977.16,1977.16,50068,2026-09-05T03:52:06Z,50068
2026-09-04T10:57:57Z,Step by step leveling guide for Gemling Iceshot Snipe from Lv1 to Maps - Path of exile 2,LLYD,https://www.youtube.com/watch?v=Q_1sxnT0YSA,2026-09-03T18:06:08Z,10585,627.68,627.68,16365,2026-09-05T10:19:22Z,16365
2026-09-04T10:57:57Z,"PoE 2 Patch Notes/Prep, then new roguelike SlashZero and more Albion Online!",wudijo,https://www.youtube.com/watch?v=Te_EWVBT_3o,2026-09-03T22:19:13Z,9194,727.05,727.05,9854,2026-09-04T20:35:18Z,9784
2026-09-04T10:57:57Z,8 Hours of... Beyond Abyss - Farming Results | Poe 3.29 Curse of the Allflame,Xperrty,https://www.youtube.com/watch?v=RHbaJZTWBHs,2026-09-03T19:00:11Z,20252,1268.69,1268.69,26179,2026-09-05T10:19:22Z,26179
2026-09-04T10:57:57Z,#1 Gemling Twister for 0.5.5 - Path of Exile 2,Redviles,https://www.youtube.com/watch?v=lEGb4tbCkCo,2026-09-04T01:06:21Z,15954,1618.03,1618.03,37983,2026-09-05T14:54:55Z,37983
2026-09-04T10:57:57Z,The PoE 1 Speedrun Meta is Being Redefined! - PATH of EXILE Exilecon Race Qualifier 1,ZiggyD Gaming,https://www.youtube.com/watch?v=Nec2Pd37KOM,2026-09-04T01:42:01Z,18026,1945.46,2344.99,46179,2026-09-05T14:54:55Z,46179
2026-09-04T10:57:57Z,[PoE 2] My secret 1-Button League Starter that Destroy All Content | 0.5.5 Forbidden Rites,Lazy Exile,https://www.youtube.com/watch?v=BFI08cBjUTs,2026-09-04T04:06:34Z,17828,2600.16,4717.45,96016,2026-09-05T14:54:55Z,96016
2026-09-04T10:57:57Z,Testing My PoE 2 0.5.5 Supporting Fire Merc Starter BEFORE Launch - Act 1 to Mapping Speedrun,P4wnyhof,https://www.youtube.com/watch?v=xgP90rf6eI8,2026-09-03T20:59:19Z,62120,4444.34,4444.34,64552,2026-09-05T14:54:55Z,64552
2026-09-04T16:05:01Z,【PoE2】グリムピラートーテム オラクル ビルドガイド | Path of Exile 2 Forbidden Rites 0.5.5,なこ,https://www.youtube.com/watch?v=mqnPm4LHLnw,2026-09-03T09:00:29Z,13173,423.9,423.9,13528,2026-09-04T20:35:18Z,13528
2026-09-04T16:05:01Z,🔴LVL 1 To MAP Gemling Twister Last Prep !starter | Path Of Exile 2,Phalanx,https://www.youtube.com/watch?v=MGJS2p-otLQ,2026-09-04T08:46:36Z,3967,542.9,542.9,4395,2026-09-04T20:35:18Z,4395
2026-09-04T16:05:01Z,1-BUTTON – ALLES WEG! Mein Starter fürs 0.5.5 Event | Supporting Fire Taktiker PoE 2,terence_,https://www.youtube.com/watch?v=UyRXqx2sG24,2026-09-04T06:00:27Z,7912,785.22,785.22,12839,2026-09-05T10:19:22Z,12839
2026-09-04T16:05:01Z,"[0.5.5] ""The Undertaker"" - Zombie + Unearth Gemling - Lvl 1 to End Game Guide - PoE 2 Build",josiahyeet,https://www.youtube.com/watch?v=OEy_luqRsT4,2026-09-03T07:53:07Z,25753,799.82,799.82,27057,2026-09-05T03:52:06Z,27057
2026-09-04T16:05:01Z,[PoE 2] Shield Wall Titan - League Starter You Cant Go Wrong With And My Plans For 0.5.5,Carnarius,https://www.youtube.com/watch?v=BTBY72GyrGI,2026-09-04T07:56:38Z,8617,1058.62,1134.17,21022,2026-09-05T14:54:55Z,21022
2026-09-04T20:35:18Z,poe.ninja: Offensive Stats and Traits,poeninja,https://www.youtube.com/watch?v=sfQ-uPvfG90,2026-09-04T14:49:13Z,2502,417.0,417.0,2502,2026-09-04T20:35:18Z,2502
2026-09-04T20:35:18Z,PoE2 [0.5.5] - Ember Fusillade is a Powerhouse on Any Class - Campaign Levelling and Endgame Setup,Caliathlol,https://www.youtube.com/watch?v=F3uHHAMSmQ8,2026-09-04T01:14:46Z,15598,806.42,806.42,15598,2026-09-04T20:35:18Z,15598
2026-09-04T20:35:18Z,LV 1 → TIER 15 LAST PREP [POE 2 0.5.5],Master_Viet(NEWBIE LEVELING POE),https://www.youtube.com/watch?v=x4uv2PQ9svc,2026-09-04T15:32:25Z,9887,1647.83,1647.83,10055,2026-09-05T14:54:55Z,10055
2026-09-05T03:52:06Z,FASTEST 0.5.5 Huntress & Spirit Walker PURE Minions LEVELING Build & Plans,Mattjestic Life,https://www.youtube.com/watch?v=EqhDi5DEzXY,2026-09-04T12:00:37Z,9629,607.2,607.2,12588,2026-09-05T14:54:55Z,12588
2026-09-05T03:52:06Z,"PoE 2 - No Flasks, No Fun: Hardcore Nuzlocke Challenge Run",Lolcohol,https://www.youtube.com/watch?v=aoHVjpkNU70,2026-09-03T19:06:21Z,25718,784.98,784.98,27011,2026-09-05T10:19:22Z,27011
2026-09-05T03:52:06Z,Path of Exile 2 - Forbidden Rites - Dia 1,Jogatinas Saudáveis,https://www.youtube.com/watch?v=wgqxZL3Stwc,2026-09-05T01:05:08Z,6151,1025.17,1025.17,6535,2026-09-05T14:54:55Z,6535
2026-09-05T03:52:06Z,[IMPORTANT!] Ranking POE2 0.5.5 League Starter - Best and Worst Builds!,Path of Dan,https://www.youtube.com/watch?v=OvE27rUu-0g,2026-09-03T10:18:59Z,51579,1241.31,1241.31,51579,2026-09-05T03:52:06Z,51579
2026-09-05T03:52:06Z,"[PoE 2] - Cheap, Tanky, One-button 0.5.5 league-starter // A well-tested build since Patch 0.3.",POEGuy,https://www.youtube.com/watch?v=obkVjAMTaHk,2026-09-04T12:01:41Z,21730,1371.82,1371.82,23870,2026-09-05T14:54:55Z,23870
2026-09-05T03:52:06Z,PoE2 - New 0.5.5 Event Launch LOGIN,wudijo,https://www.youtube.com/watch?v=rJe-q-z6-kc,2026-09-04T23:59:59Z,8663,1443.83,1443.83,10181,2026-09-05T14:54:55Z,10181
2026-09-05T03:52:06Z,High Budget Luminary Armour Stacker Guide - 3.29 Allflame – Path of Exile,Bigdaddy,https://www.youtube.com/watch?v=KoXvXqrqpco,2026-09-04T13:28:08Z,30344,2107.3,2107.3,35002,2026-09-05T14:54:55Z,35002
2026-09-05T03:52:06Z,PoE 2 0.5.5 LIVE - Supporting Fire Merc is My #1 Starter Build!,P4wnyhof,https://www.youtube.com/watch?v=suhQ0XGgwSg,2026-09-05T03:15:15Z,61442,10240.33,10240.33,73300,2026-09-05T14:54:55Z,73300
2026-09-05T10:19:22Z,Path of Exile 2 : Forbidden Rites Day 1! (Boss Rush & Chaos Trial Updates!),Ginger Gaming Mentor,https://www.youtube.com/watch?v=EeuPKiuKuo8,2026-09-05T07:39:54Z,2165,360.83,360.83,2165,2026-09-05T10:19:22Z,2165
2026-09-05T10:19:22Z,The League Starter That Will End All League Starters - Day 1 Culling Dragon | Path of Exile 2,KallTorak,https://www.youtube.com/watch?v=or2GS8ITh7M,2026-09-05T05:23:13Z,2848,474.67,474.67,2848,2026-09-05T10:19:22Z,2848
2026-09-05T10:19:22Z,🔵Path of Exile 2: 0.5.5 Dia 1! Campanha no modo Izi com os Lacaios de Djin!,Talion Oak,https://www.youtube.com/watch?v=B0cW7ixuzN0,2026-09-05T07:18:02Z,4394,732.33,732.33,4436,2026-09-05T14:54:55Z,4436
2026-09-05T10:19:22Z,The Easy S-Tier League Start – Gemling Twister | PoE 2 0.5.5,anime princess,https://www.youtube.com/watch?v=-2McWzd0w-8,2026-09-03T19:21:35Z,40564,1041.09,1041.09,43751,2026-09-05T14:54:55Z,43751
2026-09-05T10:19:22Z,Path of Exile 2 | New League Launch! Snipe Gemling Day 1! Melt Everything! (PoE 2 0.5.5),SiahZ,https://www.youtube.com/watch?v=Er9bKz2Ge2k,2026-09-05T07:10:03Z,7521,1253.5,1253.5,7745,2026-09-05T14:54:55Z,7745
2026-09-05T14:54:55Z,Day 1 Build Update - Gemling Twister - Path of Exile 2,GuyThatDies,https://www.youtube.com/watch?v=Dh_H52nttb4,2026-09-05T11:23:04Z,4143,690.5,690.5,4143,2026-09-05T14:54:55Z,4143
2026-09-05T14:54:55Z,SO VIEL LOOT im Forbidden Rites Event | 1. Eindruck zu PoE 2 0.5.5,Lowepe,https://www.youtube.com/watch?v=WNgzekfJbvs,2026-09-05T09:31:03Z,5667,944.5,944.5,5667,2026-09-05T14:54:55Z,5667
2026-09-05T14:54:55Z,Grim Pillars Totems Oracle | Day 1 Update & Tips | Path of Exile 2,Palsteron,https://www.youtube.com/watch?v=U5-ZpM6P1sU,2026-09-05T09:13:29Z,10382,1730.33,1730.33,10382,2026-09-05T14:54:55Z,10382
2026-09-05T14:54:55Z,"This Merc Build is Easy Mode in Path of Exile 2, Tactician Act 1 to Endgame!",P4wnyhof,https://www.youtube.com/watch?v=JcTnJcvG4BI,2026-09-05T08:38:35Z,11116,1772.19,1772.19,11116,2026-09-05T14:54:55Z,11116
2026-09-05T14:54:55Z,Flameblast gemling 0.5.5 Launch - !guide !filter poe2 - part 1,Fubgun,https://www.youtube.com/watch?v=OyAOw_aCQJA,2026-09-05T07:00:01Z,83924,10602.83,10602.83,83924,2026-09-05T14:54:55Z,83924
